Date,Pond_ID,Pond_Type,Target_Species,Season,Water_Temp_C,Weather_Condition,Rainfall_mm,pH_Level,Ammonia_ppm,Dissolved_Oxygen_mgL,Mortality_Count,Fish_Count,Daily_Feed_kg,Est_Avg_Weight_g,Feed_Cost_NPR,Labor_Cost_NPR,Market_Price_NPR,Estimated_Revenue_NPR,Daily_Profit_Loss_NPR,Stocking_Density,Harvest_Ready
2022-01-01,GrowOut-A,Farming,Pangasius,Winter,17.0,Cold,0.0,7.1,0.04,11.2,0,9800,4.1,32.7,401,496,195,62490,-1402,Low,No
2022-01-02,GrowOut-A,Farming,Pangasius,Winter,15.7,Cold,0.0,7.2,0.01,11.1,0,9800,2.1,15.5,203,555,194,29469,-1539,Low,No
2022-01-03,GrowOut-A,Farming,Pangasius,Winter,18.1,Sunny,0.0,8.0,0.0,10.9,0,9800,4.2,34.6,434,652,195,66121,-1129,Low,No
2022-01-04,GrowOut-A,Farming,Pangasius,Winter,17.4,Cold,0.0,7.2,0.01,10.8,1,9799,4.0,32.6,414,575,200,63896,-917,Low,No
2022-01-05,GrowOut-A,Farming,Pangasius,Winter,19.6,Partly Cloudy,0.0,7.6,0.01,9.9,0,9799,3.5,28.4,358,605,196,54545,-1070,Low,No
2022-01-06,GrowOut-A,Farming,Pangasius,Winter,17.5,Sunny,0.0,7.0,0.04,10.5,2,9797,4.9,35.5,556,485,197,68529,-1075,Low,No
2022-01-07,GrowOut-A,Farming,Pangasius,Winter,15.9,Sunny,0.0,7.6,0.01,11.2,2,9795,6.7,47.6,662,481,198,92335,-1780,Low,No
2022-01-08,GrowOut-A,Farming,Pangasius,Winter,18.0,Partly Cloudy,0.0,7.6,0.04,10.7,0,9795,3.6,27.5,404,621,201,54142,-1394,Low,No
2022-01-09,GrowOut-A,Farming,Pangasius,Winter,15.2,Cloudy,0.0,7.2,0.03,11.8,2,9793,3.6,25.5,390,766,199,49705,-1780,Low,No
2022-01-10,GrowOut-A,Farming,Pangasius,Winter,17.3,Sunny,0.0,7.3,0.02,10.9,0,9793,6.5,46.5,649,658,198,90164,-1068,Low,No
2022-01-11,GrowOut-A,Farming,Pangasius,Winter,15.6,Sunny,0.0,7.4,0.01,11.8,2,9791,5.5,41.2,558,796,190,76660,-1411,Low,No
2022-01-12,GrowOut-A,Farming,Pangasius,Winter,16.0,Cold,0.0,8.0,0.02,11.1,1,9790,5.6,44.3,539,861,194,84146,-1580,Low,No
2022-01-13,GrowOut-A,Farming,Pangasius,Winter,17.4,Cloudy,0.0,7.2,0.03,11.8,0,9790,6.0,44.4,676,739,197,85631,-1517,Low,No
2022-01-14,GrowOut-A,Farming,Pangasius,Winter,17.1,Cold,0.0,7.6,0.02,11.2,0,9790,3.9,29.2,429,643,195,55744,-1657,Low,No
2022-01-15,GrowOut-A,Farming,Pangasius,Winter,15.1,Cold,0.0,7.3,0.03,11.8,1,9789,6.9,50.8,724,790,201,99964,-2418,Low,No
2022-01-16,GrowOut-A,Farming,Pangasius,Winter,16.9,Sunny,0.0,7.1,0.04,11.1,0,9789,4.9,40.0,524,623,197,77137,-1342,Low,No
2022-01-17,GrowOut-A,Farming,Pangasius,Winter,16.2,Sunny,0.0,7.1,0.01,10.7,2,9787,5.8,42.5,660,756,204,84871,-1243,Low,No
2022-01-18,GrowOut-A,Farming,Pangasius,Winter,18.3,Cloudy,0.0,7.2,0.02,10.7,1,9786,7.1,53.0,723,582,208,107892,-1215,Low,No
2022-01-19,GrowOut-A,Farming,Pangasius,Winter,16.8,Sunny,0.0,7.4,0.02,11.3,0,9786,6.0,48.0,630,530,200,93946,-2130,Low,No
2022-01-20,GrowOut-A,Farming,Pangasius,Winter,16.9,Sunny,0.0,7.6,0.03,11.3,1,9785,4.7,37.3,504,519,201,73369,-1847,Low,No
2022-01-21,GrowOut-A,Farming,Pangasius,Winter,16.3,Sunny,0.0,7.4,0.04,11.5,1,9784,6.1,43.2,639,500,206,87079,-1087,Low,No
2022-01-22,GrowOut-A,Farming,Pangasius,Winter,15.3,Cloudy,0.0,7.5,0.08,11.7,2,9782,6.4,46.0,681,485,206,92713,-1707,Low,No
2022-01-23,GrowOut-A,Farming,Pangasius,Winter,15.1,Cold,0.0,7.4,0.04,10.7,0,9782,6.9,51.7,673,747,197,99629,-2106,Low,No
2022-01-24,GrowOut-A,Farming,Pangasius,Winter,15.6,Cloudy,0.0,7.4,0.03,12.0,2,9780,5.3,43.4,606,868,211,89578,-1900,Low,No
2022-01-25,GrowOut-A,Farming,Pangasius,Winter,14.5,Cold,0.0,7.3,0.03,11.8,0,9780,5.0,40.5,542,618,200,79218,-1915,Low,No
2022-01-26,GrowOut-A,Farming,Pangasius,Winter,15.7,Cold,0.0,7.0,0.04,11.3,1,9779,5.1,36.3,487,699,210,74553,-1799,Low,No
2022-01-27,GrowOut-A,Farming,Pangasius,Winter,15.2,Cold,0.0,7.5,0.03,10.9,1,9778,8.2,62.6,790,464,192,117536,-1616,Low,No
2022-01-28,GrowOut-A,Farming,Pangasius,Winter,14.5,Cold,0.0,7.7,0.01,11.6,0,9778,8.0,60.8,846,776,207,123062,-2110,Low,No
2022-01-29,GrowOut-A,Farming,Pangasius,Winter,16.4,Cloudy,0.0,7.6,0.05,10.5,1,9777,6.8,50.7,701,492,202,100140,-1665,Low,No
2022-01-30,GrowOut-A,Farming,Pangasius,Winter,16.9,Cloudy,0.0,7.2,0.02,10.7,0,9777,7.5,61.5,721,744,207,124466,-2116,Low,No
2022-01-31,GrowOut-A,Farming,Pangasius,Winter,17.3,Cloudy,0.0,7.6,0.04,10.6,2,9775,8.6,67.6,836,536,210,138794,-1546,Low,No
2022-02-01,GrowOut-A,Farming,Pangasius,Winter,15.5,Cloudy,0.0,7.3,0.02,11.8,0,9775,8.9,64.6,1001,484,203,128187,-1611,Low,No
2022-02-02,GrowOut-A,Farming,Pangasius,Winter,16.0,Sunny,0.0,7.5,0.05,11.5,0,9775,7.1,50.4,751,457,199,98039,-769,Low,No
2022-02-03,GrowOut-A,Farming,Pangasius,Winter,14.8,Cold,0.0,7.6,0.02,11.8,0,9775,6.5,48.7,645,630,203,96637,-1327,Low,No
2022-02-04,GrowOut-A,Farming,Pangasius,Winter,17.0,Cold,0.0,7.5,0.04,11.3,0,9775,8.7,70.8,963,655,197,136338,-1450,Low,No
2022-02-05,GrowOut-A,Farming,Pangasius,Winter,14.7,Sunny,0.0,7.3,0.05,11.4,0,9775,8.5,60.6,930,520,199,117881,-1655,Low,No
2022-02-06,GrowOut-A,Farming,Pangasius,Winter,15.6,Cold,0.0,7.5,0.03,11.3,0,9775,8.5,61.9,935,476,208,125855,-1663,Low,No
2022-02-07,GrowOut-A,Farming,Pangasius,Winter,16.0,Sunny,0.0,7.4,0.03,11.7,0,9775,8.4,63.3,811,534,209,129320,-1963,Low,No
2022-02-08,GrowOut-A,Farming,Pangasius,Winter,17.9,Cold,0.0,7.9,0.02,10.3,0,9775,7.7,60.8,819,711,201,119458,-1133,Low,No
2022-02-09,GrowOut-A,Farming,Pangasius,Winter,16.7,Cloudy,0.0,7.9,0.04,10.5,2,9773,10.0,80.2,1013,567,214,167766,-1456,Low,No
2022-02-10,GrowOut-A,Farming,Pangasius,Winter,16.5,Cold,0.0,7.0,0.03,11.2,1,9772,11.0,77.6,1187,656,205,155469,-2020,Low,No
2022-02-11,GrowOut-A,Farming,Pangasius,Winter,16.6,Cold,0.0,7.5,0.03,10.9,0,9772,8.4,61.3,893,495,197,118008,-1844,Low,No
2022-02-12,GrowOut-A,Farming,Pangasius,Winter,16.8,Cloudy,0.0,7.7,0.03,10.7,1,9771,10.1,78.6,973,560,212,162833,-1681,Low,No
2022-02-13,GrowOut-A,Farming,Pangasius,Winter,16.8,Sunny,0.0,7.8,0.02,11.3,1,9770,9.3,76.2,1067,744,213,158589,-1119,Low,No
2022-02-14,GrowOut-A,Farming,Pangasius,Winter,18.1,Cloudy,0.0,7.6,0.05,10.8,0,9770,9.4,73.3,1070,510,211,151106,-806,Low,No
2022-02-15,GrowOut-A,Farming,Pangasius,Winter,17.3,Sunny,0.0,7.6,0.03,11.3,0,9770,11.4,86.9,1221,773,199,168954,-1420,Low,No
2022-02-16,GrowOut-A,Farming,Pangasius,Winter,17.4,Cloudy,0.0,7.6,0.02,11.1,0,9770,10.8,82.0,1222,473,202,161830,-1902,Low,No
2022-02-17,GrowOut-A,Farming,Pangasius,Winter,16.3,Cloudy,0.0,7.4,0.03,11.3,0,9770,10.7,87.3,1044,891,213,181672,-1176,Low,No
2022-02-18,GrowOut-A,Farming,Pangasius,Winter,16.9,Sunny,0.0,7.2,0.03,10.1,1,9769,12.5,99.5,1215,875,215,209005,-1466,Low,No
2022-02-19,GrowOut-A,Farming,Pangasius,Winter,16.8,Sunny,0.0,7.5,0.03,10.3,0,9769,8.8,67.0,933,643,208,136141,-1388,Low,No
2022-02-20,GrowOut-A,Farming,Pangasius,Winter,17.0,Cold,0.0,7.2,0.04,11.3,2,9767,12.1,97.4,1210,496,208,197912,-1730,Low,No
2022-02-21,GrowOut-A,Farming,Pangasius,Winter,16.2,Cloudy,0.0,7.5,0.03,11.5,0,9767,13.9,108.0,1578,557,217,228899,-708,Low,No
2022-02-22,GrowOut-A,Farming,Pangasius,Winter,17.4,Cold,0.0,7.2,0.02,10.7,1,9766,13.3,106.5,1459,599,195,202836,-2424,Low,No
2022-02-23,GrowOut-A,Farming,Pangasius,Winter,18.2,Cloudy,0.0,7.4,0.05,10.9,1,9765,13.5,107.7,1355,804,209,219826,-1661,Low,No
2022-02-24,GrowOut-A,Farming,Pangasius,Winter,18.6,Sunny,0.0,7.2,0.03,10.5,1,9764,13.2,100.2,1470,657,202,197648,-1306,Low,No
2022-02-25,GrowOut-A,Farming,Pangasius,Winter,17.9,Cold,0.0,7.0,0.03,10.5,2,9762,10.6,86.1,1091,575,212,178224,-553,Low,No
2022-02-26,GrowOut-A,Farming,Pangasius,Winter,14.7,Cloudy,0.0,7.4,0.03,11.3,2,9760,12.6,100.8,1368,830,205,201722,-1209,Low,No
2022-02-27,GrowOut-A,Farming,Pangasius,Winter,18.5,Sunny,0.0,7.3,0.07,10.5,1,9759,16.2,125.8,1727,893,213,261523,-2399,Low,No
2022-02-28,GrowOut-A,Farming,Pangasius,Winter,17.0,Cloudy,0.0,7.4,0.03,11.3,2,9757,14.9,117.9,1546,893,201,231268,-1902,Low,No
2022-03-01,GrowOut-A,Farming,Pangasius,Spring,19.3,Cloudy,0.0,7.3,0.04,10.3,0,9757,15.2,110.2,1577,684,205,220420,-2235,Low,No
2022-03-02,GrowOut-A,Farming,Pangasius,Spring,19.8,Cloudy,0.0,7.7,0.06,10.2,0,9757,16.9,137.2,1672,644,213,285135,-1876,Low,No
2022-03-03,GrowOut-A,Farming,Pangasius,Spring,17.0,Cloudy,0.0,7.7,0.04,10.2,1,9756,14.2,110.9,1384,855,217,234805,-2215,Low,No
2022-03-04,GrowOut-A,Farming,Pangasius,Spring,18.5,Partly Cloudy,0.0,7.3,0.04,10.9,2,9754,15.9,113.8,1687,536,211,234259,-1327,Low,No
2022-03-05,GrowOut-A,Farming,Pangasius,Spring,16.9,Sunny,0.0,7.9,0.04,12.0,0,9754,18.1,127.4,1926,633,212,263444,-3348,Low,No
2022-03-06,GrowOut-A,Farming,Pangasius,Spring,18.2,Partly Cloudy,0.0,7.6,0.01,10.2,1,9753,13.3,94.6,1425,595,209,192850,-1882,Low,No
2022-03-07,GrowOut-A,Farming,Pangasius,Spring,16.7,Cold,0.0,7.3,0.04,11.7,0,9753,17.6,136.6,2010,781,216,287768,-3206,Low,No
2022-03-08,GrowOut-A,Farming,Pangasius,Spring,17.4,Sunny,0.0,7.3,0.04,10.9,1,9752,16.2,131.6,1569,878,206,264400,-1377,Low,No
2022-03-09,GrowOut-A,Farming,Pangasius,Spring,19.5,Sunny,0.0,7.4,0.04,11.0,0,9752,20.7,155.3,1986,893,197,298354,-1631,Low,No
2022-03-10,GrowOut-A,Farming,Pangasius,Spring,20.3,Sunny,0.0,7.5,0.03,10.0,1,9751,27.1,144.1,2887,773,215,302132,-2905,Low,No
2022-03-11,GrowOut-A,Farming,Pangasius,Spring,20.4,Sunny,0.0,7.1,0.04,9.8,0,9751,22.2,133.5,2505,837,214,278576,-3962,Low,No
2022-03-12,GrowOut-A,Farming,Pangasius,Spring,20.0,Partly Cloudy,0.0,7.3,0.04,10.0,1,9750,26.4,146.3,2875,659,203,289594,-3509,Low,No
2022-03-13,GrowOut-A,Farming,Pangasius,Spring,21.2,Sunny,0.0,7.2,0.06,10.6,0,9750,26.9,150.5,2915,895,200,293475,-3674,Low,No
2022-03-14,GrowOut-A,Farming,Pangasius,Spring,19.5,Partly Cloudy,0.0,7.6,0.04,10.4,0,9750,22.3,161.9,2344,824,222,350433,-2485,Low,No
2022-03-15,GrowOut-A,Farming,Pangasius,Spring,20.2,Sunny,0.0,7.3,0.06,9.7,1,9749,29.9,179.8,2995,561,214,375153,-3305,Low,No
2022-03-16,GrowOut-A,Farming,Pangasius,Spring,18.9,Cloudy,0.0,7.5,0.03,10.8,1,9748,22.0,164.5,2284,771,214,343194,-2499,Low,No
2022-03-17,GrowOut-A,Farming,Pangasius,Spring,16.7,Cloudy,0.0,7.4,0.03,11.5,0,9748,22.8,179.4,2235,622,208,363749,-1051,Low,No
2022-03-18,GrowOut-A,Farming,Pangasius,Spring,18.6,Sunny,0.0,7.4,0.04,10.7,1,9747,20.2,160.6,2107,478,218,341285,-2292,Low,No
2022-03-19,GrowOut-A,Farming,Pangasius,Spring,19.0,Cloudy,0.0,7.8,0.05,10.8,0,9747,25.5,184.1,2872,709,217,389390,-3864,Low,No
2022-03-20,GrowOut-A,Farming,Pangasius,Spring,17.8,Cloudy,0.0,7.4,0.06,10.8,2,9745,20.4,163.5,2302,826,217,345819,-1724,Low,No
2022-03-21,GrowOut-A,Farming,Pangasius,Spring,20.6,Cloudy,0.0,7.0,0.06,9.8,3,9742,29.5,218.4,3091,573,218,463971,-3803,Low,No
2022-03-22,GrowOut-A,Farming,Pangasius,Spring,20.2,Partly Cloudy,0.0,7.0,0.06,10.1,0,9742,28.4,206.9,3109,828,211,425296,-4273,Low,No
2022-03-23,GrowOut-A,Farming,Pangasius,Spring,20.5,Cloudy,0.0,6.9,0.04,9.7,0,9742,32.4,208.6,3462,748,216,438951,-2081,Low,No
2022-03-24,GrowOut-A,Farming,Pangasius,Spring,20.5,Sunny,0.0,7.7,0.09,10.1,3,9739,32.2,223.9,3227,597,221,482053,-2904,Low,No
2022-03-25,GrowOut-A,Farming,Pangasius,Spring,19.9,Partly Cloudy,0.0,7.3,0.03,10.4,0,9739,22.1,175.6,2286,826,214,365976,-3377,Low,No
2022-03-26,GrowOut-A,Farming,Pangasius,Spring,19.4,Cloudy,0.0,7.6,0.08,10.2,0,9739,23.1,164.3,2298,481,214,342425,-2054,Low,No
2022-03-27,GrowOut-A,Farming,Pangasius,Spring,21.4,Sunny,0.0,8.0,0.06,9.8,0,9739,35.7,257.2,3406,519,219,548567,-1887,Low,No
2022-03-28,GrowOut-A,Farming,Pangasius,Spring,20.5,Sunny,0.0,7.2,0.05,10.0,1,9738,35.0,228.0,3815,795,209,464083,-2549,Low,No
2022-03-29,GrowOut-A,Farming,Pangasius,Spring,21.2,Cloudy,0.0,7.5,0.07,9.8,0,9738,37.7,252.1,3705,590,214,525359,-4467,Low,No
2022-03-30,GrowOut-A,Farming,Pangasius,Spring,19.5,Partly Cloudy,0.0,7.2,0.04,10.6,1,9737,23.3,222.8,2388,874,227,492505,-2910,Low,No
2022-03-31,GrowOut-A,Farming,Pangasius,Spring,20.7,Cloudy,0.0,7.7,0.07,10.4,3,9734,38.8,250.4,4227,586,220,536392,-2922,Low,No
2022-04-01,GrowOut-A,Farming,Pangasius,Spring,22.7,Sunny,0.0,7.2,0.07,9.9,0,9734,45.7,295.2,4379,690,211,606304,-3767,Low,No
2022-04-02,GrowOut-A,Farming,Pangasius,Spring,22.2,Cloudy,0.0,7.5,0.22,7.9,11,9723,41.4,277.7,4292,613,208,562251,-2193,Low,No
2022-04-03,GrowOut-A,Farming,Pangasius,Spring,22.0,Cloudy,0.0,7.4,0.07,10.1,0,9723,34.7,232.8,3659,743,220,497973,-1917,Low,No
2022-04-04,GrowOut-A,Farming,Pangasius,Spring,20.6,Cloudy,0.0,7.2,0.07,10.0,1,9722,42.4,274.5,4728,717,217,579165,-1943,Low,No
2022-04-05,GrowOut-A,Farming,Pangasius,Spring,23.8,Sunny,0.0,7.0,0.05,8.8,0,9722,42.5,269.9,4675,706,218,572025,-4175,Low,No
2022-04-06,GrowOut-A,Farming,Pangasius,Spring,23.3,Sunny,0.0,7.7,0.07,9.2,0,9722,43.4,301.5,4546,610,223,653654,-3409,Low,No
2022-04-07,GrowOut-A,Farming,Pangasius,Spring,22.2,Cloudy,0.0,7.2,0.06,10.5,1,9721,41.1,304.4,3913,877,217,642185,-3350,Low,No
2022-04-08,GrowOut-A,Farming,Pangasius,Spring,22.9,Partly Cloudy,0.0,7.5,0.08,9.9,1,9720,39.7,294.2,4320,741,219,626322,-3172,Low,No
2022-04-09,GrowOut-A,Farming,Pangasius,Spring,21.7,Sunny,0.0,7.2,0.08,9.7,0,9720,36.7,248.4,3994,588,214,516692,-3526,Low,No
2022-04-10,GrowOut-A,Farming,Pangasius,Spring,22.6,Cloudy,0.0,7.2,0.09,10.0,0,9720,45.3,301.3,4979,599,218,638443,-3831,Low,No
2022-04-11,GrowOut-A,Farming,Pangasius,Spring,21.6,Partly Cloudy,0.0,8.0,0.07,10.0,0,9720,41.3,274.2,4083,504,211,562362,-1029,Low,No
2022-04-12,GrowOut-A,Farming,Pangasius,Spring,22.9,Cloudy,0.0,7.4,0.07,10.2,0,9720,41.3,280.3,4323,776,219,596669,-2527,Low,No
2022-04-13,GrowOut-A,Farming,Pangasius,Spring,24.7,Cloudy,0.0,7.9,0.1,9.7,0,9720,51.4,332.5,5083,552,216,698090,-3843,Low,No
2022-04-14,GrowOut-A,Farming,Pangasius,Spring,24.3,Cloudy,0.0,7.7,0.09,9.1,2,9718,51.4,377.5,5885,699,213,781561,-1551,Low,No
2022-04-15,GrowOut-A,Farming,Pangasius,Spring,25.4,Cloudy,0.0,7.1,0.1,8.6,3,9715,65.8,438.8,7399,708,210,895494,-4891,Low,No
2022-04-16,GrowOut-A,Farming,Pangasius,Spring,21.7,Partly Cloudy,0.0,7.7,0.1,9.9,0,9715,45.2,292.6,5145,665,220,625374,-5940,Low,No
2022-04-17,GrowOut-A,Farming,Pangasius,Spring,24.5,Partly Cloudy,0.0,7.8,0.09,9.2,1,9714,50.3,332.7,4832,517,218,704615,-739,Low,No
2022-04-18,GrowOut-A,Farming,Pangasius,Spring,23.4,Sunny,0.0,7.4,0.06,9.2,0,9714,63.4,445.3,6992,723,218,942990,-3699,Low,No
2022-04-19,GrowOut-A,Farming,Pangasius,Spring,22.3,Cloudy,0.0,7.0,0.08,9.4,0,9714,46.4,341.8,4684,715,215,713853,-3798,Low,No
2022-04-20,GrowOut-A,Farming,Pangasius,Spring,25.5,Cloudy,0.0,7.1,0.08,9.6,1,9713,46.9,347.7,4549,793,222,749818,-4325,Low,No
2022-04-21,GrowOut-A,Farming,Pangasius,Spring,24.6,Cloudy,0.0,7.3,0.08,9.2,1,9712,48.5,345.6,5143,520,216,725072,-3269,Low,No
2022-04-22,GrowOut-A,Farming,Pangasius,Spring,23.0,Cloudy,0.0,7.5,0.1,8.9,1,9711,56.9,393.7,5733,577,231,883255,-3700,Low,No
2022-04-23,GrowOut-A,Farming,Pangasius,Spring,23.3,Cloudy,0.0,7.2,0.1,9.3,3,9708,58.3,378.1,6461,715,221,811452,-2084,Low,No
2022-04-24,GrowOut-A,Farming,Pangasius,Spring,24.9,Partly Cloudy,0.0,7.4,0.11,8.9,1,9707,53.4,383.9,5232,570,225,838553,-4889,Low,No
2022-04-25,GrowOut-A,Farming,Pangasius,Spring,25.9,Sunny,0.0,7.8,0.1,8.8,2,9705,79.7,516.3,8885,865,215,1077521,-8384,Medium,No
2022-04-26,GrowOut-A,Farming,Pangasius,Spring,26.5,Cloudy,0.0,7.4,0.08,8.7,0,9705,65.4,435.9,6569,693,206,871464,-6548,Low,No
2022-04-27,GrowOut-A,Farming,Pangasius,Spring,23.4,Sunny,0.0,7.8,0.08,9.4,1,9704,74.5,502.1,7977,462,214,1042796,-809,Medium,No
2022-04-28,GrowOut-A,Farming,Pangasius,Spring,25.1,Cloudy,0.0,7.0,0.15,9.5,2,9702,73.1,494.0,8063,820,220,1054631,-8321,Medium,No
2022-04-29,GrowOut-A,Farming,Pangasius,Spring,26.1,Sunny,0.0,7.4,0.09,9.1,0,9702,67.6,496.2,7661,532,222,1068737,-4662,Medium,No
2022-04-30,GrowOut-A,Farming,Pangasius,Spring,24.6,Partly Cloudy,0.0,7.5,0.14,9.3,1,9701,79.0,550.8,8150,594,216,1154274,-966,Medium,No
2022-05-01,GrowOut-A,Farming,Pangasius,Spring,27.7,Partly Cloudy,0.0,7.0,0.15,8.7,1,9700,82.9,530.1,8974,630,219,1126208,-5119,Medium,No
2022-05-02,GrowOut-A,Farming,Pangasius,Spring,25.8,Partly Cloudy,0.0,7.5,0.09,9.7,1,9699,63.8,430.8,6209,798,215,898433,-3957,Low,No
2022-05-03,GrowOut-A,Farming,Pangasius,Spring,26.7,Sunny,0.0,7.3,0.14,8.7,0,9699,87.0,582.7,8984,534,211,1192489,-3698,Medium,No
2022-05-04,GrowOut-A,Farming,Pangasius,Spring,26.3,Partly Cloudy,0.0,7.5,0.16,8.8,1,9698,84.4,576.1,8362,697,210,1173395,-6669,Medium,No
2022-05-05,GrowOut-A,Farming,Pangasius,Spring,25.1,Cloudy,0.0,7.6,0.14,9.9,0,9698,83.2,530.1,8952,810,211,1084732,-8401,Medium,No
2022-05-06,GrowOut-A,Farming,Pangasius,Spring,25.3,Cloudy,0.0,7.4,0.08,9.5,0,9698,68.1,441.6,6776,829,228,976441,-3791,Low,No
2022-05-07,GrowOut-A,Farming,Pangasius,Spring,27.8,Sunny,0.0,7.9,0.14,8.4,1,9697,91.8,625.1,10433,581,220,1333688,-8050,Medium,No
2022-05-08,GrowOut-A,Farming,Pangasius,Spring,28.3,Partly Cloudy,0.0,7.7,0.14,8.1,0,9697,91.0,732.3,9648,623,223,1583548,-3186,Medium,No
2022-05-09,GrowOut-A,Farming,Pangasius,Spring,26.7,Cloudy,0.0,7.5,0.16,9.2,0,9697,102.5,669.9,10304,806,222,1442117,-6861,Medium,No
2022-05-10,GrowOut-A,Farming,Pangasius,Spring,25.4,Cloudy,0.0,6.9,0.37,5.8,14,9683,75.1,525.2,8006,747,215,1094966,-7605,Medium,No
2022-05-11,GrowOut-A,Farming,Pangasius,Spring,28.2,Cloudy,0.0,7.5,0.13,8.3,3,9680,87.7,637.0,9670,620,224,1381648,-6951,Medium,No
2022-05-12,GrowOut-A,Farming,Pangasius,Spring,29.9,Sunny,0.0,7.4,0.15,8.0,0,9680,91.7,802.7,9414,835,217,1686120,-8668,Medium,No
2022-05-13,GrowOut-A,Farming,Pangasius,Spring,27.7,Cloudy,0.0,7.5,0.14,8.3,1,9679,84.2,618.7,8641,895,220,1317584,-1660,Medium,No
2022-05-14,GrowOut-A,Farming,Pangasius,Spring,27.0,Sunny,0.0,7.3,0.13,8.8,1,9678,86.8,636.1,9118,716,218,1342185,-8639,Medium,No
2022-05-15,GrowOut-A,Farming,Pangasius,Spring,27.3,Partly Cloudy,0.0,7.7,0.16,8.3,0,9678,80.8,563.0,7701,515,216,1176922,-2736,Medium,No
2022-05-16,GrowOut-A,Farming,Pangasius,Spring,28.9,Sunny,0.0,7.3,0.14,8.2,0,9678,76.7,572.5,7693,730,210,1163538,-2574,Medium,No
2022-05-17,GrowOut-A,Farming,Pangasius,Spring,27.8,Partly Cloudy,0.0,7.5,0.18,8.7,0,9678,93.1,760.0,9552,592,212,1559319,167,Medium,No
2022-05-18,GrowOut-A,Farming,Pangasius,Spring,29.1,Partly Cloudy,0.0,7.1,0.16,8.6,2,9676,94.0,814.9,9059,734,214,1687733,-5853,Medium,No
2022-05-19,GrowOut-A,Farming,Pangasius,Spring,30.0,Sunny,0.0,7.3,0.18,8.6,1,9675,98.3,828.3,9532,735,218,1747190,-8384,Medium,No
2022-05-20,GrowOut-A,Farming,Pangasius,Spring,28.0,Sunny,0.0,7.4,0.15,8.8,0,9675,93.6,783.2,8978,808,213,1613999,-4622,Medium,No
2022-05-21,GrowOut-A,Farming,Pangasius,Spring,29.6,Partly Cloudy,0.0,7.1,0.15,8.5,1,9674,90.7,659.1,9643,807,213,1358257,-7801,Medium,No
2022-05-22,GrowOut-A,Farming,Pangasius,Spring,28.9,Cloudy,0.0,7.3,0.18,9.0,1,9673,101.9,861.7,10171,861,224,1867283,-6476,Medium,No
2022-05-23,GrowOut-A,Farming,Pangasius,Spring,30.5,Hot,0.0,7.5,0.15,8.0,0,9673,98.7,796.1,11151,659,210,1617142,-3016,Medium,No
2022-05-24,GrowOut-A,Farming,Pangasius,Spring,30.9,Sunny,0.0,7.3,0.16,8.5,0,9673,96.3,697.7,11051,585,218,1471250,-6980,Medium,No
2022-05-25,GrowOut-A,Farming,Pangasius,Spring,28.9,Partly Cloudy,0.0,7.2,0.17,8.1,3,9670,94.3,778.3,10843,834,219,1648741,-7600,Medium,No
2022-05-26,GrowOut-A,Farming,Pangasius,Spring,28.5,Cloudy,0.0,7.3,0.16,8.9,1,9669,87.0,748.7,9482,460,207,1498665,-2587,Medium,No
2022-05-27,GrowOut-A,Farming,Pangasius,Spring,28.9,Partly Cloudy,0.0,7.6,0.16,8.4,0,9669,91.7,668.8,10139,888,216,1396791,-4833,Medium,No
2022-05-28,GrowOut-A,Farming,Pangasius,Spring,28.6,Partly Cloudy,0.0,7.5,0.16,8.8,0,9669,107.6,894.0,11891,554,218,1884411,-6934,Medium,No
2022-05-29,GrowOut-A,Farming,Pangasius,Spring,30.7,Sunny,0.0,7.1,0.18,7.8,2,9667,115.2,919.6,12605,747,206,1831672,-10825,Medium,No
2022-05-30,GrowOut-A,Farming,Pangasius,Spring,27.4,Sunny,0.0,7.7,0.16,9.8,1,9666,97.9,902.5,9905,648,224,1954281,-4400,Medium,No
2022-05-31,GrowOut-A,Farming,Pangasius,Spring,31.6,Sunny,0.6,7.7,0.17,7.7,0,9666,93.0,761.8,10225,529,216,1590529,-742,Medium,No
2022-06-01,GrowOut-A,Farming,Pangasius,Monsoon,30.6,Hot,0.2,7.4,0.17,7.8,0,9666,106.0,922.5,11831,566,216,1926047,1215,Medium,No
2022-06-02,GrowOut-A,Farming,Pangasius,Monsoon,29.2,Partly Cloudy,0.8,7.1,0.18,8.6,0,9666,114.1,962.3,11102,883,214,1990541,170,Medium,No
2022-06-03,GrowOut-A,Farming,Pangasius,Monsoon,30.8,Sunny,2.3,7.8,0.17,8.2,0,9666,111.2,1037.3,12743,885,207,2075494,-4479,High,No
2022-06-04,GrowOut-A,Farming,Pangasius,Monsoon,30.8,Sunny,0.7,7.5,0.32,5.6,5,9661,118.8,1031.0,12885,753,202,2013060,-7054,High,No
2022-06-05,GrowOut-A,Farming,Pangasius,Monsoon,29.5,Cloudy,1.9,7.6,0.21,8.5,0,9661,125.9,1043.6,12549,461,217,2187842,2517,High,No
2022-06-06,GrowOut-A,Farming,Pangasius,Monsoon,29.7,Partly Cloudy,1.0,7.5,0.21,8.0,0,9661,117.8,1058.9,11340,821,213,2178997,-419,High,No
2022-06-07,GrowOut-A,Farming,Pangasius,Monsoon,29.9,Cloudy,1.5,7.1,0.16,8.4,2,9659,97.3,908.6,11085,587,216,1896045,-8939,Medium,No
2022-06-08,GrowOut-A,Farming,Pangasius,Monsoon,28.1,Sunny,1.0,7.1,0.2,8.6,1,9658,119.3,1018.2,12416,752,212,2084976,-1878,High,No
2022-06-09,GrowOut-A,Farming,Pangasius,Monsoon,29.1,Cloudy,2.0,7.7,0.18,8.1,0,9658,107.4,896.6,10535,637,216,1870422,1313,Medium,No
2022-06-10,GrowOut-A,Farming,Pangasius,Monsoon,28.6,Cloudy,1.8,7.5,0.2,8.1,1,9657,103.1,895.2,9862,617,222,1919377,-3239,Medium,No
2022-06-11,GrowOut-A,Farming,Pangasius,Monsoon,30.3,Sunny,1.2,7.4,0.19,8.7,1,9656,121.4,1106.9,13198,695,212,2266139,-6797,High,No
2022-06-12,GrowOut-A,Farming,Pangasius,Monsoon,29.9,Partly Cloudy,3.2,7.6,0.16,8.3,2,9654,104.5,896.6,11911,821,216,1870035,-2479,Medium,No
2022-06-13,GrowOut-A,Farming,Pangasius,Monsoon,28.7,Cloudy,4.5,7.2,0.2,8.6,0,9654,114.6,1005.9,11003,600,219,2126700,1911,High,No
2022-06-14,GrowOut-A,Farming,Pangasius,Monsoon,31.7,Sunny,4.1,7.3,0.17,8.3,0,9654,95.2,865.4,9438,547,225,1879779,-6129,Medium,No
2022-06-15,GrowOut-A,Farming,Pangasius,Monsoon,29.3,Sunny,2.8,7.8,0.21,8.0,1,9653,129.8,1091.2,13051,893,217,2285975,-3347,High,No
2022-06-16,GrowOut-A,Farming,Pangasius,Monsoon,32.1,Rainy,13.4,7.2,0.18,8.4,1,9652,110.7,904.2,10808,611,221,1928942,-7284,Medium,No
2022-06-17,GrowOut-A,Farming,Pangasius,Monsoon,30.6,Hot,0.3,7.2,0.18,8.5,0,9652,93.7,853.3,9139,639,217,1787223,1022,Medium,No
2022-06-18,GrowOut-A,Farming,Pangasius,Monsoon,30.1,Hot,2.3,7.8,0.17,8.8,1,9651,120.2,1013.4,12846,653,215,2102987,2095,High,No
2022-06-19,GrowOut-A,Farming,Pangasius,Monsoon,31.0,Sunny,4.4,7.2,0.22,7.9,1,9650,127.6,1162.0,13804,586,217,2433538,3607,High,No
2022-06-20,GrowOut-A,Farming,Pangasius,Monsoon,32.6,Rainy,7.1,7.1,0.24,7.2,4,9646,137.2,1280.4,14204,499,216,2668866,4032,High,No
2022-06-21,GrowOut-A,Farming,Pangasius,Monsoon,30.7,Rainy,6.0,7.9,0.2,7.3,1,9645,150.4,1227.6,14734,507,218,2581432,-2059,High,No
2022-06-22,GrowOut-A,Farming,Pangasius,Monsoon,30.4,Hot,3.6,7.3,0.21,8.1,2,9643,126.6,1034.6,12774,677,218,2175360,-10405,High,No
2022-06-23,GrowOut-A,Farming,Pangasius,Monsoon,30.5,Rainy,6.4,7.3,0.25,7.4,1,9642,133.8,1235.8,14769,774,212,2526366,-5831,High,No
2022-06-24,GrowOut-A,Farming,Pangasius,Monsoon,32.5,Sunny,2.0,7.6,0.23,7.5,0,9642,134.8,1096.0,13881,778,214,2261473,-6162,High,No
2022-06-25,GrowOut-A,Farming,Pangasius,Monsoon,32.7,Hot,1.9,7.5,0.22,7.8,1,9641,131.0,1075.7,14863,480,219,2271446,-12765,High,No
2022-06-26,GrowOut-A,Farming,Pangasius,Monsoon,30.5,Hot,0.7,7.6,0.21,8.7,1,9640,108.8,949.2,12102,700,214,1958365,1470,Medium,No
2022-06-27,GrowOut-A,Farming,Pangasius,Monsoon,29.4,Cloudy,3.8,7.2,0.2,8.4,1,9639,119.4,1016.1,12187,749,222,2174535,-5292,High,No
2022-06-28,GrowOut-A,Farming,Pangasius,Monsoon,30.5,Sunny,1.4,7.3,0.22,8.5,0,9639,144.0,1308.2,14693,710,212,2673265,-10251,High,No
2022-06-29,GrowOut-A,Farming,Pangasius,Monsoon,31.5,Cloudy,10.4,7.3,0.2,7.7,1,9638,126.6,1023.7,14167,615,212,2091898,-9591,High,No
2022-06-30,GrowOut-A,Farming,Pangasius,Monsoon,31.6,Sunny,4.9,7.2,0.25,7.8,1,9637,146.7,1284.7,16796,818,217,2686881,-3060,High,No
2022-07-01,GrowOut-A,Farming,Pangasius,Monsoon,30.9,Rainy,5.8,7.2,0.21,7.7,0,9637,139.1,1211.0,15144,463,211,2462456,-1511,High,No
2022-07-02,GrowOut-A,Farming,Pangasius,Monsoon,31.5,Cloudy,5.7,7.5,0.24,8.5,1,9636,161.7,1361.8,15948,514,216,2834712,-6548,High,No
2022-07-03,GrowOut-A,Farming,Pangasius,Monsoon,31.9,Rainy,10.7,7.5,0.22,7.9,0,9636,140.9,1292.6,13644,689,211,2628109,-4566,High,No
2022-07-04,GrowOut-A,Farming,Pangasius,Monsoon,34.5,Hot,3.8,7.4,0.21,7.9,2,9634,116.5,1033.7,11823,874,206,2051911,-10235,High,No
2022-07-05,GrowOut-A,Farming,Pangasius,Monsoon,32.8,Rainy,11.6,7.2,0.21,7.7,0,9634,128.5,1051.4,12335,487,216,2187905,-1149,High,No
2022-07-06,GrowOut-A,Farming,Pangasius,Monsoon,29.6,Cloudy,13.1,7.7,0.22,7.8,0,9634,136.6,1205.5,13566,681,210,2438895,-5022,High,No
2022-07-07,GrowOut-A,Farming,Pangasius,Monsoon,32.7,Cloudy,14.6,7.7,0.22,8.1,0,9634,145.0,1293.0,15303,589,220,2740488,-5994,High,No
2022-07-08,GrowOut-A,Farming,Pangasius,Monsoon,34.1,Sunny,4.2,7.3,0.19,7.7,0,9634,115.5,998.1,11460,512,211,2028912,-6293,High,No
2022-07-09,GrowOut-A,Farming,Pangasius,Monsoon,31.4,Rainy,5.2,7.8,0.2,8.5,1,9633,123.1,1002.9,12127,621,213,2057993,-8295,High,No
2022-07-10,GrowOut-A,Farming,Pangasius,Monsoon,31.7,Cloudy,9.0,7.5,0.21,8.8,2,9631,111.6,1022.0,10696,458,206,2028055,-9164,High,No
2022-07-11,GrowOut-A,Farming,Pangasius,Monsoon,30.9,Hot,2.0,7.2,0.25,8.0,1,9630,146.7,1253.1,16018,638,205,2474064,-7484,High,No
2022-07-12,GrowOut-A,Farming,Pangasius,Monsoon,32.3,Cloudy,12.6,7.1,0.2,7.6,1,9629,124.9,1099.1,13015,760,212,2243879,-10717,High,No
2022-07-13,GrowOut-A,Farming,Pangasius,Monsoon,34.1,Rainy,5.1,7.5,0.22,7.4,2,9627,140.9,1138.7,14862,628,205,2247731,-2025,High,No
2022-07-14,GrowOut-A,Farming,Pangasius,Monsoon,29.8,Rainy,16.3,7.6,0.17,9.6,3,9624,127.9,1127.8,13456,501,213,2312611,-9227,High,No
2022-07-15,GrowOut-A,Farming,Pangasius,Monsoon,32.7,Cloudy,10.6,7.4,0.23,8.0,2,9622,147.9,1204.6,15960,516,196,2272242,-12179,High,No
2022-07-16,GrowOut-A,Farming,Pangasius,Monsoon,34.3,Rainy,6.0,7.2,0.22,7.2,0,9622,125.2,1120.5,13795,484,215,2318012,-595,High,No
2022-07-17,GrowOut-A,Farming,Pangasius,Monsoon,32.6,Cloudy,12.3,7.5,0.23,8.2,2,9620,152.1,1263.1,16212,757,213,2588706,-5254,High,No
2022-07-18,GrowOut-A,Farming,Pangasius,Monsoon,31.0,Cloudy,7.3,7.2,0.27,8.0,1,9619,163.6,1452.1,16036,481,210,2933532,-1270,High,No
2022-07-19,GrowOut-A,Farming,Pangasius,Monsoon,32.7,Cloudy,5.2,7.3,0.25,7.6,0,9619,143.2,1337.1,13816,658,206,2649482,-11007,High,No
2022-07-20,GrowOut-A,Farming,Pangasius,Monsoon,31.1,Hot,3.3,7.4,0.21,7.3,0,9619,134.8,1096.5,15112,727,210,2214919,-8382,High,No
2022-07-21,GrowOut-A,Farming,Pangasius,Monsoon,32.0,Sunny,1.5,7.7,0.24,7.6,1,9618,146.4,1250.9,15817,595,210,2526805,-5704,High,No
2022-07-22,GrowOut-A,Farming,Pangasius,Monsoon,33.0,Rainy,11.9,7.7,0.22,8.0,1,9617,141.8,1302.8,15846,892,211,2643900,-5042,High,No
2022-07-23,GrowOut-A,Farming,Pangasius,Monsoon,30.9,Sunny,4.7,7.4,0.21,7.8,0,9617,131.2,1078.4,15064,686,214,2219388,-11888,High,No
2022-07-24,GrowOut-A,Farming,Pangasius,Monsoon,30.4,Hot,4.0,7.7,0.3,8.0,0,9617,181.7,1481.5,20076,756,208,2963498,-1749,High,No
2022-07-25,GrowOut-A,Farming,Pangasius,Monsoon,34.4,Cloudy,22.8,7.1,0.23,7.0,0,9617,138.3,1115.6,15015,578,214,2295947,-552,High,No
2022-07-26,GrowOut-A,Farming,Pangasius,Monsoon,32.7,Rainy,18.7,7.5,0.2,6.8,0,9617,143.4,1242.4,14029,607,201,2401580,-2395,High,No
2022-07-27,GrowOut-A,Farming,Pangasius,Monsoon,30.2,Cloudy,19.3,7.3,0.19,8.1,1,9616,128.8,1120.8,12454,702,210,2263534,793,High,No
2022-07-28,GrowOut-A,Farming,Pangasius,Monsoon,31.0,Rainy,6.0,7.2,0.29,7.7,0,9616,168.3,1425.7,18475,758,206,2824163,-15300,High,No
2022-07-29,GrowOut-A,Farming,Pangasius,Monsoon,32.6,Cloudy,5.5,7.4,0.26,7.6,1,9615,161.7,1329.9,16360,878,203,2596029,2030,High,No
2022-07-30,GrowOut-A,Farming,Pangasius,Monsoon,34.5,Cloudy,15.1,7.5,0.2,7.9,2,9613,137.8,1190.6,13518,583,206,2358210,-11080,High,No
2022-07-31,GrowOut-A,Farming,Pangasius,Monsoon,32.1,Rainy,17.2,7.2,0.23,8.2,2,9611,150.7,1419.8,16179,719,200,2729707,-11425,High,No
2022-08-01,GrowOut-A,Farming,Pangasius,Monsoon,32.0,Rainy,10.6,6.8,0.26,7.2,1,9610,162.7,1456.7,16642,774,207,2898071,-6699,High,No
2022-08-02,GrowOut-A,Farming,Pangasius,Monsoon,32.1,Hot,2.7,7.2,0.27,7.4,2,9608,179.2,1487.3,17863,558,208,2972934,192,High,No
2022-08-03,GrowOut-A,Farming,Pangasius,Monsoon,30.4,Cloudy,16.3,7.3,0.28,8.4,0,9608,176.3,1536.8,19140,707,202,2982646,-7876,High,No
2022-08-04,GrowOut-A,Farming,Pangasius,Monsoon,34.3,Hot,1.8,7.4,0.28,7.3,1,9607,167.0,1502.7,17263,523,213,3075282,2134,High,No
2022-08-05,GrowOut-A,Farming,Pangasius,Monsoon,30.0,Rainy,7.4,7.5,0.25,8.4,0,9607,166.9,1509.9,17460,617,203,2944639,-14174,High,No
2022-08-06,GrowOut-A,Farming,Pangasius,Monsoon,31.9,Rainy,10.4,7.4,0.24,7.8,1,9606,152.2,1268.4,15289,857,200,2437104,119,High,No
2022-08-07,GrowOut-A,Farming,Pangasius,Monsoon,33.3,Rainy,20.5,7.8,0.3,7.5,0,9606,185.5,1609.2,19296,607,199,3076137,-8120,High,No
2022-08-08,GrowOut-A,Farming,Pangasius,Monsoon,32.3,Cloudy,17.3,7.3,0.23,8.6,0,9606,147.3,1382.2,16923,619,204,2708592,-9019,High,No
2022-08-09,GrowOut-A,Farming,Pangasius,Monsoon,30.6,Sunny,2.0,7.2,0.29,8.1,2,9604,175.4,1548.3,19439,512,202,3004340,1854,High,No
2022-08-10,GrowOut-A,Farming,Pangasius,Monsoon,32.4,Hot,1.1,7.6,0.28,7.7,0,9604,182.6,1485.2,19924,652,200,2852772,161,High,No
2022-08-11,GrowOut-A,Farming,Pangasius,Monsoon,31.7,Rainy,8.2,7.4,0.24,9.0,1,9603,145.1,1272.3,15377,777,209,2553806,-6774,High,No
2022-08-12,GrowOut-A,Farming,Pangasius,Monsoon,31.0,Cloudy,24.3,7.3,0.23,7.8,1,9602,145.9,1247.8,14556,738,200,2396525,-6066,High,No
2022-08-13,GrowOut-A,Farming,Pangasius,Monsoon,31.4,Rainy,15.9,7.5,0.3,8.2,1,9601,177.0,1578.7,18713,734,205,3107529,-11865,High,No
2022-08-14,GrowOut-A,Farming,Pangasius,Monsoon,32.5,Rainy,6.0,7.0,0.38,5.9,7,9594,137.6,1298.5,13587,751,191,2381178,3553,High,No
2022-08-15,GrowOut-A,Farming,Pangasius,Monsoon,30.0,Rainy,5.1,7.6,0.29,8.6,0,9594,188.8,1579.2,20905,678,210,3181677,-9925,High,No
2022-08-16,GrowOut-A,Farming,Pangasius,Monsoon,30.0,Cloudy,6.6,7.5,0.19,8.3,1,9593,135.1,1144.4,13843,786,200,2195875,-878,High,No
2022-08-17,GrowOut-A,Farming,Pangasius,Monsoon,31.6,Cloudy,24.7,7.0,0.23,8.0,1,9592,153.0,1284.9,14852,712,207,2551491,-8048,High,No
2022-08-18,GrowOut-A,Farming,Pangasius,Monsoon,30.8,Rainy,14.5,7.6,0.25,8.3,0,9592,158.5,1335.6,17095,824,206,2639081,-7598,High,No
2022-08-19,GrowOut-A,Farming,Pangasius,Monsoon,30.3,Cloudy,14.6,7.5,0.28,8.2,1,9591,174.2,1460.0,16769,799,206,2884890,-14604,High,No
2022-08-20,GrowOut-A,Farming,Pangasius,Monsoon,30.3,Rainy,5.4,7.8,0.21,8.3,1,9590,135.8,1142.3,13015,870,210,2300718,-5898,High,No
2022-08-21,GrowOut-A,Farming,Pangasius,Monsoon,33.0,Cloudy,10.2,7.5,0.22,7.6,1,9589,149.9,1292.0,14813,611,197,2440885,-13165,High,No
2022-08-22,GrowOut-A,Farming,Pangasius,Monsoon,29.5,Cloudy,13.1,7.6,0.21,8.4,0,9589,145.4,1249.5,15084,630,199,2384310,28308,High,Yes
2022-08-23,GrowOut-A,Farming,Pangasius,Monsoon,29.5,Partly Cloudy,2.7,7.7,0.23,7.7,1,9588,144.2,1272.7,15695,615,202,2465192,17757,High,Yes
2022-08-24,GrowOut-A,Farming,Pangasius,Monsoon,30.0,Rainy,11.2,7.5,0.28,8.0,0,9588,169.6,1493.7,18156,820,204,2921606,13938,High,Yes
2022-08-25,GrowOut-A,Farming,Pangasius,Monsoon,29.9,Rainy,10.2,7.2,0.21,7.5,0,9588,140.4,1181.4,14199,721,197,2231471,6758,High,Yes
2022-08-26,GrowOut-A,Farming,Pangasius,Monsoon,29.5,Cloudy,5.7,7.2,0.24,8.5,0,9588,151.6,1285.4,17040,609,199,2452559,9407,High,Yes
2022-08-27,GrowOut-A,Farming,Pangasius,Monsoon,30.0,Heavy Rain,29.3,7.7,0.23,7.8,3,9585,138.7,1184.4,14184,810,197,2237137,6303,High,Yes
2022-08-28,GrowOut-A,Farming,Pangasius,Monsoon,30.9,Rainy,12.9,7.8,0.23,8.1,1,9584,148.4,1254.2,16417,466,204,2452387,9413,High,Yes
2022-08-29,GrowOut-A,Farming,Pangasius,Monsoon,30.1,Cloudy,21.5,7.3,0.24,8.2,0,9584,158.5,1325.4,15160,519,205,2604040,34143,High,Yes
2022-08-30,GrowOut-A,Farming,Pangasius,Monsoon,32.1,Cloudy,6.6,7.8,0.28,7.4,0,9584,168.3,1431.6,16452,615,203,2785252,26404,High,Yes
2022-08-31,GrowOut-A,Farming,Pangasius,Monsoon,29.7,Rainy,5.1,7.2,0.3,8.0,5,9579,191.9,1640.6,18945,683,202,3176149,26054,High,Yes
2022-09-01,GrowOut-A,Farming,Pangasius,Monsoon,30.5,Hot,3.1,7.4,0.29,8.0,1,9578,170.0,1589.0,16880,725,197,2998543,38451,High,Yes
2022-09-02,GrowOut-A,Farming,Pangasius,Monsoon,28.2,Cloudy,12.5,7.6,0.2,8.4,0,9578,131.7,1194.1,12707,528,209,2390352,17725,High,Yes
2022-09-03,GrowOut-A,Farming,Pangasius,Monsoon,30.4,Rainy,11.5,7.3,0.28,8.1,1,9577,182.3,1600.7,20916,751,202,3096964,4596,High,Yes
2022-09-04,GrowOut-A,Farming,Pangasius,Monsoon,29.2,Cloudy,30.4,7.1,0.21,8.6,3,9574,135.5,1266.1,13299,769,195,2364461,22024,High,Yes
2022-09-05,GrowOut-A,Farming,Pangasius,Monsoon,28.3,Partly Cloudy,3.6,8.1,0.26,8.3,1,9573,151.4,1348.9,14992,512,194,2505388,18383,High,Yes
2022-09-06,GrowOut-A,Farming,Pangasius,Monsoon,27.8,Cloudy,16.4,7.4,0.23,8.1,3,9570,154.9,1337.4,17205,698,200,2560586,28926,High,Yes
2022-09-07,GrowOut-A,Farming,Pangasius,Monsoon,28.9,Heavy Rain,27.8,7.5,0.2,8.8,0,9570,137.6,1262.9,15050,687,204,2465534,15114,High,Yes
2022-09-08,GrowOut-A,Farming,Pangasius,Monsoon,30.3,Sunny,3.1,7.4,0.23,8.1,1,9569,138.4,1233.6,13353,660,198,2337499,13622,High,Yes
2022-09-09,GrowOut-A,Farming,Pangasius,Monsoon,27.5,Rainy,6.1,7.4,0.24,8.0,1,9568,166.5,1437.0,17492,841,195,2681377,6062,High,Yes
2022-09-10,GrowOut-A,Farming,Pangasius,Monsoon,29.7,Rainy,9.8,7.1,0.24,8.0,0,9568,152.8,1308.7,17373,551,194,2429198,27767,High,Yes
2022-09-11,GrowOut-A,Farming,Pangasius,Monsoon,29.7,Cloudy,17.8,7.3,0.28,9.3,1,9567,166.5,1571.5,17932,698,193,2901970,26023,High,Yes
2022-09-12,GrowOut-A,Farming,Pangasius,Monsoon,29.1,Cloudy,29.9,7.5,0.27,8.1,0,9567,160.9,1405.2,15828,874,200,2688710,9974,High,Yes
2022-09-13,GrowOut-A,Farming,Pangasius,Monsoon,28.3,Cloudy,9.0,7.7,0.28,8.4,2,9565,186.9,1529.8,20840,463,203,2971026,36037,High,Yes
2022-09-14,GrowOut-A,Farming,Pangasius,Monsoon,27.9,Cloudy,11.3,7.3,0.24,8.9,0,9565,175.5,1416.6,18135,738,192,2601558,28984,High,Yes
2022-09-15,GrowOut-A,Farming,Pangasius,Monsoon,26.7,Cloudy,8.3,7.2,0.27,8.7,0,9565,160.1,1349.7,15994,813,209,2698165,13794,High,Yes
2022-09-16,GrowOut-A,Farming,Pangasius,Monsoon,29.1,Rainy,15.4,7.7,0.28,8.9,0,9565,178.2,1492.3,18410,659,203,2897591,24658,High,Yes
2022-09-17,GrowOut-A,Farming,Pangasius,Monsoon,30.1,Cloudy,5.1,7.5,0.32,8.3,2,9563,200.1,1636.5,22964,605,205,3208890,6529,High,Yes
2022-09-18,GrowOut-A,Farming,Pangasius,Monsoon,26.9,Cloudy,12.6,7.2,0.22,8.5,0,9563,142.5,1303.9,14226,505,202,2518778,12253,High,Yes
2022-09-19,GrowOut-A,Farming,Pangasius,Monsoon,27.8,Sunny,2.5,7.4,0.24,9.1,0,9563,133.3,1104.6,14967,638,200,2112658,22048,High,Yes
2022-09-20,GrowOut-A,Farming,Pangasius,Monsoon,26.6,Rainy,17.3,7.0,0.26,8.5,0,9563,158.6,1434.8,17354,535,190,2606989,18192,High,Yes
2022-09-21,GrowOut-A,Farming,Pangasius,Monsoon,28.5,Cloudy,18.9,7.5,0.25,8.1,0,9563,146.2,1364.0,13957,875,204,2660962,20339,High,Yes
2022-09-22,GrowOut-A,Farming,Pangasius,Monsoon,28.1,Sunny,1.9,7.1,0.23,8.9,4,9559,148.8,1218.9,14286,673,193,2249674,24689,High,Yes
2022-09-23,GrowOut-A,Farming,Pangasius,Monsoon,27.7,Cloudy,20.0,7.2,0.29,7.5,11,9548,129.3,1220.3,12967,615,194,2262980,13847,High,Yes
2022-09-24,GrowOut-A,Farming,Pangasius,Monsoon,26.0,Cloudy,14.8,7.6,0.21,9.8,2,9546,126.0,1055.8,12884,580,197,1985913,13845,High,Yes
2022-09-25,GrowOut-A,Farming,Pangasius,Monsoon,27.3,Cloudy,6.7,7.8,0.26,8.9,0,9546,170.5,1465.3,18281,508,186,2601722,14024,High,Yes
2022-09-26,GrowOut-A,Farming,Pangasius,Monsoon,28.5,Cloudy,13.2,7.3,0.27,8.9,0,9546,160.0,1407.0,15662,721,206,2766832,21744,High,Yes
2022-09-27,GrowOut-A,Farming,Pangasius,Monsoon,27.0,Rainy,17.7,7.7,0.18,9.1,0,9546,126.3,1085.6,14029,684,192,1989722,15328,High,Yes
2022-09-28,GrowOut-A,Farming,Pangasius,Monsoon,28.0,Rainy,12.3,7.8,0.23,9.8,0,9546,154.0,1275.2,15131,896,197,2398093,26448,High,Yes
2022-09-29,GrowOut-A,Farming,Pangasius,Monsoon,25.4,Cloudy,11.5,7.3,0.23,9.1,0,9546,129.7,1219.3,13592,703,194,2258051,25187,High,Yes
2022-09-30,GrowOut-A,Farming,Pangasius,Monsoon,27.8,Cloudy,10.4,7.1,0.24,8.7,1,9545,153.7,1268.0,15882,588,197,2384553,22241,High,Yes
2022-10-01,GrowOut-A,Farming,Pangasius,Autumn,26.6,Rainy,18.9,7.4,0.25,9.0,1,9544,164.2,1332.2,17752,887,197,2505022,17973,High,Yes
2022-10-02,GrowOut-A,Farming,Pangasius,Autumn,25.6,Cloudy,7.3,7.4,0.0,9.2,1,11953,4.3,20.6,462,829,190,46788,-1326,Low,No
2022-10-03,GrowOut-A,Farming,Pangasius,Autumn,25.3,Rainy,6.1,7.3,0.02,9.2,0,11953,5.7,27.8,554,459,197,65462,-1277,Low,No
2022-10-04,GrowOut-A,Farming,Pangasius,Autumn,26.1,Partly Cloudy,3.9,7.7,0.03,10.3,0,11953,9.2,45.4,1017,864,188,102021,-2266,Low,No
2022-10-05,GrowOut-A,Farming,Pangasius,Autumn,26.9,Cloudy,3.8,7.4,0.02,8.6,2,11951,8.6,43.0,853,596,184,94572,-1916,Low,No
2022-10-06,GrowOut-A,Farming,Pangasius,Autumn,26.4,Cloudy,10.5,7.7,0.02,9.5,0,11951,9.5,41.0,1076,604,204,99958,-1669,Low,No
2022-10-07,GrowOut-A,Farming,Pangasius,Autumn,25.6,Cloudy,1.9,7.3,0.05,9.2,0,11951,11.3,53.9,1133,668,196,126255,-2637,Low,No
2022-10-08,GrowOut-A,Farming,Pangasius,Autumn,24.1,Cloudy,5.8,8.1,0.0,9.3,1,11950,8.3,39.3,838,580,197,92526,-1290,Low,No
2022-10-09,GrowOut-A,Farming,Pangasius,Autumn,24.3,Partly Cloudy,4.1,7.3,0.03,9.7,0,11950,10.6,46.3,1205,808,201,111210,-2158,Low,No
2022-10-10,GrowOut-A,Farming,Pangasius,Autumn,24.7,Cloudy,4.1,7.3,0.03,9.1,0,11950,10.3,50.5,1180,818,198,119488,-2409,Low,No
2022-10-11,GrowOut-A,Farming,Pangasius,Autumn,24.7,Rainy,11.0,7.5,0.02,9.0,0,11950,11.6,51.8,1268,606,194,120088,-1854,Low,No
2022-10-12,GrowOut-A,Farming,Pangasius,Autumn,23.9,Cloudy,3.2,7.2,0.04,9.4,1,11949,9.5,44.3,1005,870,197,104289,-2484,Low,No
2022-10-13,GrowOut-A,Farming,Pangasius,Autumn,24.3,Rainy,18.0,7.3,0.03,9.7,1,11948,8.7,40.2,869,751,184,88384,-2135,Low,No
2022-10-14,GrowOut-A,Farming,Pangasius,Autumn,26.8,Rainy,5.6,7.5,0.02,8.9,1,11947,6.4,32.0,700,495,196,74938,-2037,Low,No
2022-10-15,GrowOut-A,Farming,Pangasius,Autumn,24.1,Cloudy,2.5,7.8,0.02,9.9,1,11946,10.7,52.9,1156,846,193,121975,-2159,Low,No
2022-10-16,GrowOut-A,Farming,Pangasius,Autumn,25.3,Rainy,7.3,7.7,0.01,9.4,1,11945,10.4,52.3,1047,477,195,121831,-2313,Low,No
2022-10-17,GrowOut-A,Farming,Pangasius,Autumn,26.2,Rainy,13.2,7.5,0.04,9.8,1,11944,12.7,61.2,1444,861,191,139627,-2136,Low,No
2022-10-18,GrowOut-A,Farming,Pangasius,Autumn,23.9,Sunny,1.3,7.3,0.01,9.8,0,11944,13.2,57.3,1475,805,188,128666,-1698,Low,No
2022-10-19,GrowOut-A,Farming,Pangasius,Autumn,24.0,Cloudy,9.1,7.4,0.11,7.3,5,11939,10.7,48.6,1227,578,197,114354,-2112,Low,No
2022-10-20,GrowOut-A,Farming,Pangasius,Autumn,22.6,Partly Cloudy,1.1,7.0,0.02,9.7,0,11939,14.3,68.9,1503,573,191,157116,-2823,Low,No
2022-10-21,GrowOut-A,Farming,Pangasius,Autumn,25.3,Sunny,5.0,7.5,0.01,9.4,1,11938,16.4,78.8,1794,456,198,186277,-1578,Low,No
2022-10-22,GrowOut-A,Farming,Pangasius,Autumn,23.8,Rainy,14.0,7.2,0.04,9.0,0,11938,15.1,66.2,1705,822,189,149366,-2762,Low,No
2022-10-23,GrowOut-A,Farming,Pangasius,Autumn,24.1,Cloudy,8.5,7.1,0.04,9.3,1,11937,16.8,83.1,1643,596,196,194441,-2489,Low,No
2022-10-24,GrowOut-A,Farming,Pangasius,Autumn,25.9,Cloudy,8.7,7.4,0.02,10.0,0,11937,13.3,63.3,1517,586,186,140544,-2339,Low,No
2022-10-25,GrowOut-A,Farming,Pangasius,Autumn,24.0,Partly Cloudy,0.8,7.7,0.05,10.1,0,11937,13.8,65.7,1328,503,191,149794,-2028,Low,No
2022-10-26,GrowOut-A,Farming,Pangasius,Autumn,21.3,Cloudy,3.4,7.1,0.05,10.3,0,11937,11.5,54.0,1254,590,192,123763,-1487,Low,No
2022-10-27,GrowOut-A,Farming,Pangasius,Autumn,23.2,Cloudy,7.4,7.4,0.03,9.4,3,11934,12.0,56.7,1370,665,189,127920,-1903,Low,No
2022-10-28,GrowOut-A,Farming,Pangasius,Autumn,22.6,Cloudy,8.0,7.4,0.02,10.4,2,11932,13.0,60.1,1357,692,192,137709,-1995,Low,No
2022-10-29,GrowOut-A,Farming,Pangasius,Autumn,22.1,Sunny,4.0,7.8,0.03,9.7,0,11932,13.5,61.4,1495,686,195,142862,-2074,Low,No
2022-10-30,GrowOut-A,Farming,Pangasius,Autumn,22.2,Sunny,4.5,7.3,0.05,10.6,1,11931,15.9,77.3,1774,856,193,178012,-2145,Low,No
2022-10-31,GrowOut-A,Farming,Pangasius,Autumn,22.7,Rainy,7.7,7.8,0.02,10.6,2,11929,12.1,56.0,1256,756,194,129618,-2287,Low,No
2022-11-01,GrowOut-A,Farming,Pangasius,Autumn,23.8,Sunny,3.8,7.7,0.04,10.6,0,11929,19.0,83.7,1826,509,180,179722,-2206,Low,No
2022-11-02,GrowOut-A,Farming,Pangasius,Autumn,20.0,Rainy,7.5,7.8,0.04,10.6,1,11928,12.5,59.8,1265,460,190,135537,-1275,Low,No
2022-11-03,GrowOut-A,Farming,Pangasius,Autumn,23.1,Rainy,12.3,7.7,0.01,10.0,1,11927,16.7,81.4,1702,479,184,178653,-1095,Low,No
2022-11-04,GrowOut-A,Farming,Pangasius,Autumn,21.5,Sunny,1.3,7.2,0.05,10.7,0,11927,16.5,83.4,1662,531,191,189990,-1323,Low,No
2022-11-05,GrowOut-A,Farming,Pangasius,Autumn,21.1,Cloudy,2.4,7.4,0.05,10.1,1,11926,12.1,61.2,1390,622,193,140877,-2057,Low,No
2022-11-06,GrowOut-A,Farming,Pangasius,Autumn,21.7,Partly Cloudy,2.5,7.4,0.02,10.4,1,11925,15.8,76.5,1710,693,190,173344,-2055,Low,No
2022-11-07,GrowOut-A,Farming,Pangasius,Autumn,21.6,Rainy,8.2,7.3,0.02,9.3,1,11924,14.2,63.1,1499,778,190,142969,-1727,Low,No
2022-11-08,GrowOut-A,Farming,Pangasius,Autumn,22.2,Sunny,1.8,6.7,0.05,9.0,0,11924,19.6,93.7,2144,641,200,223456,-1862,Low,No
2022-11-09,GrowOut-A,Farming,Pangasius,Autumn,21.6,Sunny,2.0,7.5,0.01,9.9,0,11924,15.7,74.3,1551,844,194,171875,-3070,Low,No
2022-11-10,GrowOut-A,Farming,Pangasius,Autumn,23.0,Cloudy,1.5,7.1,0.04,10.0,0,11924,21.2,92.9,2389,457,186,206040,-2954,Low,No
2022-11-11,GrowOut-A,Farming,Pangasius,Autumn,20.4,Rainy,5.8,7.5,0.05,10.0,1,11923,15.5,76.6,1743,560,200,182676,-1851,Low,No
2022-11-12,GrowOut-A,Farming,Pangasius,Autumn,21.9,Rainy,8.9,7.3,0.01,9.3,0,11923,16.6,76.0,1835,513,199,180323,-2368,Low,No
2022-11-13,GrowOut-A,Farming,Pangasius,Autumn,21.0,Cloudy,5.0,7.5,0.03,10.4,0,11923,18.5,82.6,2043,818,191,188104,-2718,Low,No
2022-11-14,GrowOut-A,Farming,Pangasius,Autumn,21.7,Sunny,3.4,7.6,0.06,10.7,1,11922,26.9,123.1,2778,574,189,277399,-2003,Low,No
2022-11-15,GrowOut-A,Farming,Pangasius,Autumn,21.3,Cloudy,0.9,7.6,0.05,10.2,1,11921,20.2,101.2,2092,673,188,226823,-3186,Low,No
2022-11-16,GrowOut-A,Farming,Pangasius,Autumn,19.3,Cloudy,4.9,7.3,0.02,11.3,1,11920,15.4,96.4,1561,637,198,227539,-1845,Low,No
2022-11-17,GrowOut-A,Farming,Pangasius,Autumn,18.7,Sunny,2.3,7.6,0.03,10.0,1,11919,13.4,88.9,1501,585,198,209818,-2588,Low,No
2022-11-18,GrowOut-A,Farming,Pangasius,Autumn,20.6,Partly Cloudy,1.0,7.9,0.06,10.7,2,11917,26.0,113.9,2973,701,196,266085,-3021,Low,No
2022-11-19,GrowOut-A,Farming,Pangasius,Autumn,18.6,Partly Cloudy,3.7,7.8,0.05,9.8,0,11917,12.2,73.9,1384,831,197,173491,-1685,Low,No
2022-11-20,GrowOut-A,Farming,Pangasius,Autumn,20.1,Sunny,2.3,7.8,0.02,10.9,0,11917,17.4,77.6,1864,468,193,178479,-2192,Low,No
2022-11-21,GrowOut-A,Farming,Pangasius,Autumn,19.4,Cloudy,2.0,8.1,0.05,9.9,0,11917,14.6,89.1,1527,841,190,201743,-2278,Low,No
2022-11-22,GrowOut-A,Farming,Pangasius,Autumn,18.9,Sunny,0.9,7.4,0.05,10.7,0,11917,14.5,89.6,1593,786,189,201807,-2473,Low,No
2022-11-23,GrowOut-A,Farming,Pangasius,Autumn,17.6,Cold,2.1,7.7,0.02,11.5,3,11914,16.7,110.2,1719,558,197,258711,-1143,Low,No
2022-11-24,GrowOut-A,Farming,Pangasius,Autumn,20.3,Partly Cloudy,2.0,7.9,0.04,10.2,1,11913,22.8,100.7,2307,612,206,247146,-2915,Low,No
2022-11-25,GrowOut-A,Farming,Pangasius,Autumn,18.5,Sunny,0.3,7.4,0.03,10.9,1,11912,19.2,118.4,2116,594,187,263763,-2170,Low,No
2022-11-26,GrowOut-A,Farming,Pangasius,Autumn,21.6,Partly Cloudy,0.4,7.6,0.05,10.6,1,11911,20.5,89.8,2251,457,191,204312,-1933,Low,No
2022-11-27,GrowOut-A,Farming,Pangasius,Autumn,21.7,Cloudy,0.4,7.2,0.05,9.9,2,11909,28.2,142.3,2790,554,193,327123,-1892,Low,No
2022-11-28,GrowOut-A,Farming,Pangasius,Autumn,17.8,Cloudy,0.2,6.8,0.03,10.7,2,11907,18.1,105.3,1842,794,193,242025,-1457,Low,No
2022-11-29,GrowOut-A,Farming,Pangasius,Autumn,18.3,Cloudy,0.0,7.4,0.02,10.6,1,11906,17.5,116.3,1919,608,198,274187,-1213,Low,No
2022-11-30,GrowOut-A,Farming,Pangasius,Autumn,21.2,Partly Cloudy,0.0,7.5,0.08,9.9,1,11905,23.9,117.9,2744,881,190,266706,-4031,Low,No
2022-12-01,GrowOut-A,Farming,Pangasius,Winter,18.2,Sunny,0.0,7.3,0.07,9.9,2,11903,26.9,157.9,2967,636,198,372200,-2650,Low,No
2022-12-02,GrowOut-A,Farming,Pangasius,Winter,19.6,Sunny,0.0,7.2,0.19,7.3,16,11887,20.4,134.4,2190,750,205,327951,-1348,Low,No
2022-12-03,GrowOut-A,Farming,Pangasius,Winter,18.0,Cloudy,0.0,7.5,0.08,8.3,15,11872,19.4,130.3,2048,574,181,280347,-2979,Low,No
2022-12-04,GrowOut-A,Farming,Pangasius,Winter,17.5,Sunny,0.0,7.1,0.06,10.9,0,11872,23.3,156.5,2589,859,193,358588,-1094,Low,No
2022-12-05,GrowOut-A,Farming,Pangasius,Winter,16.5,Sunny,0.0,7.7,0.06,11.5,1,11871,19.7,117.1,2079,817,197,273872,-1571,Low,No
2022-12-06,GrowOut-A,Farming,Pangasius,Winter,18.2,Sunny,0.0,7.5,0.06,10.9,1,11870,19.2,118.7,2041,896,191,269136,-2534,Low,No
2022-12-07,GrowOut-A,Farming,Pangasius,Winter,18.4,Sunny,0.0,7.3,0.03,10.8,1,11869,21.2,142.4,2336,492,182,307632,-2296,Low,No
2022-12-08,GrowOut-A,Farming,Pangasius,Winter,17.7,Cloudy,0.0,7.8,0.21,9.0,5,11864,22.7,133.4,2353,803,205,324582,-1390,Low,No
2022-12-09,GrowOut-A,Farming,Pangasius,Winter,18.6,Sunny,0.0,7.6,0.05,10.0,0,11864,24.8,165.1,2470,856,195,381956,-1479,Low,No
2022-12-10,GrowOut-A,Farming,Pangasius,Winter,19.0,Partly Cloudy,0.0,7.1,0.04,10.5,0,11864,24.0,150.3,2609,576,195,347716,-2222,Low,No
2022-12-11,GrowOut-A,Farming,Pangasius,Winter,18.3,Sunny,0.0,7.7,0.04,10.9,1,11863,19.9,130.7,1897,543,200,310125,-844,Low,No
2022-12-12,GrowOut-A,Farming,Pangasius,Winter,16.6,Sunny,0.0,7.4,0.03,10.3,1,11862,26.5,173.4,2676,704,192,394952,-1458,Low,No
2022-12-13,GrowOut-A,Farming,Pangasius,Winter,18.8,Partly Cloudy,0.0,7.8,0.06,10.6,0,11862,29.1,171.9,2988,783,193,393542,-1663,Low,No
2022-12-14,GrowOut-A,Farming,Pangasius,Winter,19.0,Cloudy,0.0,7.4,0.03,11.2,0,11862,20.7,137.1,2110,494,202,328509,-784,Low,No
2022-12-15,GrowOut-A,Farming,Pangasius,Winter,16.0,Cloudy,0.0,7.3,0.08,12.0,1,11861,27.8,183.5,2972,886,188,409215,-3898,Low,No
2022-12-16,GrowOut-A,Farming,Pangasius,Winter,18.8,Partly Cloudy,0.0,7.6,0.07,10.9,1,11860,28.8,177.8,2867,699,193,407015,-2513,Low,No
2022-12-17,GrowOut-A,Farming,Pangasius,Winter,16.5,Sunny,0.0,7.0,0.05,11.1,1,11859,27.1,163.2,2993,583,194,375497,-1778,Low,No
2022-12-18,GrowOut-A,Farming,Pangasius,Winter,16.1,Cold,0.0,6.9,0.05,11.1,0,11859,27.4,170.6,3033,519,197,398560,-2868,Low,No
2022-12-19,GrowOut-A,Farming,Pangasius,Winter,18.4,Sunny,0.0,7.6,0.05,10.2,0,11859,28.2,165.2,2930,793,197,385944,-3283,Low,No
2022-12-20,GrowOut-A,Farming,Pangasius,Winter,16.3,Cold,0.0,7.9,0.05,11.1,0,11859,30.0,189.8,3157,496,196,441164,-2410,Low,No
2022-12-21,GrowOut-A,Farming,Pangasius,Winter,15.4,Cold,0.0,7.2,0.08,12.0,4,11855,28.7,205.2,3222,456,189,459925,-2593,Low,No
2022-12-22,GrowOut-A,Farming,Pangasius,Winter,17.7,Cold,0.0,7.5,0.05,10.7,2,11853,26.4,205.9,3032,559,200,488189,-3256,Low,No
2022-12-23,GrowOut-A,Farming,Pangasius,Winter,15.9,Cloudy,0.0,7.7,0.06,11.4,2,11851,27.3,176.3,2740,516,200,417937,-1937,Low,No
2022-12-24,GrowOut-A,Farming,Pangasius,Winter,17.2,Cloudy,0.0,7.1,0.05,10.2,2,11849,30.1,187.9,3077,875,189,420866,-2628,Low,No
2022-12-25,GrowOut-A,Farming,Pangasius,Winter,16.0,Sunny,0.0,7.2,0.05,11.0,1,11848,31.7,223.6,3097,453,198,524588,-2410,Low,No
2022-12-26,GrowOut-A,Farming,Pangasius,Winter,16.1,Sunny,0.0,7.3,0.06,11.2,0,11848,30.3,195.4,3145,644,194,449129,-1681,Low,No
2022-12-27,GrowOut-A,Farming,Pangasius,Winter,17.1,Sunny,0.0,7.4,0.03,10.5,0,11848,30.1,184.0,3430,540,197,429466,-3528,Low,No
2022-12-28,GrowOut-A,Farming,Pangasius,Winter,17.0,Cloudy,0.0,7.4,0.08,11.1,1,11847,35.2,257.4,3833,671,202,616034,-1305,Low,No
2022-12-29,GrowOut-A,Farming,Pangasius,Winter,17.6,Cloudy,0.0,7.6,0.09,10.3,2,11845,29.5,209.6,3034,501,195,484211,-3151,Low,No
2022-12-30,GrowOut-A,Farming,Pangasius,Winter,16.6,Sunny,0.0,7.7,0.05,11.1,3,11842,33.3,197.9,3181,777,199,466481,-2343,Low,No
2022-12-31,GrowOut-A,Farming,Pangasius,Winter,17.1,Cloudy,0.0,7.2,0.09,11.3,1,11841,33.9,264.4,3267,832,194,607419,-2766,Low,No
2023-01-01,GrowOut-A,Farming,Pangasius,Winter,16.4,Cloudy,0.0,7.0,0.02,11.5,2,11839,30.1,193.1,3012,519,197,450440,-1226,Low,No
2023-01-02,GrowOut-A,Farming,Pangasius,Winter,16.2,Cold,0.0,7.8,0.06,11.3,1,11838,31.2,246.4,3327,690,203,592177,-755,Low,No
2023-01-03,GrowOut-A,Farming,Pangasius,Winter,17.3,Sunny,0.0,7.6,0.08,10.8,0,11838,32.2,223.7,3683,766,191,505799,-3073,Low,No
2023-01-04,GrowOut-A,Farming,Pangasius,Winter,15.8,Sunny,0.0,7.6,0.08,11.1,0,11838,38.2,290.1,3819,749,193,662801,-1273,Low,No
2023-01-05,GrowOut-A,Farming,Pangasius,Winter,17.9,Cold,0.0,7.4,0.06,10.0,1,11837,35.8,256.5,3864,885,200,607289,-575,Low,No
2023-01-06,GrowOut-A,Farming,Pangasius,Winter,16.2,Cloudy,0.0,7.4,0.04,10.7,0,11837,32.1,223.2,3192,786,205,541614,-2006,Low,No
2023-01-07,GrowOut-A,Farming,Pangasius,Winter,14.5,Sunny,0.0,7.7,0.05,11.1,0,11837,28.5,232.8,2971,756,190,523574,-2276,Low,No
2023-01-08,GrowOut-A,Farming,Pangasius,Winter,16.7,Cloudy,0.0,7.1,0.09,10.9,0,11837,41.3,318.6,4168,864,197,742940,-3972,Low,No
2023-01-09,GrowOut-A,Farming,Pangasius,Winter,15.0,Sunny,0.0,7.5,0.07,11.1,1,11836,28.9,230.7,3009,543,198,540698,-2387,Low,No
2023-01-10,GrowOut-A,Farming,Pangasius,Winter,16.4,Cold,0.0,7.4,0.07,10.7,1,11835,34.9,271.6,3538,585,192,617214,-1464,Low,No
2023-01-11,GrowOut-A,Farming,Pangasius,Winter,16.7,Cold,0.0,7.4,0.09,11.5,0,11835,42.6,305.6,4624,524,195,705271,-4197,Low,No
2023-01-12,GrowOut-A,Farming,Pangasius,Winter,16.2,Cold,0.0,7.0,0.08,10.9,1,11834,36.3,294.3,3758,658,194,675710,-2840,Low,No
2023-01-13,GrowOut-A,Farming,Pangasius,Winter,15.6,Cold,0.0,7.7,0.05,11.4,0,11834,33.3,256.3,3427,782,201,609644,-3861,Low,No
2023-01-14,GrowOut-A,Farming,Pangasius,Winter,17.1,Sunny,0.0,7.1,0.18,8.8,8,11826,38.5,284.9,4199,808,206,694530,-4609,Low,No
2023-01-15,GrowOut-A,Farming,Pangasius,Winter,15.1,Sunny,0.0,7.8,0.07,11.5,1,11825,36.1,277.1,3760,568,198,648843,-2539,Low,No
2023-01-16,GrowOut-A,Farming,Pangasius,Winter,17.0,Sunny,0.0,7.7,0.08,10.7,1,11824,36.4,278.7,3744,501,199,655830,-268,Low,No
2023-01-17,GrowOut-A,Farming,Pangasius,Winter,14.7,Sunny,0.0,7.5,0.1,12.0,0,11824,41.2,291.7,4574,863,195,672567,-5169,Low,No
2023-01-18,GrowOut-A,Farming,Pangasius,Winter,14.5,Cold,0.0,7.7,0.1,10.7,2,11822,43.1,305.1,4195,618,200,721500,-1856,Low,No
2023-01-19,GrowOut-A,Farming,Pangasius,Winter,16.4,Cloudy,0.0,6.9,0.11,11.1,1,11821,48.0,338.5,4966,669,207,828362,-1536,Low,No
2023-01-20,GrowOut-A,Farming,Pangasius,Winter,15.7,Sunny,0.0,7.3,0.11,11.0,0,11821,55.5,398.1,5458,580,206,969424,-3325,Medium,No
2023-01-21,GrowOut-A,Farming,Pangasius,Winter,18.0,Partly Cloudy,0.0,7.2,0.1,10.4,1,11820,49.6,364.8,5656,668,206,888334,-765,Low,No
2023-01-22,GrowOut-A,Farming,Pangasius,Winter,15.0,Sunny,0.0,7.4,0.09,11.6,1,11819,46.4,350.2,5043,637,196,811315,-3408,Low,No
2023-01-23,GrowOut-A,Farming,Pangasius,Winter,15.8,Cold,0.0,7.1,0.08,11.7,3,11816,39.6,287.3,4365,581,205,696098,-3635,Low,No
2023-01-24,GrowOut-A,Farming,Pangasius,Winter,15.3,Cloudy,0.0,7.3,0.06,11.8,2,11814,42.8,306.8,4702,795,204,739530,-2875,Low,No
2023-01-25,GrowOut-A,Farming,Pangasius,Winter,16.6,Sunny,0.0,7.1,0.11,10.7,0,11814,42.5,313.3,4737,615,199,736564,-1755,Low,No
2023-01-26,GrowOut-A,Farming,Pangasius,Winter,16.8,Sunny,0.0,7.2,0.1,11.0,1,11813,53.6,375.7,5548,781,200,887704,-1641,Low,No
2023-01-27,GrowOut-A,Farming,Pangasius,Winter,15.2,Cloudy,0.0,7.7,0.09,11.3,1,11812,57.3,423.3,5745,838,203,1015090,-2737,Medium,No
2023-01-28,GrowOut-A,Farming,Pangasius,Winter,17.4,Cold,0.0,8.2,0.08,10.9,1,11811,53.1,410.3,5905,715,202,978986,-299,Medium,No
2023-01-29,GrowOut-A,Farming,Pangasius,Winter,15.1,Sunny,0.0,7.9,0.11,11.2,0,11811,55.4,389.6,5417,543,207,952524,-48,Medium,No
2023-01-30,GrowOut-A,Farming,Pangasius,Winter,14.5,Sunny,0.0,7.4,0.08,11.4,2,11809,50.9,368.6,5384,596,202,879414,-4219,Low,No
2023-01-31,GrowOut-A,Farming,Pangasius,Winter,14.5,Sunny,0.0,7.4,0.1,12.0,0,11809,45.5,360.3,5219,756,203,863721,-4589,Low,No
2023-02-01,GrowOut-A,Farming,Pangasius,Winter,15.0,Cloudy,0.0,7.7,0.1,11.2,1,11808,59.5,465.6,6684,507,194,1066664,-6220,Medium,No
2023-02-02,GrowOut-A,Farming,Pangasius,Winter,17.2,Cold,0.0,7.3,0.11,11.5,0,11808,63.5,444.6,7000,754,208,1091966,-6276,Medium,No
2023-02-03,GrowOut-A,Farming,Pangasius,Winter,15.4,Sunny,0.0,7.2,0.11,11.1,1,11807,50.1,388.8,5212,735,200,918190,-1188,Medium,No
2023-02-04,GrowOut-A,Farming,Pangasius,Winter,14.8,Cloudy,0.0,7.7,0.11,11.4,2,11805,57.3,424.6,6517,616,201,1007664,-3856,Medium,No
2023-02-05,GrowOut-A,Farming,Pangasius,Winter,18.1,Cloudy,0.0,7.5,0.08,10.8,0,11805,50.4,356.8,5527,779,208,876101,-2206,Low,No
2023-02-06,GrowOut-A,Farming,Pangasius,Winter,17.7,Sunny,0.0,7.3,0.1,10.7,1,11804,54.1,400.1,5718,548,203,958806,-410,Medium,No
2023-02-07,GrowOut-A,Farming,Pangasius,Winter,16.1,Cloudy,0.0,7.8,0.09,10.9,2,11802,47.6,388.3,4844,710,209,957950,341,Medium,No
2023-02-08,GrowOut-A,Farming,Pangasius,Winter,16.6,Cloudy,0.0,7.3,0.13,10.9,0,11802,66.8,514.3,6407,732,206,1250372,-2922,Medium,No
2023-02-09,GrowOut-A,Farming,Pangasius,Winter,17.8,Cold,0.0,7.5,0.12,10.4,0,11802,71.9,521.3,7487,896,212,1304305,-5870,Medium,No
2023-02-10,GrowOut-A,Farming,Pangasius,Winter,17.6,Sunny,0.0,7.5,0.12,11.2,1,11801,67.8,538.3,6850,843,201,1276956,-5064,Medium,No
2023-02-11,GrowOut-A,Farming,Pangasius,Winter,18.6,Cloudy,0.0,7.4,0.1,10.2,1,11800,58.1,439.6,6292,742,210,1089421,-3175,Medium,No
2023-02-12,GrowOut-A,Farming,Pangasius,Winter,16.9,Cloudy,0.0,7.1,0.11,10.8,2,11798,68.8,525.6,7127,491,206,1277628,-6628,Medium,No
2023-02-13,GrowOut-A,Farming,Pangasius,Winter,16.9,Cloudy,0.0,7.6,0.12,11.0,2,11796,55.5,403.9,5849,650,208,991164,-890,Medium,No
2023-02-14,GrowOut-A,Farming,Pangasius,Winter,16.7,Cold,0.0,7.5,0.13,11.3,0,11796,75.8,566.5,7401,482,205,1369899,-6248,Medium,No
2023-02-15,GrowOut-A,Farming,Pangasius,Winter,17.1,Cold,0.0,7.4,0.12,10.8,0,11796,54.2,422.8,5473,622,205,1022407,-714,Medium,No
2023-02-16,GrowOut-A,Farming,Pangasius,Winter,16.6,Cold,0.0,7.2,0.11,10.9,2,11794,67.0,518.6,6457,703,209,1278538,-888,Medium,No
2023-02-17,GrowOut-A,Farming,Pangasius,Winter,16.9,Cloudy,0.0,7.5,0.11,10.4,1,11793,60.4,471.7,6642,864,206,1146025,-1682,Medium,No
2023-02-18,GrowOut-A,Farming,Pangasius,Winter,18.2,Sunny,0.0,8.1,0.09,10.7,1,11792,62.4,440.5,6867,715,210,1090911,-4400,Medium,No
2023-02-19,GrowOut-A,Farming,Pangasius,Winter,15.2,Cloudy,0.0,7.4,0.11,10.7,1,11791,58.9,475.4,5922,488,204,1143607,-1221,Medium,No
2023-02-20,GrowOut-A,Farming,Pangasius,Winter,16.9,Sunny,0.0,7.5,0.13,10.7,3,11788,66.5,543.2,7236,832,199,1274569,147,Medium,No
2023-02-21,GrowOut-A,Farming,Pangasius,Winter,19.7,Sunny,0.0,7.4,0.14,9.7,1,11787,76.0,563.6,8357,583,214,1421755,27,Medium,No
2023-02-22,GrowOut-A,Farming,Pangasius,Winter,16.6,Cold,0.0,7.1,0.12,11.1,0,11787,72.1,544.8,7570,717,214,1374213,896,Medium,No
2023-02-23,GrowOut-A,Farming,Pangasius,Winter,16.7,Cold,0.0,7.0,0.15,11.7,2,11785,78.0,638.1,7616,837,213,1602034,-2913,Medium,No
2023-02-24,GrowOut-A,Farming,Pangasius,Winter,17.7,Sunny,0.0,7.6,0.12,10.6,2,11783,76.0,582.8,8671,797,211,1449211,-2277,Medium,No
2023-02-25,GrowOut-A,Farming,Pangasius,Winter,18.5,Sunny,0.0,6.9,0.1,11.0,1,11782,66.4,499.1,6388,805,208,1223226,-4235,Medium,No
2023-02-26,GrowOut-A,Farming,Pangasius,Winter,17.0,Sunny,0.0,7.1,0.12,10.8,1,11781,70.8,550.7,7720,487,210,1362553,-2465,Medium,No
2023-02-27,GrowOut-A,Farming,Pangasius,Winter,19.1,Sunny,0.0,7.5,0.14,10.7,0,11781,63.9,518.6,6724,541,208,1270802,-5639,Medium,No
2023-02-28,GrowOut-A,Farming,Pangasius,Winter,19.3,Partly Cloudy,0.0,7.3,0.11,10.3,0,11781,75.9,568.7,8477,756,205,1373470,-5144,Medium,No
2023-03-01,GrowOut-A,Farming,Pangasius,Spring,17.4,Cloudy,0.0,7.3,0.13,11.1,0,11781,80.2,615.6,7712,489,203,1472234,-6177,Medium,No
2023-03-02,GrowOut-A,Farming,Pangasius,Spring,17.0,Sunny,0.0,7.4,0.16,10.6,1,11780,82.3,602.6,9039,783,208,1476640,-8536,Medium,No
2023-03-03,GrowOut-A,Farming,Pangasius,Spring,16.1,Cold,0.0,7.2,0.15,10.3,3,11777,89.1,640.4,10163,685,215,1621941,-889,Medium,No
2023-03-04,GrowOut-A,Farming,Pangasius,Spring,20.1,Partly Cloudy,0.0,7.8,0.14,10.3,1,11776,96.1,537.3,10631,571,214,1354145,-9836,Medium,No
2023-03-05,GrowOut-A,Farming,Pangasius,Spring,15.9,Cold,0.0,6.9,0.11,11.0,3,11773,71.8,563.6,7573,568,213,1413671,-2219,Medium,No
2023-03-06,GrowOut-A,Farming,Pangasius,Spring,19.1,Sunny,0.0,7.5,0.16,11.1,0,11773,83.1,613.3,7987,837,198,1429635,-4085,Medium,No
2023-03-07,GrowOut-A,Farming,Pangasius,Spring,17.7,Cloudy,0.0,7.5,0.16,10.9,0,11773,82.1,658.7,8906,502,211,1636279,-2902,Medium,No
2023-03-08,GrowOut-A,Farming,Pangasius,Spring,19.9,Sunny,0.0,7.4,0.28,8.5,14,11759,79.7,737.1,9038,531,207,1796321,1827,Medium,No
2023-03-09,GrowOut-A,Farming,Pangasius,Spring,18.0,Cloudy,0.0,7.6,0.16,10.5,0,11759,87.9,681.6,9503,551,216,1731226,-3732,Medium,No
2023-03-10,GrowOut-A,Farming,Pangasius,Spring,19.9,Cloudy,0.0,7.7,0.14,10.2,0,11759,88.4,620.1,9408,504,215,1567728,665,Medium,No
2023-03-11,GrowOut-A,Farming,Pangasius,Spring,20.2,Sunny,0.0,7.2,0.17,10.2,1,11758,105.9,607.3,10158,630,207,1478237,-5595,Medium,No
2023-03-12,GrowOut-A,Farming,Pangasius,Spring,19.1,Partly Cloudy,0.0,7.5,0.13,10.0,0,11758,78.4,722.3,7583,656,216,1834446,-4405,Medium,No
2023-03-13,GrowOut-A,Farming,Pangasius,Spring,19.6,Cloudy,0.0,7.7,0.13,9.4,0,11758,83.3,740.9,8318,616,216,1881684,-1749,Medium,No
2023-03-14,GrowOut-A,Farming,Pangasius,Spring,19.9,Sunny,0.0,7.0,0.16,10.2,0,11758,79.0,740.5,8763,518,217,1889375,-3123,Medium,No
2023-03-15,GrowOut-A,Farming,Pangasius,Spring,18.3,Sunny,0.0,7.1,0.17,10.7,0,11758,84.0,668.0,9145,454,212,1665121,-8460,Medium,No
2023-03-16,GrowOut-A,Farming,Pangasius,Spring,18.8,Cloudy,0.0,7.6,0.15,10.8,2,11756,75.5,617.8,7637,542,219,1590836,-2356,Medium,No
2023-03-17,GrowOut-A,Farming,Pangasius,Spring,18.9,Sunny,0.0,7.5,0.16,10.6,0,11756,86.8,775.7,8732,470,221,2015328,5035,Medium,No
2023-03-18,GrowOut-A,Farming,Pangasius,Spring,21.2,Cloudy,0.0,7.6,0.18,10.1,0,11756,104.5,724.5,10886,787,212,1805651,-9453,Medium,No
2023-03-19,GrowOut-A,Farming,Pangasius,Spring,18.4,Sunny,0.0,7.3,0.15,10.3,2,11754,74.5,705.0,7959,478,206,1707324,3916,Medium,No
2023-03-20,GrowOut-A,Farming,Pangasius,Spring,20.7,Sunny,0.0,7.2,0.2,10.1,0,11754,119.2,681.8,13532,627,212,1698942,-4766,Medium,No
2023-03-21,GrowOut-A,Farming,Pangasius,Spring,18.9,Partly Cloudy,0.0,7.5,0.16,10.5,0,11754,85.6,672.4,9747,511,212,1675519,-2713,Medium,No
2023-03-22,GrowOut-A,Farming,Pangasius,Spring,20.8,Sunny,0.0,7.5,0.15,10.6,0,11754,106.2,644.5,10756,504,211,1598421,566,Medium,No
2023-03-23,GrowOut-A,Farming,Pangasius,Spring,20.7,Sunny,0.0,7.7,0.19,10.5,1,11753,104.8,738.3,11743,491,213,1848409,-2535,Medium,No
2023-03-24,GrowOut-A,Farming,Pangasius,Spring,19.8,Cloudy,0.0,7.6,0.19,10.5,0,11753,90.7,796.1,10133,598,210,1964878,722,Medium,No
2023-03-25,GrowOut-A,Farming,Pangasius,Spring,20.7,Partly Cloudy,0.0,7.1,0.19,9.7,2,11751,105.9,758.3,10693,819,215,1916144,-9557,Medium,No
2023-03-26,GrowOut-A,Farming,Pangasius,Spring,21.4,Partly Cloudy,0.0,7.4,0.23,10.2,0,11751,133.0,911.3,14098,493,209,2238115,-62,High,No
2023-03-27,GrowOut-A,Farming,Pangasius,Spring,22.5,Sunny,0.0,7.3,0.2,9.1,0,11751,106.4,736.6,11770,550,217,1878306,-14,Medium,No
2023-03-28,GrowOut-A,Farming,Pangasius,Spring,20.2,Partly Cloudy,0.0,7.1,0.21,9.9,0,11751,121.3,821.6,11727,714,212,2046780,111,High,No
2023-03-29,GrowOut-A,Farming,Pangasius,Spring,20.5,Sunny,0.0,7.1,0.21,10.0,0,11751,126.0,943.9,13598,814,215,2384730,2787,High,No
2023-03-30,GrowOut-A,Farming,Pangasius,Spring,20.0,Partly Cloudy,0.0,7.6,0.18,10.0,1,11750,123.7,676.9,11877,866,209,1662439,-2162,Medium,No
2023-03-31,GrowOut-A,Farming,Pangasius,Spring,22.0,Partly Cloudy,0.0,7.4,0.23,10.5,1,11749,128.0,854.7,13252,609,207,2078844,-10189,High,No
2023-04-01,GrowOut-A,Farming,Pangasius,Spring,20.5,Partly Cloudy,0.0,7.4,0.17,10.5,1,11748,102.3,766.9,10975,728,208,1874144,-6819,Medium,No
2023-04-02,GrowOut-A,Farming,Pangasius,Spring,24.3,Partly Cloudy,0.0,7.4,0.28,9.5,1,11747,158.5,1084.1,15336,622,212,2700033,-10117,High,No
2023-04-03,GrowOut-A,Farming,Pangasius,Spring,22.5,Cloudy,0.0,7.0,0.18,10.5,1,11746,119.4,800.3,12641,459,207,1946033,-1094,Medium,No
2023-04-04,GrowOut-A,Farming,Pangasius,Spring,23.4,Partly Cloudy,0.0,7.4,0.22,10.2,1,11745,137.0,927.2,13958,705,213,2319760,-6566,High,No
2023-04-05,GrowOut-A,Farming,Pangasius,Spring,21.8,Sunny,0.0,7.3,0.21,10.0,1,11744,109.0,721.4,10419,815,211,1787770,-9200,Medium,No
2023-04-06,GrowOut-A,Farming,Pangasius,Spring,21.8,Partly Cloudy,0.0,7.9,0.2,9.9,1,11743,121.9,878.5,14018,888,217,2238812,-9085,High,No
2023-04-07,GrowOut-A,Farming,Pangasius,Spring,20.7,Sunny,0.0,7.5,0.19,10.4,2,11741,101.8,753.2,11539,475,214,1892793,-8384,Medium,No
2023-04-08,GrowOut-A,Farming,Pangasius,Spring,21.7,Partly Cloudy,0.0,7.2,0.18,9.3,0,11741,112.3,825.8,12567,529,213,2065188,-7240,High,No
2023-04-09,GrowOut-A,Farming,Pangasius,Spring,21.0,Cloudy,0.0,7.6,0.21,9.8,1,11740,122.4,921.0,11697,765,208,2249200,-2445,High,No
2023-04-10,GrowOut-A,Farming,Pangasius,Spring,23.8,Sunny,0.0,7.2,0.23,9.4,2,11738,138.8,1000.3,15929,847,223,2618805,-4923,High,No
2023-04-11,GrowOut-A,Farming,Pangasius,Spring,22.0,Sunny,0.0,7.3,0.25,10.2,1,11737,136.9,906.6,13642,548,219,2330526,-4801,High,No
2023-04-12,GrowOut-A,Farming,Pangasius,Spring,23.0,Partly Cloudy,0.0,7.5,0.28,9.6,1,11736,152.0,1079.7,14837,773,213,2699229,1111,High,No
2023-04-13,GrowOut-A,Farming,Pangasius,Spring,21.6,Partly Cloudy,0.0,7.4,0.17,9.9,1,11735,107.3,748.4,11706,514,218,1914742,727,Medium,No
2023-04-14,GrowOut-A,Farming,Pangasius,Spring,23.8,Partly Cloudy,0.0,7.5,0.27,9.0,1,11734,164.0,1155.6,18670,628,216,2929169,-9771,High,No
2023-04-15,GrowOut-A,Farming,Pangasius,Spring,23.0,Partly Cloudy,0.0,7.5,0.16,10.2,1,11733,109.0,827.0,12423,806,209,2028140,-5467,High,No
2023-04-16,GrowOut-A,Farming,Pangasius,Spring,24.3,Partly Cloudy,0.0,7.5,0.22,8.9,2,11731,119.1,899.5,12967,868,215,2269074,-6903,High,No
2023-04-17,GrowOut-A,Farming,Pangasius,Spring,25.2,Cloudy,0.0,7.6,0.27,9.0,1,11730,155.4,1097.9,15717,760,222,2859241,-10391,High,No
2023-04-18,GrowOut-A,Farming,Pangasius,Spring,23.7,Sunny,0.0,7.7,0.26,9.4,0,11730,160.8,1192.4,16535,897,223,3119068,-3111,High,No
2023-04-19,GrowOut-A,Farming,Pangasius,Spring,23.5,Sunny,0.0,7.2,0.24,8.7,1,11729,144.5,1032.8,16524,549,219,2653129,-13265,High,No
2023-04-20,GrowOut-A,Farming,Pangasius,Spring,23.9,Partly Cloudy,0.0,7.2,0.2,10.0,0,11729,120.3,897.0,12001,892,214,2251475,-986,High,No
2023-04-21,GrowOut-A,Farming,Pangasius,Spring,22.5,Sunny,0.0,7.5,0.23,10.1,1,11728,148.0,1076.8,16219,601,216,2728034,-9238,High,No
2023-04-22,GrowOut-A,Farming,Pangasius,Spring,22.7,Sunny,0.0,7.4,0.23,9.5,0,11728,152.0,1053.4,16833,774,217,2680878,-7933,High,No
2023-04-23,GrowOut-A,Farming,Pangasius,Spring,25.1,Cloudy,0.0,7.2,0.26,8.9,1,11727,142.3,1047.4,14697,847,220,2702460,-3071,High,No
2023-04-24,GrowOut-A,Farming,Pangasius,Spring,24.4,Sunny,0.0,7.5,0.27,9.0,1,11726,175.9,1179.1,18744,791,219,3028180,-13489,High,No
2023-04-25,GrowOut-A,Farming,Pangasius,Spring,25.3,Sunny,0.0,7.2,0.28,9.5,0,11726,159.9,1222.0,15255,568,215,3080772,-11449,High,No
2023-04-26,GrowOut-A,Farming,Pangasius,Spring,25.1,Sunny,0.0,7.2,0.26,8.9,2,11724,173.5,1251.4,16743,874,217,3184240,-7195,High,No
2023-04-27,GrowOut-A,Farming,Pangasius,Spring,23.5,Cloudy,0.0,7.6,0.25,9.8,0,11724,156.2,1164.6,16186,744,219,2990176,3863,High,No
2023-04-28,GrowOut-A,Farming,Pangasius,Spring,24.1,Sunny,0.0,7.6,0.21,9.2,0,11724,118.2,876.2,13532,634,219,2249693,-1313,High,No
2023-04-29,GrowOut-A,Farming,Pangasius,Spring,24.3,Cloudy,0.0,7.2,0.25,8.8,1,11723,164.1,1088.1,16566,493,211,2691703,-4196,High,No
2023-04-30,GrowOut-A,Farming,Pangasius,Spring,25.4,Partly Cloudy,0.0,7.1,0.23,8.7,2,11721,134.2,974.7,13897,583,215,2456678,-2151,High,No
2023-05-01,GrowOut-A,Farming,Pangasius,Spring,24.5,Partly Cloudy,0.0,7.3,0.23,9.6,0,11721,138.9,975.5,13670,581,222,2538311,-3581,High,No
2023-05-02,GrowOut-A,Farming,Pangasius,Spring,25.2,Sunny,0.0,7.7,0.23,9.4,0,11721,152.1,1041.2,15937,747,224,2733675,-1961,High,No
2023-05-03,GrowOut-A,Farming,Pangasius,Spring,26.6,Partly Cloudy,0.0,7.1,0.24,8.8,1,11720,143.3,1046.1,14672,651,222,2722017,-4691,High,No
2023-05-04,GrowOut-A,Farming,Pangasius,Spring,26.5,Partly Cloudy,0.0,7.3,0.27,8.7,1,11719,161.2,1064.4,15513,789,214,2669600,-12708,High,No
2023-05-05,GrowOut-A,Farming,Pangasius,Spring,28.7,Cloudy,0.0,7.2,0.29,8.2,2,11717,178.2,1201.2,20389,715,219,3082833,-17471,High,No
2023-05-06,GrowOut-A,Farming,Pangasius,Spring,24.5,Partly Cloudy,0.0,7.7,0.27,9.2,2,11715,168.8,1221.8,17844,840,218,3120851,-3738,High,No
2023-05-07,GrowOut-A,Farming,Pangasius,Spring,26.6,Sunny,0.0,7.3,0.26,9.4,1,11714,168.3,1199.7,19027,771,219,3077932,-5127,High,No
2023-05-08,GrowOut-A,Farming,Pangasius,Spring,23.7,Cloudy,0.0,7.7,0.28,9.4,1,11713,160.0,1180.2,17185,504,218,3013820,-6177,High,No
2023-05-09,GrowOut-A,Farming,Pangasius,Spring,26.7,Sunny,0.0,6.9,0.3,7.8,0,11713,187.0,1426.1,18237,641,221,3691564,-4834,High,No
2023-05-10,GrowOut-A,Farming,Pangasius,Spring,30.4,Sunny,0.0,7.2,0.32,8.4,2,11711,210.4,1549.6,23821,861,211,3829748,-18787,High,No
2023-05-11,GrowOut-A,Farming,Pangasius,Spring,26.6,Cloudy,0.0,7.8,0.25,8.9,3,11708,151.5,1170.4,15229,656,220,3015442,-13703,High,No
2023-05-12,GrowOut-A,Farming,Pangasius,Spring,26.9,Cloudy,0.0,7.4,0.27,8.1,0,11708,178.8,1281.5,18486,636,222,3330844,-2932,High,No
2023-05-13,GrowOut-A,Farming,Pangasius,Spring,28.6,Cloudy,0.0,7.5,0.34,8.6,3,11705,214.3,1431.2,24323,703,228,3820480,-495,High,No
2023-05-14,GrowOut-A,Farming,Pangasius,Spring,26.4,Cloudy,0.0,7.5,0.31,9.2,1,11704,190.2,1373.3,19074,745,222,3568534,-1824,High,No
2023-05-15,GrowOut-A,Farming,Pangasius,Spring,24.8,Sunny,0.0,7.5,0.24,9.1,0,11704,150.1,1007.2,16115,756,215,2534478,-14259,High,No
2023-05-16,GrowOut-A,Farming,Pangasius,Spring,28.4,Partly Cloudy,0.0,6.9,0.32,7.9,1,11703,207.5,1398.0,21685,571,215,3517871,-18821,High,No
2023-05-17,GrowOut-A,Farming,Pangasius,Spring,27.8,Partly Cloudy,0.0,7.4,0.25,8.0,0,11703,155.9,1194.5,17486,758,220,3075431,37231,High,Yes
2023-05-18,GrowOut-A,Farming,Pangasius,Spring,25.8,Sunny,0.0,7.4,0.26,8.6,0,11703,158.3,1116.4,17489,594,218,2848220,18001,High,Yes
2023-05-19,GrowOut-A,Farming,Pangasius,Spring,25.7,Cloudy,0.0,7.6,0.23,9.1,3,11700,155.1,1027.5,17568,633,220,2645463,26377,High,Yes
2023-05-20,GrowOut-A,Farming,Pangasius,Spring,27.6,Partly Cloudy,0.0,7.1,0.31,8.7,0,11700,193.4,1431.6,18988,590,218,3651439,26591,High,Yes
2023-05-21,GrowOut-A,Farming,Pangasius,Spring,27.1,Cloudy,0.0,7.6,0.34,8.7,2,11698,213.5,1445.9,21106,825,217,3670996,8919,High,Yes
2023-05-22,GrowOut-A,Farming,Pangasius,Spring,27.0,Sunny,0.0,7.2,0.27,8.3,2,11696,186.1,1236.5,20302,573,207,2994167,18715,High,Yes
2023-05-23,GrowOut-A,Farming,Pangasius,Spring,26.6,Partly Cloudy,0.0,7.3,0.29,8.5,0,11696,168.0,1295.4,16063,618,217,3287767,26413,High,Yes
2023-05-24,GrowOut-A,Farming,Pangasius,Spring,27.4,Partly Cloudy,0.0,7.6,0.3,8.9,2,11694,172.6,1324.9,16961,853,219,3393631,42205,High,Yes
2023-05-25,GrowOut-A,Farming,Pangasius,Spring,29.1,Sunny,0.0,7.3,0.27,8.6,0,11694,167.2,1249.1,16429,708,215,3140500,14876,High,Yes
2023-05-26,GrowOut-A,Farming,Pangasius,Spring,29.9,Sunny,0.0,7.7,0.33,8.1,1,11693,212.9,1477.3,21371,634,222,3835171,48248,High,Yes
2023-05-27,GrowOut-A,Farming,Pangasius,Spring,28.7,Cloudy,0.0,7.4,0.22,8.2,1,11692,149.0,1125.9,16084,721,212,2791012,12810,High,Yes
2023-05-28,GrowOut-A,Farming,Pangasius,Spring,30.6,Hot,0.0,7.3,0.34,7.2,1,11691,224.2,1549.3,22534,853,222,4021400,24540,High,Yes
2023-05-29,GrowOut-A,Farming,Pangasius,Spring,29.5,Partly Cloudy,0.0,7.7,0.29,8.0,1,11690,182.9,1228.9,19280,731,215,3088920,7695,High,Yes
2023-05-30,GrowOut-A,Farming,Pangasius,Spring,30.8,Hot,0.0,7.0,0.34,8.1,1,11689,194.8,1479.3,19607,758,216,3735292,11686,High,Yes
2023-05-31,GrowOut-A,Farming,Pangasius,Spring,27.1,Partly Cloudy,0.4,7.1,0.31,8.7,0,11689,177.8,1347.5,17820,770,218,3433702,34610,High,Yes
2023-06-01,GrowOut-A,Farming,Pangasius,Monsoon,29.9,Sunny,0.4,7.3,0.25,8.1,1,11688,179.0,1231.5,20226,812,212,3051741,32019,High,Yes
2023-06-02,GrowOut-A,Farming,Pangasius,Monsoon,28.9,Partly Cloudy,0.7,7.5,0.32,8.2,1,11687,212.1,1465.4,23209,745,209,3579667,15325,High,Yes
2023-06-03,GrowOut-A,Farming,Pangasius,Monsoon,30.9,Hot,0.8,7.6,0.32,8.4,0,11687,209.5,1426.9,22345,898,216,3602055,12747,High,Yes
2023-06-04,GrowOut-A,Farming,Pangasius,Monsoon,30.6,Sunny,0.7,7.6,0.33,8.3,0,11687,204.0,1557.4,21321,873,214,3895085,32112,High,Yes
2023-06-05,GrowOut-A,Farming,Pangasius,Monsoon,27.9,Sunny,0.5,7.1,0.31,9.0,2,11685,208.3,1499.5,20543,494,212,3715227,41386,High,Yes
2023-06-06,GrowOut-A,Farming,Pangasius,Monsoon,29.0,Cloudy,1.7,7.7,0.34,8.7,0,11685,206.4,1534.6,20364,756,222,3980860,41446,High,Yes
2023-06-07,GrowOut-A,Farming,Pangasius,Monsoon,33.0,Sunny,0.5,7.6,0.29,7.0,1,11684,182.4,1410.2,18448,805,209,3443941,23120,High,Yes
2023-06-08,GrowOut-A,Farming,Pangasius,Monsoon,29.2,Cloudy,2.5,7.5,0.28,8.9,1,11683,189.1,1298.7,19744,840,224,3398978,29480,High,Yes
2023-06-09,GrowOut-A,Farming,Pangasius,Monsoon,30.6,Sunny,0.4,7.2,0.35,7.9,3,11680,218.5,1463.8,21281,756,214,3659737,19602,High,Yes
2023-06-10,GrowOut-A,Farming,Pangasius,Monsoon,30.0,Sunny,0.9,7.6,0.35,8.6,1,11679,212.5,1626.9,24405,604,212,4028465,49597,High,Yes
2023-06-11,GrowOut-A,Farming,Pangasius,Monsoon,29.9,Partly Cloudy,0.5,7.3,0.27,8.6,2,11677,174.9,1235.3,17246,486,216,3116247,30255,High,Yes
2023-06-12,GrowOut-A,Farming,Pangasius,Monsoon,28.4,Sunny,1.2,7.3,0.29,8.4,2,11675,163.2,1265.9,16980,544,211,3118984,12746,High,Yes
2023-06-13,GrowOut-A,Farming,Pangasius,Monsoon,29.8,Sunny,1.6,7.2,0.31,7.8,1,11674,194.7,1428.7,18839,727,217,3619576,27194,High,Yes
2023-06-14,GrowOut-A,Farming,Pangasius,Monsoon,30.1,Hot,2.3,7.3,0.38,8.2,2,11672,244.0,1680.0,23364,540,217,4255873,58081,High,Yes
2023-06-15,GrowOut-A,Farming,Pangasius,Monsoon,28.6,Partly Cloudy,1.2,7.2,0.33,7.8,1,11671,211.6,1504.5,20178,452,212,3722831,19318,High,Yes
2023-06-16,GrowOut-A,Farming,Pangasius,Monsoon,32.6,Hot,0.9,7.1,0.32,7.8,1,11670,183.2,1390.3,19248,588,218,3537310,43167,High,Yes
2023-06-17,GrowOut-A,Farming,Pangasius,Monsoon,31.5,Hot,1.9,7.6,0.4,7.8,1,11669,239.5,1736.7,25245,686,221,4479071,56985,High,Yes
2023-06-18,GrowOut-A,Farming,Pangasius,Monsoon,29.0,Sunny,0.9,6.9,0.27,8.5,0,11669,179.1,1326.4,18301,535,218,3374152,43707,High,Yes
2023-06-19,GrowOut-A,Farming,Pangasius,Monsoon,30.9,Hot,1.7,7.1,0.28,8.2,0,11669,173.4,1223.3,19889,545,207,2954860,23892,High,Yes
2023-06-20,GrowOut-A,Farming,Pangasius,Monsoon,32.3,Sunny,3.0,7.7,0.28,7.5,0,11669,174.7,1296.0,19364,619,218,3296819,15656,High,Yes
2023-06-21,GrowOut-A,Farming,Pangasius,Monsoon,31.8,Sunny,3.5,7.3,0.29,8.1,2,11667,204.2,1544.9,19841,826,219,3948009,43346,High,Yes
2023-06-22,GrowOut-A,Farming,Pangasius,Monsoon,31.0,Hot,2.0,7.0,0.33,8.2,2,11665,189.7,1459.5,18980,766,211,3592905,38560,High,Yes
2023-06-23,GrowOut-A,Farming,Pangasius,Monsoon,30.3,Sunny,1.7,7.6,0.32,8.0,0,11665,193.6,1358.3,20957,571,215,3406582,33550,High,Yes
2023-06-24,GrowOut-A,Farming,Pangasius,Monsoon,29.5,Partly Cloudy,2.9,7.4,0.38,7.9,1,11664,231.3,1616.6,25299,503,212,3997819,43512,High,Yes
2023-06-25,GrowOut-A,Farming,Pangasius,Monsoon,31.2,Rainy,6.9,7.4,0.03,8.4,1,11037,12.1,62.9,1385,611,221,153438,-2144,Low,No
2023-06-26,GrowOut-A,Farming,Pangasius,Monsoon,31.8,Sunny,3.3,7.3,0.0,8.0,1,11036,4.8,26.5,522,666,219,64053,-1563,Low,No
2023-06-27,GrowOut-A,Farming,Pangasius,Monsoon,31.5,Sunny,4.8,7.5,0.02,8.1,1,11035,11.0,54.0,1192,517,211,125744,-1189,Low,No
2023-06-28,GrowOut-A,Farming,Pangasius,Monsoon,33.9,Rainy,6.6,7.1,0.0,8.1,1,11034,12.3,62.6,1231,554,216,149211,-2527,Low,No
2023-06-29,GrowOut-A,Farming,Pangasius,Monsoon,31.7,Hot,1.3,7.5,0.01,7.2,0,11034,8.5,44.0,956,834,209,101469,-1687,Low,No
2023-06-30,GrowOut-A,Farming,Pangasius,Monsoon,30.6,Cloudy,16.0,7.6,0.0,8.6,1,11033,10.8,58.7,1210,851,211,136664,-1318,Low,No
2023-07-01,GrowOut-A,Farming,Pangasius,Monsoon,32.3,Sunny,0.4,7.2,0.02,8.4,0,11033,8.4,43.9,958,571,218,105588,-2305,Low,No
2023-07-02,GrowOut-A,Farming,Pangasius,Monsoon,31.6,Hot,4.7,7.4,0.05,8.1,0,11033,10.5,50.1,1200,572,225,124369,-1641,Low,No
2023-07-03,GrowOut-A,Farming,Pangasius,Monsoon,31.6,Cloudy,6.0,7.1,0.01,9.1,1,11032,13.9,68.8,1542,501,221,167755,-1934,Low,No
2023-07-04,GrowOut-A,Farming,Pangasius,Monsoon,28.9,Rainy,12.2,7.6,0.03,9.3,0,11032,7.9,37.0,827,706,209,85310,-1987,Low,No
2023-07-05,GrowOut-A,Farming,Pangasius,Monsoon,31.6,Hot,1.4,7.6,0.02,8.2,1,11031,12.7,64.1,1426,846,212,149916,-2045,Low,No
2023-07-06,GrowOut-A,Farming,Pangasius,Monsoon,32.6,Rainy,12.5,7.6,0.03,7.9,0,11031,11.0,55.3,1240,648,210,128103,-1789,Low,No
2023-07-07,GrowOut-A,Farming,Pangasius,Monsoon,34.2,Hot,2.3,7.1,0.04,8.5,1,11030,10.0,49.7,1055,785,210,115131,-2211,Low,No
2023-07-08,GrowOut-A,Farming,Pangasius,Monsoon,33.6,Cloudy,23.8,7.3,0.05,7.9,0,11030,13.8,71.9,1482,645,214,169714,-2606,Low,No
2023-07-09,GrowOut-A,Farming,Pangasius,Monsoon,33.2,Hot,1.1,7.0,0.03,8.3,2,11028,13.5,72.8,1323,822,212,170233,-1911,Low,No
2023-07-10,GrowOut-A,Farming,Pangasius,Monsoon,30.2,Rainy,7.5,7.3,0.03,8.1,0,11028,11.7,60.0,1230,661,211,139614,-1609,Low,No
2023-07-11,GrowOut-A,Farming,Pangasius,Monsoon,32.4,Rainy,5.9,7.9,0.06,8.0,2,11026,13.0,69.0,1321,575,213,162079,-2200,Low,No
2023-07-12,GrowOut-A,Farming,Pangasius,Monsoon,31.4,Cloudy,7.9,7.4,0.04,8.7,0,11026,11.7,59.4,1219,811,214,140158,-2461,Low,No
2023-07-13,GrowOut-A,Farming,Pangasius,Monsoon,32.9,Hot,4.3,6.9,0.02,8.6,2,11024,13.1,65.1,1375,744,202,144994,-1870,Low,No
2023-07-14,GrowOut-A,Farming,Pangasius,Monsoon,31.6,Rainy,6.4,7.0,0.19,6.6,15,11009,15.6,83.9,1675,587,210,194232,-2023,Low,No
2023-07-15,GrowOut-A,Farming,Pangasius,Monsoon,30.1,Cloudy,7.2,7.6,0.04,8.8,0,11009,16.7,88.3,1605,550,223,216777,-2099,Low,No
2023-07-16,GrowOut-A,Farming,Pangasius,Monsoon,32.0,Hot,4.2,8.1,0.03,8.2,2,11007,16.8,84.4,1748,494,208,193265,-2623,Low,No
2023-07-17,GrowOut-A,Farming,Pangasius,Monsoon,32.1,Hot,2.6,7.3,0.03,8.7,0,11007,11.8,60.5,1310,696,210,139844,-1761,Low,No
2023-07-18,GrowOut-A,Farming,Pangasius,Monsoon,29.9,Rainy,9.6,7.1,0.04,8.3,3,11004,18.8,88.8,2095,784,206,201349,-3146,Low,No
2023-07-19,GrowOut-A,Farming,Pangasius,Monsoon,31.9,Rainy,11.8,7.3,0.02,7.3,2,11002,14.0,70.3,1440,656,216,167094,-2706,Low,No
2023-07-20,GrowOut-A,Farming,Pangasius,Monsoon,31.7,Hot,1.2,7.5,0.04,8.3,1,11001,14.4,77.0,1635,827,211,178749,-2931,Low,No
2023-07-21,GrowOut-A,Farming,Pangasius,Monsoon,31.7,Cloudy,12.4,7.3,0.04,7.7,0,11001,18.3,96.4,1923,884,207,219523,-1976,Low,No
2023-07-22,GrowOut-A,Farming,Pangasius,Monsoon,30.5,Sunny,0.6,7.3,0.04,8.8,0,11001,15.9,86.9,1697,866,208,198845,-2081,Low,No
2023-07-23,GrowOut-A,Farming,Pangasius,Monsoon,32.2,Rainy,6.1,7.2,0.02,8.3,1,11000,17.7,95.0,1970,497,209,218425,-2203,Low,No
2023-07-24,GrowOut-A,Farming,Pangasius,Monsoon,31.9,Cloudy,11.6,7.6,0.02,7.2,1,10999,16.9,90.0,1937,862,208,205920,-3215,Low,No
2023-07-25,GrowOut-A,Farming,Pangasius,Monsoon,30.0,Cloudy,5.4,7.3,0.01,8.6,0,10999,23.0,111.1,2393,510,209,255396,-2192,Low,No
2023-07-26,GrowOut-A,Farming,Pangasius,Monsoon,31.6,Cloudy,13.0,7.4,0.08,8.4,0,10999,19.2,93.8,1945,782,204,210468,-2351,Low,No
2023-07-27,GrowOut-A,Farming,Pangasius,Monsoon,30.3,Rainy,11.0,7.4,0.05,7.9,2,10997,17.3,89.6,1881,865,207,204001,-1476,Low,No
2023-07-28,GrowOut-A,Farming,Pangasius,Monsoon,34.3,Sunny,1.4,7.4,0.04,7.5,1,10996,24.1,113.7,2445,502,207,258824,-2229,Low,No
2023-07-29,GrowOut-A,Farming,Pangasius,Monsoon,32.5,Hot,5.0,7.5,0.06,8.0,1,10995,22.2,113.1,2346,845,221,274846,-1993,Low,No
2023-07-30,GrowOut-A,Farming,Pangasius,Monsoon,31.6,Rainy,18.4,7.8,0.03,7.2,1,10994,14.3,77.6,1550,540,211,180028,-1888,Low,No
2023-07-31,GrowOut-A,Farming,Pangasius,Monsoon,30.4,Cloudy,7.1,7.9,0.03,7.7,1,10993,22.2,115.4,2137,803,208,263891,-1692,Low,No
2023-08-01,GrowOut-A,Farming,Pangasius,Monsoon,33.5,Rainy,7.3,7.4,0.05,7.9,1,10992,20.0,105.1,2146,754,205,236850,-2004,Low,No
2023-08-02,GrowOut-A,Farming,Pangasius,Monsoon,30.3,Cloudy,5.4,7.0,0.05,8.2,1,10991,22.1,112.5,2453,579,202,249793,-3580,Low,No
2023-08-03,GrowOut-A,Farming,Pangasius,Monsoon,31.1,Cloudy,10.8,7.3,0.06,7.3,0,10991,19.8,101.3,2267,591,204,227131,-3310,Low,No
2023-08-04,GrowOut-A,Farming,Pangasius,Monsoon,33.0,Hot,2.8,7.3,0.03,8.0,0,10991,16.7,88.8,1874,649,203,198128,-1491,Low,No
2023-08-05,GrowOut-A,Farming,Pangasius,Monsoon,31.2,Cloudy,5.3,7.5,0.06,7.6,1,10990,24.3,118.9,2602,799,208,271821,-3948,Low,No
2023-08-06,GrowOut-A,Farming,Pangasius,Monsoon,28.8,Cloudy,23.1,7.6,0.01,9.4,0,10990,21.6,101.2,2133,528,205,227999,-2969,Low,No
2023-08-07,GrowOut-A,Farming,Pangasius,Monsoon,29.6,Rainy,15.4,7.3,0.01,9.1,0,10990,21.7,103.9,2118,713,214,244358,-3038,Low,No
2023-08-08,GrowOut-A,Farming,Pangasius,Monsoon,31.6,Cloudy,19.7,7.9,0.04,8.6,0,10990,24.9,136.4,2442,595,205,307302,-1317,Low,No
2023-08-09,GrowOut-A,Farming,Pangasius,Monsoon,30.2,Cloudy,8.7,7.4,0.04,8.1,0,10990,26.9,129.5,2748,803,211,300296,-2671,Low,No
2023-08-10,GrowOut-A,Farming,Pangasius,Monsoon,31.7,Rainy,6.8,7.5,0.05,8.2,1,10989,26.7,143.7,2622,694,200,315853,-3410,Low,No
2023-08-11,GrowOut-A,Farming,Pangasius,Monsoon,32.6,Sunny,1.9,7.7,0.07,7.7,0,10989,30.2,158.2,3069,582,205,356384,-2590,Low,No
2023-08-12,GrowOut-A,Farming,Pangasius,Monsoon,28.6,Cloudy,28.1,7.5,0.07,8.2,0,10989,27.4,137.5,3015,742,209,315796,-2279,Low,No
2023-08-13,GrowOut-A,Farming,Pangasius,Monsoon,31.0,Cloudy,6.9,7.5,0.03,7.6,0,10989,27.9,134.7,3163,560,205,303445,-2210,Low,No
2023-08-14,GrowOut-A,Farming,Pangasius,Monsoon,31.3,Cloudy,5.2,7.6,0.05,8.0,1,10988,27.4,140.8,2665,565,215,332659,-3180,Low,No
2023-08-15,GrowOut-A,Farming,Pangasius,Monsoon,31.3,Hot,2.6,7.6,0.06,8.0,2,10986,31.6,155.5,3310,583,204,348561,-3942,Low,No
2023-08-16,GrowOut-A,Farming,Pangasius,Monsoon,30.7,Sunny,3.3,7.4,0.07,8.7,0,10986,39.7,188.1,4531,692,210,433958,-3092,Low,No
2023-08-17,GrowOut-A,Farming,Pangasius,Monsoon,33.5,Rainy,13.1,7.4,0.06,7.6,2,10984,33.0,178.9,3706,641,208,408802,-3656,Low,No
2023-08-18,GrowOut-A,Farming,Pangasius,Monsoon,29.6,Cloudy,12.3,7.1,0.03,8.0,0,10984,31.7,168.6,3485,519,209,387048,-2345,Low,No
2023-08-19,GrowOut-A,Farming,Pangasius,Monsoon,29.8,Rainy,6.2,7.0,0.06,8.2,2,10982,24.9,127.2,2761,701,197,275241,-2392,Low,No
2023-08-20,GrowOut-A,Farming,Pangasius,Monsoon,31.2,Cloudy,11.0,7.9,0.07,8.2,1,10981,33.4,158.9,3443,592,211,368203,-2529,Low,No
2023-08-21,GrowOut-A,Farming,Pangasius,Monsoon,30.7,Rainy,7.8,6.9,0.04,8.1,1,10980,33.6,171.5,3700,714,200,376648,-2718,Low,No
2023-08-22,GrowOut-A,Farming,Pangasius,Monsoon,29.5,Cloudy,5.4,7.4,0.08,8.4,1,10979,40.3,197.1,4463,586,213,460966,-3968,Low,No
2023-08-23,GrowOut-A,Farming,Pangasius,Monsoon,32.2,Cloudy,15.0,7.1,0.06,8.2,0,10979,32.8,162.3,3136,520,204,363506,-3370,Low,No
2023-08-24,GrowOut-A,Farming,Pangasius,Monsoon,32.4,Cloudy,10.5,7.7,0.07,8.0,1,10978,37.7,213.0,3804,735,206,481737,-2278,Low,No
2023-08-25,GrowOut-A,Farming,Pangasius,Monsoon,30.7,Cloudy,8.0,7.1,0.15,4.5,18,10960,35.6,204.9,3412,708,211,474622,-2464,Low,No
2023-08-26,GrowOut-A,Farming,Pangasius,Monsoon,29.5,Sunny,4.5,7.1,0.06,8.4,1,10959,32.4,177.1,3663,605,195,378498,-2112,Low,No
2023-08-27,GrowOut-A,Farming,Pangasius,Monsoon,29.6,Rainy,5.2,7.4,0.05,8.7,0,10959,32.4,162.9,3619,537,203,362400,-2476,Low,No
2023-08-28,GrowOut-A,Farming,Pangasius,Monsoon,30.1,Sunny,4.7,7.8,0.07,8.1,1,10958,36.6,236.3,4205,658,199,515333,-4846,Low,No
2023-08-29,GrowOut-A,Farming,Pangasius,Monsoon,30.5,Sunny,3.5,7.5,0.03,8.6,0,10958,35.4,176.8,3774,878,198,383600,-4489,Low,No
2023-08-30,GrowOut-A,Farming,Pangasius,Monsoon,29.0,Rainy,13.9,7.3,0.04,9.0,2,10956,29.4,155.4,3322,593,197,335466,-3469,Low,No
2023-08-31,GrowOut-A,Farming,Pangasius,Monsoon,30.3,Cloudy,27.1,7.2,0.06,8.5,1,10955,34.6,178.8,3678,614,198,387869,-1824,Low,No
2023-09-01,GrowOut-A,Farming,Pangasius,Monsoon,29.0,Sunny,3.5,7.4,0.05,8.6,1,10954,32.4,163.9,3222,783,201,360900,-3591,Low,No
2023-09-02,GrowOut-A,Farming,Pangasius,Monsoon,30.7,Cloudy,15.3,7.3,0.09,9.0,1,10953,37.3,198.0,4198,658,196,425103,-2692,Low,No
2023-09-03,GrowOut-A,Farming,Pangasius,Monsoon,28.8,Partly Cloudy,4.6,7.2,0.07,8.8,0,10953,32.2,208.9,3450,829,193,441600,-2362,Low,No
2023-09-04,GrowOut-A,Farming,Pangasius,Monsoon,29.2,Rainy,10.8,6.9,0.08,8.3,1,10952,32.8,203.3,3166,484,199,443122,-791,Low,No
2023-09-05,GrowOut-A,Farming,Pangasius,Monsoon,30.1,Sunny,4.6,7.4,0.06,8.4,2,10950,42.1,241.8,4647,546,194,513750,-2933,Low,No
2023-09-06,GrowOut-A,Farming,Pangasius,Monsoon,29.7,Cloudy,20.4,7.4,0.08,8.6,1,10949,40.6,235.0,4176,851,205,527516,-2595,Low,No
2023-09-07,GrowOut-A,Farming,Pangasius,Monsoon,30.1,Cloudy,9.6,6.9,0.05,7.9,1,10948,35.7,192.5,3456,614,205,432075,-1844,Low,No
2023-09-08,GrowOut-A,Farming,Pangasius,Monsoon,27.7,Cloudy,2.7,8.0,0.1,8.4,0,10948,42.4,251.7,4147,522,199,548367,-1258,Low,No
2023-09-09,GrowOut-A,Farming,Pangasius,Monsoon,28.3,Rainy,19.4,7.4,0.07,8.4,0,10948,39.9,247.3,4077,548,191,517121,-3968,Low,No
2023-09-10,GrowOut-A,Farming,Pangasius,Monsoon,30.7,Cloudy,9.9,7.7,0.04,8.3,2,10946,41.3,243.3,4094,858,203,540721,-3511,Low,No
2023-09-11,GrowOut-A,Farming,Pangasius,Monsoon,28.2,Cloudy,12.1,7.3,0.07,8.5,0,10946,45.7,282.2,4934,496,199,614703,-3763,Low,No
2023-09-12,GrowOut-A,Farming,Pangasius,Monsoon,29.8,Partly Cloudy,3.5,7.3,0.07,8.7,0,10946,47.6,283.4,5040,528,196,608011,-4218,Low,No
2023-09-13,GrowOut-A,Farming,Pangasius,Monsoon,29.3,Rainy,14.3,7.6,0.05,9.6,0,10946,38.8,251.5,4390,682,200,550584,-1933,Low,No
2023-09-14,GrowOut-A,Farming,Pangasius,Monsoon,25.9,Cloudy,6.9,7.1,0.07,9.3,0,10946,38.6,230.4,4133,676,195,491782,-3145,Low,No
2023-09-15,GrowOut-A,Farming,Pangasius,Monsoon,28.6,Rainy,10.1,7.6,0.06,8.6,0,10946,33.5,220.3,3324,534,202,487104,-1888,Low,No
2023-09-16,GrowOut-A,Farming,Pangasius,Monsoon,31.2,Sunny,4.9,7.6,0.07,8.4,2,10944,54.5,308.2,5537,501,199,671338,-4008,Low,No
2023-09-17,GrowOut-A,Farming,Pangasius,Monsoon,28.5,Rainy,18.0,7.7,0.06,9.3,1,10943,45.2,288.2,4665,560,196,618196,-2455,Low,No
2023-09-18,GrowOut-A,Farming,Pangasius,Monsoon,28.7,Rainy,13.0,7.2,0.06,8.5,0,10943,37.6,235.8,4242,516,202,521233,-3664,Low,No
2023-09-19,GrowOut-A,Farming,Pangasius,Monsoon,27.9,Rainy,11.8,7.3,0.09,9.2,0,10943,45.2,264.8,5170,737,192,556360,-3647,Low,No
2023-09-20,GrowOut-A,Farming,Pangasius,Monsoon,27.7,Cloudy,21.1,7.6,0.12,8.6,1,10942,54.8,320.2,5871,662,203,711302,-5665,Low,No
2023-09-21,GrowOut-A,Farming,Pangasius,Monsoon,27.8,Cloudy,6.7,7.7,0.08,9.4,0,10942,48.5,309.1,5403,532,198,669670,-3746,Low,No
2023-09-22,GrowOut-A,Farming,Pangasius,Monsoon,26.1,Rainy,15.3,7.4,0.07,9.5,2,10940,47.4,300.0,4933,716,192,630259,-3785,Low,No
2023-09-23,GrowOut-A,Farming,Pangasius,Monsoon,27.4,Rainy,8.1,7.4,0.08,8.5,1,10939,42.1,260.7,4723,677,193,550447,-2294,Low,No
2023-09-24,GrowOut-A,Farming,Pangasius,Monsoon,25.8,Rainy,15.2,7.4,0.1,8.6,1,10938,39.5,247.3,4226,845,201,543748,-3355,Low,No
2023-09-25,GrowOut-A,Farming,Pangasius,Monsoon,28.6,Rainy,5.9,7.6,0.09,8.3,0,10938,42.2,258.0,4770,693,194,547469,-1679,Low,No
2023-09-26,GrowOut-A,Farming,Pangasius,Monsoon,27.5,Cloudy,5.0,7.4,0.09,9.1,1,10937,56.6,340.6,5796,470,195,726469,-4100,Low,No
2023-09-27,GrowOut-A,Farming,Pangasius,Monsoon,25.4,Cloudy,20.5,7.5,0.08,8.8,1,10936,55.6,323.6,5937,784,198,700764,-2893,Low,No
2023-09-28,GrowOut-A,Farming,Pangasius,Monsoon,26.9,Rainy,24.2,7.0,0.07,8.8,1,10935,51.9,305.3,5725,860,192,641042,-4958,Low,No
2023-09-29,GrowOut-A,Farming,Pangasius,Monsoon,27.1,Cloudy,2.6,7.6,0.09,9.1,0,10935,53.8,313.8,5874,805,196,672555,-4337,Low,No
2023-09-30,GrowOut-A,Farming,Pangasius,Monsoon,26.1,Rainy,9.8,7.4,0.09,8.9,1,10934,49.3,311.0,5477,634,198,673355,-5017,Low,No
2023-10-01,GrowOut-A,Farming,Pangasius,Autumn,26.2,Cloudy,3.0,7.2,0.08,9.7,1,10933,55.4,343.9,5857,704,193,725719,-5261,Low,No
2023-10-02,GrowOut-A,Farming,Pangasius,Autumn,25.6,Cloudy,0.3,7.3,0.07,9.2,2,10931,53.0,313.7,5620,701,200,685936,-4240,Low,No
2023-10-03,GrowOut-A,Farming,Pangasius,Autumn,24.6,Cloudy,3.5,7.2,0.08,9.5,0,10931,49.1,312.2,5232,798,199,679119,-2460,Low,No
2023-10-04,GrowOut-A,Farming,Pangasius,Autumn,25.8,Rainy,16.0,7.3,0.07,9.6,1,10930,57.9,363.5,6310,523,193,766870,-3756,Low,No
2023-10-05,GrowOut-A,Farming,Pangasius,Autumn,24.5,Cloudy,7.1,7.5,0.09,9.1,0,10930,55.3,363.1,6011,473,193,765956,-1144,Low,No
2023-10-06,GrowOut-A,Farming,Pangasius,Autumn,23.4,Rainy,15.8,6.9,0.1,9.8,0,10930,57.5,362.7,6005,720,199,788898,-5872,Low,No
2023-10-07,GrowOut-A,Farming,Pangasius,Autumn,23.3,Sunny,3.6,7.3,0.08,9.9,0,10930,48.6,298.9,5321,869,202,659929,-3304,Low,No
2023-10-08,GrowOut-A,Farming,Pangasius,Autumn,27.8,Cloudy,10.6,7.1,0.08,8.5,1,10929,72.9,429.9,8304,819,199,935063,-5807,Medium,No
2023-10-09,GrowOut-A,Farming,Pangasius,Autumn,25.6,Sunny,2.3,7.8,0.1,9.5,0,10929,52.1,340.1,5787,579,191,709938,-1994,Low,No
2023-10-10,GrowOut-A,Farming,Pangasius,Autumn,23.8,Rainy,19.3,7.1,0.09,9.3,1,10928,57.8,376.2,5907,745,181,744180,-6287,Low,No
2023-10-11,GrowOut-A,Farming,Pangasius,Autumn,25.6,Cloudy,5.6,7.4,0.09,9.1,0,10928,74.6,430.9,7677,714,194,913522,-8109,Medium,No
2023-10-12,GrowOut-A,Farming,Pangasius,Autumn,25.6,Rainy,7.4,7.5,0.11,9.3,2,10926,76.0,454.9,8324,702,190,944518,-6576,Medium,No
2023-10-13,GrowOut-A,Farming,Pangasius,Autumn,25.7,Partly Cloudy,4.7,7.1,0.11,9.2,0,10926,52.5,332.4,5465,632,192,697306,-4329,Low,No
2023-10-14,GrowOut-A,Farming,Pangasius,Autumn,25.6,Cloudy,5.1,7.4,0.09,9.5,1,10925,63.9,414.3,6714,603,194,878169,-1822,Medium,No
2023-10-15,GrowOut-A,Farming,Pangasius,Autumn,24.8,Cloudy,20.2,7.3,0.13,9.6,1,10924,77.3,451.1,8232,762,194,956084,-6703,Medium,No
2023-10-16,GrowOut-A,Farming,Pangasius,Autumn,25.2,Cloudy,9.9,7.4,0.13,9.5,0,10924,77.8,441.8,8887,656,205,989376,-3016,Medium,No
2023-10-17,GrowOut-A,Farming,Pangasius,Autumn,23.8,Rainy,7.5,7.7,0.08,9.5,0,10924,63.1,383.0,6477,805,195,815859,-3025,Low,No
2023-10-18,GrowOut-A,Farming,Pangasius,Autumn,25.5,Rainy,16.8,7.3,0.1,8.5,0,10924,78.6,461.6,8022,691,201,1013546,-2712,Medium,No
2023-10-19,GrowOut-A,Farming,Pangasius,Autumn,24.6,Sunny,1.6,7.1,0.1,9.7,2,10922,65.4,388.9,7192,604,190,807185,-2493,Low,No
2023-10-20,GrowOut-A,Farming,Pangasius,Autumn,24.2,Partly Cloudy,3.2,7.5,0.12,9.0,2,10920,67.6,399.8,7198,532,205,895156,-3518,Low,No
2023-10-21,GrowOut-A,Farming,Pangasius,Autumn,24.0,Rainy,10.2,7.0,0.1,8.9,0,10920,63.8,422.8,6999,843,196,904927,-5896,Medium,No
2023-10-22,GrowOut-A,Farming,Pangasius,Autumn,23.6,Sunny,3.5,6.9,0.13,9.0,0,10920,75.7,489.3,8371,504,196,1047259,-3153,Medium,No
2023-10-23,GrowOut-A,Farming,Pangasius,Autumn,22.7,Cloudy,4.4,7.2,0.33,6.6,9,10911,64.0,410.3,7165,617,194,869212,-4439,Low,No
2023-10-24,GrowOut-A,Farming,Pangasius,Autumn,23.2,Cloudy,1.2,7.3,0.15,9.9,1,10910,74.7,481.3,8567,862,203,1066047,-5880,Medium,No
2023-10-25,GrowOut-A,Farming,Pangasius,Autumn,24.0,Rainy,11.7,7.3,0.11,9.1,0,10910,68.7,391.9,7184,693,193,825196,-5760,Low,No
2023-10-26,GrowOut-A,Farming,Pangasius,Autumn,23.5,Rainy,9.8,7.2,0.09,9.4,1,10909,72.1,439.1,7597,592,189,905420,-7417,Medium,No
2023-10-27,GrowOut-A,Farming,Pangasius,Autumn,23.4,Rainy,8.8,7.7,0.13,9.9,0,10909,78.0,444.3,7974,838,185,896671,-4863,Medium,No
2023-10-28,GrowOut-A,Farming,Pangasius,Autumn,22.9,Rainy,7.3,7.3,0.1,9.2,0,10909,65.0,418.5,6621,533,194,885691,-5597,Medium,No
2023-10-29,GrowOut-A,Farming,Pangasius,Autumn,20.6,Cloudy,2.8,7.6,0.12,9.7,2,10907,71.5,452.0,7365,653,193,951658,-6978,Medium,No
2023-10-30,GrowOut-A,Farming,Pangasius,Autumn,23.5,Cloudy,4.3,7.7,0.11,9.6,2,10905,83.6,507.9,9147,812,191,1058076,-6468,Medium,No
2023-10-31,GrowOut-A,Farming,Pangasius,Autumn,24.1,Cloudy,5.8,7.2,0.13,9.5,1,10904,75.9,437.2,8332,663,196,934463,-7114,Medium,No
2023-11-01,GrowOut-A,Farming,Pangasius,Autumn,23.6,Cloudy,5.8,6.8,0.08,9.2,0,10904,63.5,415.3,6833,690,202,914743,-2103,Medium,No
2023-11-02,GrowOut-A,Farming,Pangasius,Autumn,21.6,Cloudy,5.1,7.6,0.11,10.3,2,10902,65.0,419.6,6237,495,185,846434,-5897,Medium,No
2023-11-03,GrowOut-A,Farming,Pangasius,Autumn,21.6,Partly Cloudy,0.9,7.0,0.11,9.6,0,10902,70.9,465.5,7373,601,196,994677,-5040,Medium,No
2023-11-04,GrowOut-A,Farming,Pangasius,Autumn,21.8,Cloudy,3.6,7.3,0.16,9.9,1,10901,90.1,554.0,8595,505,198,1195862,-3303,Medium,No
2023-11-05,GrowOut-A,Farming,Pangasius,Autumn,22.3,Cloudy,3.9,7.4,0.14,9.9,1,10900,72.3,440.2,7807,529,182,873349,-6722,Medium,No
2023-11-06,GrowOut-A,Farming,Pangasius,Autumn,22.5,Cloudy,5.2,6.8,0.15,9.2,1,10899,88.7,527.0,9733,850,192,1102906,-5332,Medium,No
2023-11-07,GrowOut-A,Farming,Pangasius,Autumn,21.1,Partly Cloudy,3.6,7.1,0.12,9.9,2,10897,79.3,502.9,7799,813,197,1079778,-4889,Medium,No
2023-11-08,GrowOut-A,Farming,Pangasius,Autumn,21.3,Cloudy,2.4,7.5,0.15,10.6,1,10896,82.4,507.5,7946,523,188,1039683,-5581,Medium,No
2023-11-09,GrowOut-A,Farming,Pangasius,Autumn,20.1,Cloudy,0.2,7.8,0.1,10.1,0,10896,67.8,434.5,7315,572,186,880582,-2847,Medium,No
2023-11-10,GrowOut-A,Farming,Pangasius,Autumn,18.9,Cloudy,7.0,7.0,0.1,10.9,0,10896,56.6,488.8,5887,525,193,1027911,-6292,Medium,No
2023-11-11,GrowOut-A,Farming,Pangasius,Autumn,20.3,Rainy,10.3,7.9,0.12,9.6,0,10896,87.6,510.4,9550,486,193,1073334,-6350,Medium,No
2023-11-12,GrowOut-A,Farming,Pangasius,Autumn,19.8,Sunny,2.0,7.1,0.08,10.5,1,10895,45.5,403.2,4822,462,184,808361,-2117,Low,No
2023-11-13,GrowOut-A,Farming,Pangasius,Autumn,21.7,Sunny,2.5,7.4,0.11,10.0,2,10893,73.8,469.4,7135,869,191,976796,-5511,Medium,No
2023-11-14,GrowOut-A,Farming,Pangasius,Autumn,23.6,Sunny,1.0,7.3,0.16,8.9,1,10892,101.1,645.6,9860,687,194,1364309,-9284,Medium,No
2023-11-15,GrowOut-A,Farming,Pangasius,Autumn,20.1,Cloudy,1.4,7.6,0.13,11.0,2,10890,83.9,486.4,9421,660,194,1027787,-6255,Medium,No
2023-11-16,GrowOut-A,Farming,Pangasius,Autumn,19.4,Partly Cloudy,3.5,7.5,0.1,9.9,0,10890,61.3,508.1,6986,693,196,1084509,-2863,Medium,No
2023-11-17,GrowOut-A,Farming,Pangasius,Autumn,19.4,Cloudy,1.5,7.0,0.12,10.5,1,10889,62.4,545.6,6471,738,189,1122959,-4398,Medium,No
2023-11-18,GrowOut-A,Farming,Pangasius,Autumn,19.3,Partly Cloudy,1.7,7.1,0.09,10.6,0,10889,57.4,499.9,5556,589,191,1039692,-3836,Medium,No
2023-11-19,GrowOut-A,Farming,Pangasius,Autumn,20.6,Partly Cloudy,0.6,7.2,0.11,10.4,0,10889,69.9,452.5,7701,511,196,965745,-4567,Medium,No
2023-11-20,GrowOut-A,Farming,Pangasius,Autumn,18.5,Sunny,1.1,7.5,0.1,11.1,0,10889,63.5,526.2,6992,585,191,1094390,-4169,Medium,No
2023-11-21,GrowOut-A,Farming,Pangasius,Autumn,20.7,Partly Cloudy,2.3,7.9,0.14,10.4,0,10889,90.4,592.8,9579,535,195,1258725,-5019,Medium,No
2023-11-22,GrowOut-A,Farming,Pangasius,Autumn,20.2,Partly Cloudy,0.6,7.1,0.13,9.8,1,10888,81.4,498.1,8785,823,195,1057643,-7028,Medium,No
2023-11-23,GrowOut-A,Farming,Pangasius,Autumn,19.5,Partly Cloudy,1.7,7.5,0.12,10.2,2,10886,67.7,561.2,7515,726,198,1209848,-2143,Medium,No
2023-11-24,GrowOut-A,Farming,Pangasius,Autumn,20.6,Partly Cloudy,0.1,7.3,0.14,9.5,0,10886,102.3,612.0,10269,535,188,1252500,-8222,Medium,No
2023-11-25,GrowOut-A,Farming,Pangasius,Autumn,17.2,Cloudy,0.6,7.9,0.09,11.3,0,10886,56.6,456.2,5890,765,195,968408,-5117,Medium,No
2023-11-26,GrowOut-A,Farming,Pangasius,Autumn,19.5,Sunny,0.5,7.3,0.1,10.4,1,10885,63.2,483.7,6032,888,192,1010987,-4492,Medium,No
2023-11-27,GrowOut-A,Farming,Pangasius,Autumn,18.6,Cloudy,0.3,7.2,0.17,8.6,12,10873,70.3,542.8,6984,639,202,1193492,-754,Medium,No
2023-11-28,GrowOut-A,Farming,Pangasius,Autumn,19.8,Partly Cloudy,0.1,7.3,0.13,9.8,1,10872,67.5,563.2,6858,830,199,1218611,-6397,Medium,No
2023-11-29,GrowOut-A,Farming,Pangasius,Autumn,18.2,Partly Cloudy,0.0,7.6,0.13,10.5,0,10872,71.6,607.5,7475,536,194,1281320,-5548,Medium,No
2023-11-30,GrowOut-A,Farming,Pangasius,Autumn,19.7,Partly Cloudy,0.0,7.4,0.16,10.6,1,10871,86.1,660.5,9502,562,200,1436191,185,Medium,No
2023-12-01,GrowOut-A,Farming,Pangasius,Winter,20.4,Sunny,0.0,7.4,0.17,10.1,2,10869,104.2,669.3,10859,797,190,1382432,-4562,Medium,No
2023-12-02,GrowOut-A,Farming,Pangasius,Winter,19.7,Sunny,0.0,7.7,0.15,11.0,0,10869,68.6,593.9,6945,595,187,1207104,-1023,Medium,No
2023-12-03,GrowOut-A,Farming,Pangasius,Winter,17.8,Sunny,0.0,7.2,0.15,10.0,1,10868,86.6,666.1,8666,737,189,1368330,-4985,Medium,No
2023-12-04,GrowOut-A,Farming,Pangasius,Winter,19.3,Sunny,0.0,7.0,0.15,10.3,0,10868,87.5,680.6,8510,735,200,1479352,-8142,Medium,No
2023-12-05,GrowOut-A,Farming,Pangasius,Winter,16.6,Cloudy,0.0,7.7,0.11,10.9,1,10867,73.8,608.6,7370,886,193,1276553,-773,Medium,No
2023-12-06,GrowOut-A,Farming,Pangasius,Winter,18.7,Partly Cloudy,0.0,7.5,0.13,10.2,1,10866,74.1,628.4,8182,562,199,1358936,-7227,Medium,No
2023-12-07,GrowOut-A,Farming,Pangasius,Winter,19.7,Cloudy,0.0,7.2,0.16,9.9,3,10863,67.0,594.2,7383,477,202,1304229,-1235,Medium,No
2023-12-08,GrowOut-A,Farming,Pangasius,Winter,17.3,Sunny,0.0,7.4,0.15,10.8,1,10862,69.2,598.3,7249,593,188,1221875,-646,Medium,No
2023-12-09,GrowOut-A,Farming,Pangasius,Winter,16.7,Cloudy,0.0,8.1,0.12,10.4,2,10860,76.7,672.6,7583,760,199,1453850,-83,Medium,No
2023-12-10,GrowOut-A,Farming,Pangasius,Winter,15.0,Cloudy,0.0,6.9,0.17,11.0,1,10859,88.3,699.4,9161,583,190,1443142,-4263,Medium,No
2023-12-11,GrowOut-A,Farming,Pangasius,Winter,18.5,Cloudy,0.0,7.2,0.09,11.1,2,10857,61.8,546.6,6776,574,185,1098073,-2701,Medium,No
2023-12-12,GrowOut-A,Farming,Pangasius,Winter,17.0,Sunny,0.0,7.5,0.11,10.6,0,10857,70.8,548.3,7362,819,192,1142955,-4855,Medium,No
2023-12-13,GrowOut-A,Farming,Pangasius,Winter,19.2,Sunny,0.0,7.5,0.1,10.6,3,10854,68.6,710.8,7524,847,192,1481694,1164,Medium,No
2023-12-14,GrowOut-A,Farming,Pangasius,Winter,16.1,Sunny,0.0,7.3,0.12,10.5,0,10854,68.2,568.1,7377,693,205,1264062,-5722,Medium,No
2023-12-15,GrowOut-A,Farming,Pangasius,Winter,19.7,Cloudy,0.0,7.3,0.14,10.6,2,10852,76.8,673.7,8238,595,192,1403969,-5120,Medium,No
2023-12-16,GrowOut-A,Farming,Pangasius,Winter,17.8,Cold,0.0,7.3,0.13,11.7,1,10851,86.0,658.1,9607,508,204,1456907,-9433,Medium,No
2023-12-17,GrowOut-A,Farming,Pangasius,Winter,20.1,Sunny,0.0,7.4,0.17,10.5,1,10850,116.3,697.2,12377,826,203,1535759,-7274,Medium,No
2023-12-18,GrowOut-A,Farming,Pangasius,Winter,18.1,Cloudy,0.0,7.8,0.16,10.5,1,10849,70.9,707.8,7255,723,185,1420732,-6699,Medium,No
2023-12-19,GrowOut-A,Farming,Pangasius,Winter,19.2,Sunny,0.0,7.1,0.18,11.2,1,10848,83.8,696.9,9356,661,189,1428966,-8835,Medium,No
2023-12-20,GrowOut-A,Farming,Pangasius,Winter,17.0,Sunny,0.0,7.7,0.15,11.0,2,10846,74.2,728.4,8269,807,195,1540828,1089,Medium,No
2023-12-21,GrowOut-A,Farming,Pangasius,Winter,15.8,Cloudy,0.0,7.4,0.15,10.8,1,10845,78.5,675.6,8768,485,186,1362926,853,Medium,No
2023-12-22,GrowOut-A,Farming,Pangasius,Winter,15.1,Cold,0.0,7.2,0.14,11.5,1,10844,65.5,583.8,6727,537,205,1297919,-4578,Medium,No
2023-12-23,GrowOut-A,Farming,Pangasius,Winter,16.1,Sunny,0.0,7.2,0.18,10.8,0,10844,82.8,796.5,8790,786,196,1692900,-1299,Medium,No
2023-12-24,GrowOut-A,Farming,Pangasius,Winter,17.8,Cloudy,0.0,7.6,0.15,10.6,0,10844,70.4,749.0,7289,497,195,1583820,-5213,Medium,No
2023-12-25,GrowOut-A,Farming,Pangasius,Winter,18.8,Partly Cloudy,0.0,7.3,0.13,10.9,1,10843,67.2,706.8,7102,720,202,1548237,-3610,Medium,No
2023-12-26,GrowOut-A,Farming,Pangasius,Winter,16.6,Cloudy,0.0,7.2,0.12,11.2,0,10843,79.1,699.5,8851,636,193,1463843,-4459,Medium,No
2023-12-27,GrowOut-A,Farming,Pangasius,Winter,18.0,Cloudy,0.0,7.3,0.12,11.1,1,10842,79.6,652.1,8431,619,204,1442427,981,Medium,No
2023-12-28,GrowOut-A,Farming,Pangasius,Winter,15.3,Cloudy,0.0,7.1,0.12,11.8,1,10841,80.5,658.0,9193,450,199,1419673,1310,Medium,No
2023-12-29,GrowOut-A,Farming,Pangasius,Winter,14.5,Sunny,0.0,7.4,0.15,10.7,1,10840,75.2,586.6,8483,453,195,1240069,-6258,Medium,No
2023-12-30,GrowOut-A,Farming,Pangasius,Winter,19.3,Partly Cloudy,0.0,7.3,0.13,10.9,1,10839,72.5,594.6,7888,574,201,1295538,-3296,Medium,No
2023-12-31,GrowOut-A,Farming,Pangasius,Winter,15.3,Sunny,0.0,7.1,0.14,10.8,1,10838,80.2,840.0,7680,610,198,1802742,-3484,Medium,No
2024-01-01,GrowOut-A,Farming,Pangasius,Winter,17.9,Sunny,0.0,7.5,0.13,10.9,0,10838,79.7,661.0,8050,707,201,1439948,1153,Medium,No
2024-01-02,GrowOut-A,Farming,Pangasius,Winter,17.5,Sunny,0.0,7.8,0.12,11.5,2,10836,74.8,601.0,7828,670,195,1270159,-2217,Medium,No
2024-01-03,GrowOut-A,Farming,Pangasius,Winter,17.0,Sunny,0.0,7.6,0.15,10.9,2,10834,75.4,812.4,8132,467,196,1725421,-940,Medium,No
2024-01-04,GrowOut-A,Farming,Pangasius,Winter,17.7,Cold,0.0,7.2,0.16,11.2,0,10834,83.7,820.1,8511,846,200,1776993,-3043,Medium,No
2024-01-05,GrowOut-A,Farming,Pangasius,Winter,16.1,Cold,0.0,7.6,0.13,11.5,3,10831,78.9,836.0,8526,721,210,1902017,884,Medium,No
2024-01-06,GrowOut-A,Farming,Pangasius,Winter,14.5,Sunny,0.0,7.2,0.09,10.9,1,10830,63.2,701.5,6056,693,204,1549981,-2006,Medium,No
2024-01-07,GrowOut-A,Farming,Pangasius,Winter,15.8,Sunny,0.0,7.0,0.15,10.7,1,10829,81.6,669.1,8946,627,195,1413039,-1369,Medium,No
2024-01-08,GrowOut-A,Farming,Pangasius,Winter,16.1,Sunny,0.0,7.6,0.15,10.3,2,10827,74.3,756.5,7489,627,206,1687581,-2792,Medium,No
2024-01-09,GrowOut-A,Farming,Pangasius,Winter,15.8,Cloudy,0.0,7.3,0.13,10.6,0,10827,78.1,776.2,8043,488,194,1630360,-2655,Medium,No
2024-01-10,GrowOut-A,Farming,Pangasius,Winter,17.0,Sunny,0.0,7.1,0.15,11.7,0,10827,76.3,645.0,8102,670,195,1361766,-2831,Medium,No
2024-01-11,GrowOut-A,Farming,Pangasius,Winter,16.5,Sunny,0.0,7.6,0.17,10.4,0,10827,79.0,790.1,7894,482,199,1702328,-2544,Medium,No
2024-01-12,GrowOut-A,Farming,Pangasius,Winter,18.1,Cloudy,0.0,7.4,0.17,10.4,0,10827,82.6,889.1,8957,641,198,1906005,-5706,High,No
2024-01-13,GrowOut-A,Farming,Pangasius,Winter,17.0,Cloudy,0.0,7.5,0.15,9.9,0,10827,71.8,800.2,7259,894,194,1680770,2363,Medium,No
2024-01-14,GrowOut-A,Farming,Pangasius,Winter,15.4,Cloudy,0.0,7.9,0.15,11.8,2,10825,75.3,810.2,8545,555,200,1754407,-3656,Medium,No
2024-01-15,GrowOut-A,Farming,Pangasius,Winter,15.0,Sunny,0.0,7.2,0.15,11.2,2,10823,85.5,871.2,8216,877,209,1971025,-6232,Medium,No
2024-01-16,GrowOut-A,Farming,Pangasius,Winter,15.7,Cloudy,0.0,7.6,0.14,11.0,1,10822,80.4,642.4,7817,653,196,1362728,-4164,Medium,No
2024-01-17,GrowOut-A,Farming,Pangasius,Winter,17.2,Sunny,0.0,7.9,0.15,10.6,0,10822,79.8,784.7,8416,566,194,1647453,-844,Medium,No
2024-01-18,GrowOut-A,Farming,Pangasius,Winter,14.5,Cold,0.0,7.3,0.16,11.8,1,10821,77.3,845.7,7926,858,207,1894498,-7052,Medium,No
2024-01-19,GrowOut-A,Farming,Pangasius,Winter,18.3,Sunny,0.0,7.5,0.16,9.9,2,10819,80.5,674.5,8769,572,196,1430558,-2030,Medium,No
2024-01-20,GrowOut-A,Farming,Pangasius,Winter,15.7,Cold,0.0,7.1,0.13,10.9,0,10819,80.7,657.9,8737,861,195,1387975,-381,Medium,No
2024-01-21,GrowOut-A,Farming,Pangasius,Winter,16.1,Cold,0.0,7.2,0.14,10.0,0,10819,69.8,744.6,7171,891,198,1595054,3717,Medium,No
2024-01-22,GrowOut-A,Farming,Pangasius,Winter,14.5,Cold,0.0,7.6,0.17,10.8,1,10818,91.4,904.4,9775,490,205,2005864,-1632,High,No
2024-01-23,GrowOut-A,Farming,Pangasius,Winter,16.5,Cloudy,0.0,7.3,0.17,10.6,0,10818,73.2,807.2,7012,865,206,1798852,-2390,Medium,No
2024-01-24,GrowOut-A,Farming,Pangasius,Winter,14.5,Cloudy,0.0,7.3,0.15,11.3,0,10818,82.6,878.0,8977,610,200,1899641,-5055,Medium,No
2024-01-25,GrowOut-A,Farming,Pangasius,Winter,16.3,Sunny,0.0,7.2,0.17,10.7,0,10818,73.1,740.2,7321,624,197,1577474,3534,Medium,No
2024-01-26,GrowOut-A,Farming,Pangasius,Winter,15.1,Sunny,0.0,7.6,0.19,11.3,1,10817,87.4,944.0,8900,627,208,2124136,-6437,High,No
2024-01-27,GrowOut-A,Farming,Pangasius,Winter,15.1,Cloudy,0.0,7.6,0.17,11.7,1,10816,74.6,810.8,8389,759,193,1692692,-5234,Medium,No
2024-01-28,GrowOut-A,Farming,Pangasius,Winter,14.5,Cold,0.0,7.5,0.14,10.9,0,10816,77.5,802.5,8301,652,192,1666529,-5209,Medium,No
2024-01-29,GrowOut-A,Farming,Pangasius,Winter,14.7,Cold,0.0,7.7,0.15,11.5,0,10816,82.9,847.7,8211,512,206,1888757,1584,Medium,No
2024-01-30,GrowOut-A,Farming,Pangasius,Winter,17.2,Sunny,0.0,6.9,0.18,10.6,0,10816,92.2,938.7,10435,797,202,2050902,3343,High,No
2024-01-31,GrowOut-A,Farming,Pangasius,Winter,14.5,Cold,0.0,7.4,0.14,12.0,1,10815,78.3,771.1,8924,503,202,1684724,1633,Medium,No
2024-02-01,GrowOut-A,Farming,Pangasius,Winter,15.5,Cold,0.0,7.5,0.18,11.4,1,10814,86.2,889.6,9706,636,198,1904963,-5013,High,No
2024-02-02,GrowOut-A,Farming,Pangasius,Winter,17.3,Sunny,0.0,7.6,0.17,10.4,0,10814,92.8,954.4,10548,573,207,2136422,-7171,High,No
2024-02-03,GrowOut-A,Farming,Pangasius,Winter,16.7,Cold,0.0,7.5,0.13,11.4,0,10814,73.3,723.3,7861,570,211,1650393,-486,Medium,No
2024-02-04,GrowOut-A,Farming,Pangasius,Winter,15.9,Sunny,0.0,7.0,0.15,11.1,1,10813,72.7,760.5,7429,760,202,1661257,-5656,Medium,No
2024-02-05,GrowOut-A,Farming,Pangasius,Winter,16.4,Sunny,0.0,7.0,0.13,11.0,0,10813,81.3,826.1,8023,624,207,1849052,-5703,Medium,No
2024-02-06,GrowOut-A,Farming,Pangasius,Winter,16.0,Cold,0.0,7.8,0.13,11.1,1,10812,76.3,754.8,8727,866,208,1697624,-4160,Medium,No
2024-02-07,GrowOut-A,Farming,Pangasius,Winter,18.4,Cloudy,0.0,7.2,0.18,10.5,1,10811,90.4,903.4,8958,530,197,1924209,4535,High,No
2024-02-08,GrowOut-A,Farming,Pangasius,Winter,18.3,Cloudy,0.0,7.6,0.17,10.2,3,10808,77.1,837.1,8030,561,202,1828077,2556,Medium,No
2024-02-09,GrowOut-A,Farming,Pangasius,Winter,16.9,Sunny,0.0,7.3,0.21,11.2,1,10807,91.4,918.6,9255,725,206,2045215,-707,High,No
2024-02-10,GrowOut-A,Farming,Pangasius,Winter,14.5,Sunny,0.0,7.4,0.18,11.6,0,10807,89.8,863.8,9944,684,199,1857682,-3491,Medium,No
2024-02-11,GrowOut-A,Farming,Pangasius,Winter,16.2,Cold,0.0,6.9,0.16,10.9,1,10806,88.2,970.8,9328,893,203,2129761,-17,High,No
2024-02-12,GrowOut-A,Farming,Pangasius,Winter,18.7,Cloudy,0.0,7.6,0.17,10.1,1,10805,95.5,936.7,9435,648,209,2115494,-4563,High,No
2024-02-13,GrowOut-A,Farming,Pangasius,Winter,17.8,Cloudy,0.0,7.5,0.16,10.6,0,10805,76.4,847.9,8195,475,205,1878120,4360,Medium,No
2024-02-14,GrowOut-A,Farming,Pangasius,Winter,17.8,Cloudy,0.0,7.6,0.16,11.5,1,10804,87.1,956.9,9533,501,198,2047182,-594,High,No
2024-02-15,GrowOut-A,Farming,Pangasius,Winter,16.3,Sunny,0.0,7.6,0.16,10.8,0,10804,83.3,864.3,8452,461,205,1914269,247,Medium,No
2024-02-16,GrowOut-A,Farming,Pangasius,Winter,16.1,Sunny,0.0,7.6,0.17,10.6,0,10804,99.8,987.4,9661,596,207,2208249,5110,High,No
2024-02-17,GrowOut-A,Farming,Pangasius,Winter,14.9,Cold,0.0,6.7,0.16,11.7,2,10802,84.6,918.8,8230,652,203,2015123,-6235,High,No
2024-02-18,GrowOut-A,Farming,Pangasius,Winter,18.9,Cloudy,0.0,7.3,0.15,10.6,1,10801,83.4,849.3,8776,877,200,1834828,-1337,Medium,No
2024-02-19,GrowOut-A,Farming,Pangasius,Winter,16.8,Cold,0.0,7.4,0.2,11.0,2,10799,92.8,938.8,9866,747,206,2088836,-6507,High,No
2024-02-20,GrowOut-A,Farming,Pangasius,Winter,17.0,Cold,0.0,7.7,0.14,11.1,0,10799,69.6,762.1,7196,589,200,1645984,3946,Medium,No
2024-02-21,GrowOut-A,Farming,Pangasius,Winter,15.9,Cloudy,0.0,7.1,0.19,11.1,1,10798,93.0,918.5,9080,541,210,2082965,2785,High,No
2024-02-22,GrowOut-A,Farming,Pangasius,Winter,16.9,Cold,0.0,7.3,0.15,11.0,3,10795,79.8,854.3,8448,453,201,1854171,-1745,Medium,No
2024-02-23,GrowOut-A,Farming,Pangasius,Winter,19.0,Sunny,0.0,7.6,0.16,10.7,0,10795,88.4,901.6,9123,486,215,2092546,6482,High,Yes
2024-02-24,GrowOut-A,Farming,Pangasius,Winter,18.6,Cloudy,0.0,6.8,0.16,11.1,0,10795,79.0,820.5,8801,543,201,1780317,7677,Medium,Yes
2024-02-25,GrowOut-A,Farming,Pangasius,Winter,18.1,Cloudy,0.0,7.2,0.19,10.0,1,10794,85.3,825.8,8159,710,213,1898791,12304,Medium,Yes
2024-02-26,GrowOut-A,Farming,Pangasius,Winter,17.3,Cold,0.0,7.4,0.14,11.6,0,10794,71.8,732.3,7077,752,216,1707360,18546,Medium,Yes
2024-02-27,GrowOut-A,Farming,Pangasius,Winter,18.7,Cloudy,0.0,7.3,0.16,10.6,0,10794,86.0,904.0,8475,655,210,2049133,15328,High,Yes
2024-02-28,GrowOut-A,Farming,Pangasius,Winter,19.8,Sunny,0.0,7.4,0.13,10.6,0,10794,74.1,782.6,7586,621,199,1681029,20272,Medium,Yes
2024-02-29,GrowOut-A,Farming,Pangasius,Winter,18.1,Cloudy,0.0,7.2,0.17,10.3,1,10793,67.0,738.1,6529,837,210,1673081,16063,Medium,Yes
2024-03-01,GrowOut-A,Farming,Pangasius,Spring,18.6,Cloudy,0.0,7.7,0.16,10.0,1,10792,77.7,787.1,7472,707,214,1817966,17060,Medium,Yes
2024-03-02,GrowOut-A,Farming,Pangasius,Spring,20.4,Sunny,0.0,7.4,0.22,10.4,2,10790,125.0,946.5,14210,894,213,2175716,12957,High,Yes
2024-03-03,GrowOut-A,Farming,Pangasius,Spring,17.9,Cloudy,0.0,7.0,0.18,11.0,1,10789,74.6,802.6,8017,867,201,1740671,15965,Medium,Yes
2024-03-04,GrowOut-A,Farming,Pangasius,Spring,17.2,Sunny,0.0,7.0,0.2,10.3,2,10787,88.7,962.2,9860,848,202,2096998,23461,High,Yes
2024-03-05,GrowOut-A,Farming,Pangasius,Spring,16.7,Cold,0.0,8.0,0.14,10.3,0,10787,66.1,723.3,7106,503,215,1677481,8916,Medium,Yes
2024-03-06,GrowOut-A,Farming,Pangasius,Spring,18.2,Cloudy,0.0,7.6,0.19,9.9,0,10787,97.9,1059.5,9954,702,205,2342909,13205,High,Yes
2024-03-07,GrowOut-A,Farming,Pangasius,Spring,17.2,Sunny,0.0,7.3,0.15,10.8,3,10784,75.0,793.5,8310,588,205,1754694,16002,Medium,Yes
2024-03-08,GrowOut-A,Farming,Pangasius,Spring,17.6,Cold,0.0,7.9,0.14,10.4,1,10783,77.9,767.1,8018,706,210,1737205,4598,Medium,Yes
2024-03-09,GrowOut-A,Farming,Pangasius,Spring,20.2,Sunny,0.0,7.7,0.17,9.6,1,10782,106.5,853.8,12082,666,212,1951783,20854,Medium,Yes
2024-03-10,GrowOut-A,Farming,Pangasius,Spring,19.4,Cloudy,0.0,7.6,0.15,11.4,1,10781,70.9,792.6,7389,839,217,1854441,12948,Medium,Yes
2024-03-11,GrowOut-A,Farming,Pangasius,Spring,20.4,Partly Cloudy,0.0,7.4,0.23,9.9,0,10781,142.4,1118.9,15012,704,202,2436698,12109,High,Yes
2024-03-12,GrowOut-A,Farming,Pangasius,Spring,19.6,Cloudy,0.0,7.4,0.14,10.8,1,10780,76.2,770.3,7745,862,215,1785490,12239,Medium,Yes
2024-03-13,GrowOut-A,Farming,Pangasius,Spring,19.0,Sunny,0.0,7.2,0.16,10.3,2,10778,79.9,820.6,9162,732,222,1963827,8666,Medium,Yes
2024-03-14,GrowOut-A,Farming,Pangasius,Spring,20.4,Cloudy,0.0,7.5,0.2,10.8,1,10777,116.4,928.6,13071,788,207,2071749,23119,High,Yes
2024-03-15,GrowOut-A,Farming,Pangasius,Spring,20.2,Cloudy,0.0,7.2,0.17,9.5,2,10775,100.6,788.7,10557,557,213,1810462,20728,Medium,Yes
2024-03-16,GrowOut-A,Farming,Pangasius,Spring,18.9,Partly Cloudy,0.0,7.3,0.14,10.5,0,10775,81.2,791.4,7896,803,207,1765158,8707,Medium,Yes
2024-03-17,GrowOut-A,Farming,Pangasius,Spring,20.4,Sunny,0.0,7.6,0.24,9.9,1,10774,123.6,952.7,12935,675,211,2165987,12164,High,Yes
2024-03-18,GrowOut-A,Farming,Pangasius,Spring,21.3,Partly Cloudy,0.0,7.3,0.25,9.2,2,10772,144.7,1101.0,15991,514,219,2597816,6248,High,Yes
2024-03-19,GrowOut-A,Farming,Pangasius,Spring,19.9,Cloudy,0.0,7.7,0.2,10.6,0,10772,102.7,1014.1,11245,657,211,2304940,29528,High,Yes
2024-03-20,GrowOut-A,Farming,Pangasius,Spring,19.7,Sunny,0.0,7.5,0.15,9.8,0,10772,76.4,787.3,8308,717,212,1797929,12260,Medium,Yes
2024-03-21,GrowOut-A,Farming,Pangasius,Spring,19.7,Sunny,0.0,7.3,0.14,10.4,2,10770,78.6,799.4,8639,460,214,1842783,11570,Medium,Yes
2024-03-22,GrowOut-A,Farming,Pangasius,Spring,20.1,Sunny,0.0,7.6,0.16,11.1,0,10770,112.0,911.9,11260,594,207,2032981,20131,High,Yes
2024-03-23,GrowOut-A,Farming,Pangasius,Spring,21.1,Partly Cloudy,0.0,7.3,0.18,10.9,1,10769,106.5,883.3,10150,730,213,2026299,7094,High,Yes
2024-03-24,GrowOut-A,Farming,Pangasius,Spring,18.3,Cloudy,0.0,7.3,0.17,10.9,0,10769,89.9,862.5,8795,767,208,1931959,18713,Medium,Yes
2024-03-25,GrowOut-A,Farming,Pangasius,Spring,20.3,Sunny,0.0,7.7,0.18,11.5,2,10767,106.4,820.1,10829,650,217,1916470,4187,Medium,Yes
2024-03-26,GrowOut-A,Farming,Pangasius,Spring,19.5,Cloudy,0.0,7.4,0.16,10.5,0,10767,77.8,793.9,7525,626,211,1803611,18259,Medium,Yes
2024-03-27,GrowOut-A,Farming,Pangasius,Spring,23.0,Cloudy,0.0,7.4,0.23,9.3,0,10767,153.4,1151.1,15941,610,218,2701869,31027,High,Yes
2024-03-28,GrowOut-A,Farming,Pangasius,Spring,21.2,Cloudy,0.0,7.3,0.24,9.4,1,10766,146.9,1117.2,14186,865,219,2634327,19763,High,Yes
2024-03-29,GrowOut-A,Farming,Pangasius,Spring,20.4,Sunny,0.0,6.8,0.19,9.4,1,10765,100.5,828.2,10952,494,217,1934859,19408,Medium,Yes
2024-03-30,GrowOut-A,Farming,Pangasius,Spring,24.2,Cloudy,0.0,7.6,0.28,9.4,1,10764,167.9,1292.7,19132,515,216,3005838,25536,High,Yes
2024-03-31,GrowOut-A,Farming,Pangasius,Spring,23.2,Partly Cloudy,0.0,7.3,0.22,9.2,2,10762,139.8,1071.7,15141,805,214,2468657,12321,High,Yes
2024-04-01,GrowOut-A,Farming,Pangasius,Spring,21.3,Partly Cloudy,0.0,7.3,0.15,9.5,1,10761,104.7,857.3,10682,658,215,1983646,10874,Medium,Yes
2024-04-02,GrowOut-A,Farming,Pangasius,Spring,23.7,Partly Cloudy,0.0,7.3,0.26,9.5,2,10759,153.1,1198.4,14860,818,218,2811324,9407,High,Yes
2024-04-03,GrowOut-A,Farming,Pangasius,Spring,22.7,Cloudy,0.0,7.4,0.24,9.7,1,10758,147.6,1159.6,15595,630,212,2644941,11884,High,Yes
2024-04-04,GrowOut-A,Farming,Pangasius,Spring,21.7,Sunny,0.0,7.4,0.24,10.1,1,10757,136.9,1075.8,14056,603,213,2465146,24561,High,Yes
2024-04-05,GrowOut-A,Farming,Pangasius,Spring,21.1,Cloudy,0.0,7.3,0.02,10.5,0,10765,5.9,29.5,588,748,219,69547,-1186,Low,No
2024-04-06,GrowOut-A,Farming,Pangasius,Spring,22.6,Cloudy,0.0,7.5,0.03,10.0,2,10763,5.7,30.1,609,658,203,65777,-1924,Low,No
2024-04-07,GrowOut-A,Farming,Pangasius,Spring,21.8,Partly Cloudy,0.0,7.6,0.04,10.2,1,10762,6.5,31.2,627,499,228,76564,-1763,Low,No
2024-04-08,GrowOut-A,Farming,Pangasius,Spring,23.9,Partly Cloudy,0.0,7.6,0.02,10.0,0,10762,7.3,38.1,702,548,219,89797,-944,Low,No
2024-04-09,GrowOut-A,Farming,Pangasius,Spring,23.7,Cloudy,0.0,7.5,0.03,10.1,0,10762,8.9,43.7,963,654,215,101114,-1738,Low,No
2024-04-10,GrowOut-A,Farming,Pangasius,Spring,23.6,Cloudy,0.0,7.8,0.02,10.6,0,10762,6.7,32.7,754,585,209,73551,-1808,Low,No
2024-04-11,GrowOut-A,Farming,Pangasius,Spring,22.2,Partly Cloudy,0.0,7.2,0.03,10.3,0,10762,6.9,37.8,755,862,214,87056,-1466,Low,No
2024-04-12,GrowOut-A,Farming,Pangasius,Spring,20.9,Cloudy,0.0,7.8,0.02,10.6,0,10762,7.3,35.9,712,582,211,81521,-1276,Low,No
2024-04-13,GrowOut-A,Farming,Pangasius,Spring,23.4,Sunny,0.0,7.8,0.02,9.2,0,10762,6.0,31.8,687,499,225,77002,-1130,Low,No
2024-04-14,GrowOut-A,Farming,Pangasius,Spring,24.8,Sunny,0.0,7.5,0.03,9.8,0,10762,6.0,28.9,645,770,210,65315,-1790,Low,No
2024-04-15,GrowOut-A,Farming,Pangasius,Spring,24.7,Cloudy,0.0,7.0,0.03,9.0,0,10762,5.7,29.4,557,700,218,68976,-1805,Low,No
2024-04-16,GrowOut-A,Farming,Pangasius,Spring,24.3,Partly Cloudy,0.0,7.7,0.05,9.4,1,10761,7.2,38.7,780,510,214,89129,-1069,Low,No
2024-04-17,GrowOut-A,Farming,Pangasius,Spring,20.6,Sunny,0.0,7.3,0.04,11.1,1,10760,8.0,42.0,830,896,211,95364,-1825,Low,No
2024-04-18,GrowOut-A,Farming,Pangasius,Spring,24.5,Partly Cloudy,0.0,7.7,0.02,9.8,1,10759,10.6,52.9,1154,869,213,121240,-2587,Low,No
2024-04-19,GrowOut-A,Farming,Pangasius,Spring,23.7,Cloudy,0.0,7.9,0.02,9.4,0,10759,8.3,43.5,852,552,221,103432,-1497,Low,No
2024-04-20,GrowOut-A,Farming,Pangasius,Spring,23.1,Cloudy,0.0,7.5,0.03,9.6,0,10759,10.7,53.5,1169,571,217,124907,-2286,Low,No
2024-04-21,GrowOut-A,Farming,Pangasius,Spring,25.7,Partly Cloudy,0.0,7.3,0.01,8.6,0,10759,8.4,45.5,879,616,215,105250,-1829,Low,No
2024-04-22,GrowOut-A,Farming,Pangasius,Spring,24.7,Cloudy,0.0,7.3,0.02,9.7,2,10757,8.0,42.0,844,837,223,100769,-1999,Low,No
2024-04-23,GrowOut-A,Farming,Pangasius,Spring,25.2,Partly Cloudy,0.0,7.5,0.03,8.3,0,10757,11.0,59.8,1179,560,217,139589,-1720,Low,No
2024-04-24,GrowOut-A,Farming,Pangasius,Spring,27.0,Cloudy,0.0,7.7,0.01,9.3,2,10755,8.9,47.6,988,591,217,111111,-1019,Low,No
2024-04-25,GrowOut-A,Farming,Pangasius,Spring,26.2,Cloudy,0.0,7.3,0.04,9.6,2,10753,12.9,70.7,1358,661,205,155878,-2452,Low,No
2024-04-26,GrowOut-A,Farming,Pangasius,Spring,25.0,Partly Cloudy,0.0,7.5,0.04,9.6,1,10752,14.8,81.4,1492,466,223,195191,-2091,Low,No
2024-04-27,GrowOut-A,Farming,Pangasius,Spring,25.1,Partly Cloudy,0.0,7.4,0.04,9.2,1,10751,14.6,76.9,1405,663,215,177768,-1550,Low,No
2024-04-28,GrowOut-A,Farming,Pangasius,Spring,25.9,Cloudy,0.0,6.9,0.04,9.8,1,10750,13.0,71.9,1397,579,209,161556,-1955,Low,No
2024-04-29,GrowOut-A,Farming,Pangasius,Spring,25.3,Sunny,0.0,7.7,0.02,9.1,1,10749,10.5,57.4,1025,576,220,135751,-2299,Low,No
2024-04-30,GrowOut-A,Farming,Pangasius,Spring,26.9,Cloudy,0.0,7.8,0.03,9.2,1,10748,12.3,66.7,1314,518,216,154863,-1933,Low,No
2024-05-01,GrowOut-A,Farming,Pangasius,Spring,25.6,Sunny,0.0,7.6,0.02,9.6,1,10747,10.2,51.7,1068,810,222,123359,-2808,Low,No
2024-05-02,GrowOut-A,Farming,Pangasius,Spring,26.0,Sunny,0.0,7.6,0.06,9.8,0,10747,14.1,76.7,1571,827,223,183818,-1906,Low,No
2024-05-03,GrowOut-A,Farming,Pangasius,Spring,24.5,Partly Cloudy,0.0,7.5,0.02,10.0,1,10746,10.0,54.0,1078,545,215,124773,-1714,Low,No
2024-05-04,GrowOut-A,Farming,Pangasius,Spring,27.1,Sunny,0.0,8.1,0.02,8.9,1,10745,15.8,79.6,1538,525,211,180486,-1889,Low,No
2024-05-05,GrowOut-A,Farming,Pangasius,Spring,27.6,Partly Cloudy,0.0,7.4,0.06,9.2,2,10743,16.3,84.7,1722,621,212,192942,-2545,Low,No
2024-05-06,GrowOut-A,Farming,Pangasius,Spring,25.5,Partly Cloudy,0.0,7.6,0.04,9.2,2,10741,13.7,71.3,1305,867,221,169281,-2209,Low,No
2024-05-07,GrowOut-A,Farming,Pangasius,Spring,28.0,Partly Cloudy,0.0,7.0,0.04,9.0,2,10739,18.2,101.6,1744,863,227,247722,-2598,Low,No
2024-05-08,GrowOut-A,Farming,Pangasius,Spring,26.7,Partly Cloudy,0.0,7.5,0.04,9.1,1,10738,14.8,82.8,1487,572,222,197400,-2747,Low,No
2024-05-09,GrowOut-A,Farming,Pangasius,Spring,26.6,Cloudy,0.0,7.6,0.02,9.4,2,10736,18.2,88.0,1975,559,219,206943,-2362,Low,No
2024-05-10,GrowOut-A,Farming,Pangasius,Spring,27.1,Sunny,0.0,7.8,0.03,9.2,2,10734,15.9,83.3,1826,591,213,190488,-1539,Low,No
2024-05-11,GrowOut-A,Farming,Pangasius,Spring,27.7,Sunny,0.0,7.6,0.04,9.0,0,10734,14.1,78.0,1369,651,218,182521,-1335,Low,No
2024-05-12,GrowOut-A,Farming,Pangasius,Spring,24.6,Partly Cloudy,0.0,7.5,0.03,8.5,0,10734,12.4,66.5,1201,872,221,157752,-1800,Low,No
2024-05-13,GrowOut-A,Farming,Pangasius,Spring,27.5,Sunny,0.0,7.1,0.03,9.6,2,10732,18.3,93.0,1998,504,219,218619,-2434,Low,No
2024-05-14,GrowOut-A,Farming,Pangasius,Spring,27.5,Partly Cloudy,0.0,6.9,0.05,9.1,0,10732,20.9,104.5,2222,885,219,245607,-3788,Low,No
2024-05-15,GrowOut-A,Farming,Pangasius,Spring,26.9,Sunny,0.0,6.9,0.02,9.3,0,10732,17.0,85.9,1933,737,226,208345,-2154,Low,No
2024-05-16,GrowOut-A,Farming,Pangasius,Spring,25.5,Partly Cloudy,0.0,7.4,0.05,9.6,0,10732,16.9,89.1,1866,566,220,210369,-3112,Low,No
2024-05-17,GrowOut-A,Farming,Pangasius,Spring,29.1,Sunny,0.0,7.2,0.02,8.8,0,10732,17.8,89.8,1712,880,218,210094,-2591,Low,No
2024-05-18,GrowOut-A,Farming,Pangasius,Spring,28.6,Sunny,0.0,7.9,0.04,9.2,0,10732,19.7,104.3,2112,530,215,240660,-2922,Low,No
2024-05-19,GrowOut-A,Farming,Pangasius,Spring,29.5,Cloudy,0.0,7.6,0.05,7.7,0,10732,23.5,116.6,2535,861,217,271543,-3564,Low,No
2024-05-20,GrowOut-A,Farming,Pangasius,Spring,26.3,Sunny,0.0,7.4,0.05,9.2,0,10732,16.6,84.7,1660,651,217,197253,-2545,Low,No
2024-05-21,GrowOut-A,Farming,Pangasius,Spring,28.8,Cloudy,0.0,7.8,0.05,8.4,0,10732,25.9,124.2,2805,570,223,297240,-3307,Low,No
2024-05-22,GrowOut-A,Farming,Pangasius,Spring,30.2,Hot,0.0,7.3,0.04,8.4,1,10731,24.3,119.6,2765,671,206,264411,-3070,Low,No
2024-05-23,GrowOut-A,Farming,Pangasius,Spring,30.2,Sunny,0.0,7.2,0.24,4.9,14,10717,23.1,129.4,2417,705,215,298547,-1908,Low,No
2024-05-24,GrowOut-A,Farming,Pangasius,Spring,26.7,Partly Cloudy,0.0,7.9,0.03,9.0,0,10717,23.3,116.1,2508,881,221,274978,-2703,Low,No
2024-05-25,GrowOut-A,Farming,Pangasius,Spring,29.0,Partly Cloudy,0.0,7.7,0.04,8.3,0,10717,19.8,100.7,2185,742,232,250375,-2085,Low,No
2024-05-26,GrowOut-A,Farming,Pangasius,Spring,30.1,Hot,0.0,7.7,0.04,7.9,1,10716,25.7,140.4,2642,498,215,323503,-2908,Low,No
2024-05-27,GrowOut-A,Farming,Pangasius,Spring,27.3,Sunny,0.0,7.8,0.05,9.2,1,10715,28.7,139.9,2835,466,221,331316,-1525,Low,No
2024-05-28,GrowOut-A,Farming,Pangasius,Spring,28.7,Cloudy,0.0,7.2,0.07,8.8,0,10715,21.3,106.7,2361,740,220,251524,-2620,Low,No
2024-05-29,GrowOut-A,Farming,Pangasius,Spring,28.9,Partly Cloudy,0.0,7.4,0.16,6.2,9,10706,26.7,147.6,2922,632,219,346356,-1667,Low,No
2024-05-30,GrowOut-A,Farming,Pangasius,Spring,30.0,Cloudy,0.1,7.2,0.02,7.8,1,10705,26.8,134.8,3012,691,220,317497,-3056,Low,No
2024-05-31,GrowOut-A,Farming,Pangasius,Spring,28.0,Sunny,0.3,7.3,0.02,8.9,0,10705,18.1,98.7,1956,662,218,230335,-2531,Low,No
2024-06-01,GrowOut-A,Farming,Pangasius,Monsoon,28.5,Sunny,0.9,7.5,0.06,8.7,1,10704,30.4,159.0,2993,472,215,365950,-1511,Low,No
2024-06-02,GrowOut-A,Farming,Pangasius,Monsoon,29.9,Sunny,0.3,7.4,0.06,8.1,1,10703,27.1,139.2,2895,818,213,317369,-3450,Low,No
2024-06-03,GrowOut-A,Farming,Pangasius,Monsoon,28.2,Cloudy,0.6,7.3,0.06,8.7,0,10703,34.1,165.1,3788,642,222,392288,-2772,Low,No
2024-06-04,GrowOut-A,Farming,Pangasius,Monsoon,30.2,Hot,1.1,7.5,0.07,7.9,1,10702,28.5,142.0,3036,512,213,323723,-2094,Low,No
2024-06-05,GrowOut-A,Farming,Pangasius,Monsoon,30.7,Sunny,0.7,7.4,0.04,8.3,0,10702,36.7,183.3,3733,504,223,437454,-1824,Low,No
2024-06-06,GrowOut-A,Farming,Pangasius,Monsoon,29.3,Sunny,3.9,7.6,0.06,8.6,0,10702,33.0,163.2,3425,867,216,377258,-3804,Low,No
2024-06-07,GrowOut-A,Farming,Pangasius,Monsoon,30.5,Hot,0.6,7.2,0.1,6.4,12,10690,38.1,189.9,3756,490,221,449140,-2797,Low,No
2024-06-08,GrowOut-A,Farming,Pangasius,Monsoon,29.9,Partly Cloudy,3.8,7.3,0.03,8.1,0,10690,31.6,163.9,3490,762,214,374947,-3913,Low,No
2024-06-09,GrowOut-A,Farming,Pangasius,Monsoon,28.1,Partly Cloudy,1.0,7.7,0.04,9.2,2,10688,30.1,155.6,3424,725,212,352633,-2563,Low,No
2024-06-10,GrowOut-A,Farming,Pangasius,Monsoon,29.9,Cloudy,0.5,7.4,0.07,7.7,3,10685,34.9,172.8,3753,802,233,430325,-3419,Low,No
2024-06-11,GrowOut-A,Farming,Pangasius,Monsoon,28.5,Cloudy,2.7,7.7,0.05,8.7,1,10684,30.9,151.3,3263,493,214,345961,-1891,Low,No
2024-06-12,GrowOut-A,Farming,Pangasius,Monsoon,30.5,Sunny,2.7,7.4,0.05,8.2,0,10684,34.2,167.2,3391,474,218,389428,-1619,Low,No
2024-06-13,GrowOut-A,Farming,Pangasius,Monsoon,28.7,Cloudy,5.6,7.1,0.05,8.9,2,10682,36.9,181.3,4186,474,217,420331,-3973,Low,No
2024-06-14,GrowOut-A,Farming,Pangasius,Monsoon,32.0,Cloudy,5.7,6.9,0.04,8.7,2,10680,32.6,173.7,3677,654,212,393358,-2205,Low,No
2024-06-15,GrowOut-A,Farming,Pangasius,Monsoon,32.3,Sunny,2.1,7.2,0.07,7.9,1,10679,32.8,173.6,3454,482,221,409745,-1897,Low,No
2024-06-16,GrowOut-A,Farming,Pangasius,Monsoon,30.9,Hot,0.9,7.1,0.06,8.6,0,10679,32.0,203.5,3615,554,222,482445,-2897,Low,No
2024-06-17,GrowOut-A,Farming,Pangasius,Monsoon,31.3,Sunny,1.7,7.8,0.06,8.7,2,10677,34.1,189.2,3376,851,220,444503,-2592,Low,No
2024-06-18,GrowOut-A,Farming,Pangasius,Monsoon,30.5,Hot,3.4,7.6,0.06,8.3,1,10676,32.3,178.9,3208,724,221,422135,-2747,Low,No
2024-06-19,GrowOut-A,Farming,Pangasius,Monsoon,31.8,Sunny,3.6,7.6,0.08,8.9,2,10674,35.5,215.4,3627,571,213,489817,-3815,Low,No
2024-06-20,GrowOut-A,Farming,Pangasius,Monsoon,32.3,Rainy,5.6,7.3,0.07,7.6,1,10673,34.6,195.5,3609,638,214,446568,-3704,Low,No
2024-06-21,GrowOut-A,Farming,Pangasius,Monsoon,30.1,Hot,3.5,7.3,0.07,8.6,1,10672,37.2,227.1,4009,725,216,523549,-2466,Low,No
2024-06-22,GrowOut-A,Farming,Pangasius,Monsoon,30.8,Rainy,7.5,7.7,0.06,8.2,1,10671,37.4,186.0,3919,898,224,444638,-3704,Low,No
2024-06-23,GrowOut-A,Farming,Pangasius,Monsoon,32.0,Hot,3.0,7.1,0.04,8.7,3,10668,32.4,212.4,3555,561,211,478236,-2719,Low,No
2024-06-24,GrowOut-A,Farming,Pangasius,Monsoon,32.7,Rainy,7.6,7.3,0.07,8.0,0,10668,45.8,268.1,4487,708,208,594899,-3065,Low,No
2024-06-25,GrowOut-A,Farming,Pangasius,Monsoon,31.2,Rainy,12.7,7.6,0.07,8.3,0,10668,40.5,197.9,4470,465,221,466575,-3924,Low,No
2024-06-26,GrowOut-A,Farming,Pangasius,Monsoon,29.5,Cloudy,3.5,8.0,0.07,8.4,0,10668,42.1,273.1,4202,701,210,611820,-1535,Low,No
2024-06-27,GrowOut-A,Farming,Pangasius,Monsoon,32.7,Hot,0.7,7.5,0.06,7.6,4,10664,50.4,291.5,5086,741,218,677919,-5365,Low,No
2024-06-28,GrowOut-A,Farming,Pangasius,Monsoon,29.2,Cloudy,7.2,7.6,0.05,8.3,1,10663,30.8,201.4,3277,713,208,446728,-3320,Low,No
2024-06-29,GrowOut-A,Farming,Pangasius,Monsoon,30.9,Sunny,3.5,7.0,0.07,8.2,1,10662,50.2,292.9,5562,617,206,643378,-3040,Low,No
2024-06-30,GrowOut-A,Farming,Pangasius,Monsoon,32.6,Rainy,13.7,7.5,0.06,7.6,0,10662,46.4,291.6,5237,600,213,662225,-4033,Low,No
2024-07-01,GrowOut-A,Farming,Pangasius,Monsoon,32.1,Hot,2.2,7.7,0.06,8.7,0,10662,43.6,290.1,4644,543,209,646447,-5075,Low,No
2024-07-02,GrowOut-A,Farming,Pangasius,Monsoon,31.4,Hot,2.1,7.6,0.08,7.6,1,10661,51.6,319.1,5878,754,211,717874,-6764,Low,No
2024-07-03,GrowOut-A,Farming,Pangasius,Monsoon,32.1,Hot,3.5,7.3,0.08,8.6,2,10659,39.5,248.9,4041,529,209,554586,-2051,Low,No
2024-07-04,GrowOut-A,Farming,Pangasius,Monsoon,29.5,Cloudy,4.1,7.5,0.06,8.2,0,10659,49.1,290.6,5628,557,216,669061,-2792,Low,No
2024-07-05,GrowOut-A,Farming,Pangasius,Monsoon,33.4,Rainy,6.1,7.4,0.09,7.4,0,10659,53.2,322.6,5395,854,222,763368,-2566,Low,No
2024-07-06,GrowOut-A,Farming,Pangasius,Monsoon,30.6,Hot,3.2,7.2,0.06,8.5,0,10659,38.0,235.7,3954,676,216,542662,-4670,Low,No
2024-07-07,GrowOut-A,Farming,Pangasius,Monsoon,33.9,Cloudy,8.9,7.6,0.05,8.5,2,10657,50.2,296.6,5445,762,217,686037,-2443,Low,No
2024-07-08,GrowOut-A,Farming,Pangasius,Monsoon,31.7,Rainy,5.7,7.0,0.08,7.9,0,10657,53.0,339.1,5120,854,209,755282,-647,Low,No
2024-07-09,GrowOut-A,Farming,Pangasius,Monsoon,34.5,Rainy,10.0,7.2,0.06,8.4,2,10655,46.7,273.6,5088,673,214,623972,-5340,Low,No
2024-07-10,GrowOut-A,Farming,Pangasius,Monsoon,31.7,Rainy,16.6,7.3,0.08,8.7,0,10655,43.7,291.8,4625,509,213,662244,-3079,Low,No
2024-07-11,GrowOut-A,Farming,Pangasius,Monsoon,33.0,Rainy,8.0,7.6,0.09,8.5,0,10655,49.8,293.6,5599,555,200,625662,-4423,Low,No
2024-07-12,GrowOut-A,Farming,Pangasius,Monsoon,32.5,Cloudy,11.0,7.6,0.08,7.9,0,10655,51.6,316.4,5569,597,211,711332,-2946,Low,No
2024-07-13,GrowOut-A,Farming,Pangasius,Monsoon,33.3,Cloudy,9.6,7.3,0.09,8.3,0,10655,55.2,338.0,6236,588,208,749089,-5720,Low,No
2024-07-14,GrowOut-A,Farming,Pangasius,Monsoon,32.4,Hot,3.5,7.1,0.07,8.0,0,10655,49.8,335.4,5573,517,205,732606,-3510,Low,No
2024-07-15,GrowOut-A,Farming,Pangasius,Monsoon,31.5,Rainy,6.3,7.2,0.11,7.8,2,10653,53.9,362.3,5698,532,209,806804,-1062,Low,No
2024-07-16,GrowOut-A,Farming,Pangasius,Monsoon,31.9,Rainy,8.4,7.6,0.08,8.3,0,10653,47.3,309.0,5434,709,208,684690,-4861,Low,No
2024-07-17,GrowOut-A,Farming,Pangasius,Monsoon,32.0,Rainy,5.4,7.6,0.08,7.6,0,10653,49.4,331.8,5351,890,208,735210,-3938,Low,No
2024-07-18,GrowOut-A,Farming,Pangasius,Monsoon,33.6,Rainy,7.4,7.2,0.09,7.2,1,10652,61.5,364.1,5873,869,205,795145,-6124,Low,No
2024-07-19,GrowOut-A,Farming,Pangasius,Monsoon,32.1,Cloudy,6.3,7.5,0.13,8.0,2,10650,74.4,434.2,8512,696,210,971271,-6703,Medium,No
2024-07-20,GrowOut-A,Farming,Pangasius,Monsoon,30.3,Cloudy,15.9,7.4,0.07,8.0,1,10649,55.2,369.2,6286,891,201,790328,-3484,Low,No
2024-07-21,GrowOut-A,Farming,Pangasius,Monsoon,31.8,Cloudy,16.9,7.0,0.08,8.0,0,10649,53.7,356.5,5616,468,216,820016,-2995,Low,No
2024-07-22,GrowOut-A,Farming,Pangasius,Monsoon,29.9,Partly Cloudy,4.0,7.3,0.08,8.2,0,10649,48.2,310.7,4791,611,210,694815,-4974,Low,No
2024-07-23,GrowOut-A,Farming,Pangasius,Monsoon,32.2,Rainy,22.1,7.7,0.11,7.8,1,10648,64.1,404.8,7289,575,205,883697,-6686,Low,No
2024-07-24,GrowOut-A,Farming,Pangasius,Monsoon,32.2,Cloudy,6.2,7.5,0.09,8.0,0,10648,74.0,438.5,8474,627,210,980521,-6642,Medium,No
2024-07-25,GrowOut-A,Farming,Pangasius,Monsoon,32.5,Rainy,23.1,7.4,0.11,8.5,2,10646,70.5,453.4,6906,834,209,1009011,-4582,Medium,No
2024-07-26,GrowOut-A,Farming,Pangasius,Monsoon,33.3,Rainy,12.3,7.1,0.11,7.7,2,10644,62.8,379.8,7194,843,204,824844,-6256,Low,No
2024-07-27,GrowOut-A,Farming,Pangasius,Monsoon,30.8,Hot,2.8,7.6,0.11,8.8,0,10644,73.8,461.5,7664,524,211,1036475,-1056,Medium,No
2024-07-28,GrowOut-A,Farming,Pangasius,Monsoon,32.0,Cloudy,11.3,7.7,0.12,7.8,0,10644,71.9,463.0,8032,719,198,975778,-6703,Medium,No
2024-07-29,GrowOut-A,Farming,Pangasius,Monsoon,33.1,Cloudy,7.1,7.3,0.16,8.2,0,10644,85.5,513.7,8696,870,212,1159178,-3076,Medium,No
2024-07-30,GrowOut-A,Farming,Pangasius,Monsoon,30.1,Heavy Rain,30.5,7.7,0.06,8.6,0,10644,51.5,342.6,5174,529,212,773086,-1759,Low,No
2024-07-31,GrowOut-A,Farming,Pangasius,Monsoon,32.0,Rainy,7.8,7.1,0.11,7.8,1,10643,63.4,412.6,6390,671,201,882735,-2115,Low,No
2024-08-01,GrowOut-A,Farming,Pangasius,Monsoon,31.4,Cloudy,11.4,7.3,0.1,8.4,0,10643,76.1,454.5,7571,806,210,1015821,-5850,Medium,No
2024-08-02,GrowOut-A,Farming,Pangasius,Monsoon,34.5,Hot,3.3,7.5,0.13,7.2,0,10643,61.0,396.8,6146,531,204,861521,-2795,Low,No
2024-08-03,GrowOut-A,Farming,Pangasius,Monsoon,31.3,Rainy,7.0,7.2,0.1,8.3,1,10642,64.3,381.4,6743,887,207,840263,-3217,Low,No
2024-08-04,GrowOut-A,Farming,Pangasius,Monsoon,34.3,Cloudy,6.7,7.3,0.12,7.2,1,10641,75.9,476.7,8164,664,201,1019681,-2878,Medium,No
2024-08-05,GrowOut-A,Farming,Pangasius,Monsoon,31.3,Cloudy,24.1,7.0,0.1,8.3,1,10640,78.3,481.7,8762,523,209,1071286,-7377,Medium,No
2024-08-06,GrowOut-A,Farming,Pangasius,Monsoon,32.7,Cloudy,7.2,7.4,0.12,7.8,0,10640,91.2,562.0,8962,573,206,1231814,-3446,Medium,No
2024-08-07,GrowOut-A,Farming,Pangasius,Monsoon,32.8,Hot,5.0,7.4,0.13,8.6,0,10640,67.7,423.2,7297,485,198,891564,-2505,Medium,No
2024-08-08,GrowOut-A,Farming,Pangasius,Monsoon,31.7,Rainy,14.8,7.7,0.14,7.6,0,10640,83.9,555.5,8251,595,203,1199836,-1225,Medium,No
2024-08-09,GrowOut-A,Farming,Pangasius,Monsoon,31.9,Hot,1.4,7.7,0.16,7.8,1,10639,81.4,473.0,8323,690,191,961250,-3072,Medium,No
2024-08-10,GrowOut-A,Farming,Pangasius,Monsoon,30.8,Rainy,8.0,7.4,0.08,8.2,0,10639,73.0,437.6,8072,635,196,912503,-3120,Medium,No
2024-08-11,GrowOut-A,Farming,Pangasius,Monsoon,31.8,Rainy,11.7,7.4,0.1,8.2,0,10639,81.3,474.0,9076,808,206,1038835,-5156,Medium,No
2024-08-12,GrowOut-A,Farming,Pangasius,Monsoon,31.1,Rainy,8.1,7.7,0.15,8.2,1,10638,87.9,527.3,8555,509,211,1183698,-4124,Medium,No
2024-08-13,GrowOut-A,Farming,Pangasius,Monsoon,34.2,Stormy,25.1,7.3,0.15,8.1,0,10638,85.7,580.1,8899,894,196,1209536,-2853,Medium,No
2024-08-14,GrowOut-A,Farming,Pangasius,Monsoon,31.5,Cloudy,12.9,7.8,0.1,8.8,2,10636,78.1,481.5,8582,503,196,1003951,-2391,Medium,No
2024-08-15,GrowOut-A,Farming,Pangasius,Monsoon,30.4,Rainy,16.7,7.6,0.12,7.6,2,10634,98.6,573.5,9781,891,203,1238248,-4081,Medium,No
2024-08-16,GrowOut-A,Farming,Pangasius,Monsoon,30.8,Sunny,4.9,7.0,0.12,8.4,2,10632,78.9,485.1,8691,469,208,1072979,-8151,Medium,No
2024-08-17,GrowOut-A,Farming,Pangasius,Monsoon,32.8,Sunny,3.5,7.7,0.15,7.8,1,10631,88.6,563.1,8494,586,206,1233297,-1543,Medium,No
2024-08-18,GrowOut-A,Farming,Pangasius,Monsoon,29.4,Rainy,13.1,7.3,0.16,8.0,3,10628,109.3,643.2,12353,533,211,1442788,-11707,Medium,No
2024-08-19,GrowOut-A,Farming,Pangasius,Monsoon,30.9,Rainy,13.5,7.2,0.14,8.0,1,10627,107.4,677.3,12241,607,205,1475661,-2903,Medium,No
2024-08-20,GrowOut-A,Farming,Pangasius,Monsoon,31.5,Sunny,3.7,7.2,0.15,7.8,1,10626,95.3,594.2,10616,793,210,1326058,-8810,Medium,No
2024-08-21,GrowOut-A,Farming,Pangasius,Monsoon,30.5,Rainy,22.0,7.0,0.17,7.7,1,10625,116.5,694.4,12824,452,198,1460981,-11748,Medium,No
2024-08-22,GrowOut-A,Farming,Pangasius,Monsoon,28.7,Sunny,2.9,7.4,0.16,9.3,1,10624,98.4,663.7,10282,764,203,1431518,-5598,Medium,No
2024-08-23,GrowOut-A,Farming,Pangasius,Monsoon,33.9,Sunny,0.1,7.2,0.17,7.9,4,10620,94.2,550.6,9664,546,197,1152366,-6203,Medium,No
2024-08-24,GrowOut-A,Farming,Pangasius,Monsoon,29.2,Cloudy,12.7,7.6,0.1,8.3,1,10619,81.2,507.6,7935,793,206,1110487,-6298,Medium,No
2024-08-25,GrowOut-A,Farming,Pangasius,Monsoon,30.9,Rainy,11.4,7.2,0.13,8.1,2,10617,85.6,543.0,8791,656,196,1130159,-6802,Medium,No
2024-08-26,GrowOut-A,Farming,Pangasius,Monsoon,28.5,Cloudy,15.6,7.4,0.13,8.9,0,10617,83.5,545.7,9577,643,199,1152946,-9582,Medium,No
2024-08-27,GrowOut-A,Farming,Pangasius,Monsoon,29.4,Cloudy,13.3,7.7,0.14,8.5,1,10616,84.9,723.7,8087,753,201,1544388,-7047,Medium,No
2024-08-28,GrowOut-A,Farming,Pangasius,Monsoon,30.6,Cloudy,13.4,7.3,0.15,7.6,0,10616,101.0,672.2,9836,628,197,1405807,-4158,Medium,No
2024-08-29,GrowOut-A,Farming,Pangasius,Monsoon,29.5,Rainy,5.4,7.6,0.16,9.0,1,10615,112.0,697.7,11018,614,205,1518391,-6917,Medium,No
2024-08-30,GrowOut-A,Farming,Pangasius,Monsoon,31.5,Hot,3.5,7.3,0.13,8.3,0,10615,89.0,580.2,9746,575,197,1213288,-3532,Medium,No
2024-08-31,GrowOut-A,Farming,Pangasius,Monsoon,30.8,Cloudy,5.8,7.4,0.17,7.8,0,10615,92.2,759.2,10498,610,199,1603723,-3615,Medium,No
2024-09-01,GrowOut-A,Farming,Pangasius,Monsoon,31.7,Cloudy,12.0,7.5,0.16,8.3,1,10614,102.6,821.5,10049,655,208,1813806,-6032,Medium,No
2024-09-02,GrowOut-A,Farming,Pangasius,Monsoon,29.8,Partly Cloudy,0.5,7.3,0.14,9.1,0,10614,103.4,616.0,9884,782,199,1301107,-9793,Medium,No
2024-09-03,GrowOut-A,Farming,Pangasius,Monsoon,29.7,Rainy,6.5,7.3,0.16,9.1,1,10613,97.2,808.3,10554,519,205,1758756,-2477,Medium,No
2024-09-04,GrowOut-A,Farming,Pangasius,Monsoon,30.3,Rainy,9.2,7.3,0.18,8.8,1,10612,97.3,751.5,10201,660,198,1579183,-2463,Medium,No
2024-09-05,GrowOut-A,Farming,Pangasius,Monsoon,28.6,Cloudy,21.0,7.8,0.19,9.1,0,10612,116.4,689.0,12942,693,202,1476957,-2528,Medium,No
2024-09-06,GrowOut-A,Farming,Pangasius,Monsoon,30.1,Rainy,12.3,7.6,0.16,8.4,2,10610,102.0,861.9,9933,653,201,1838443,-4977,Medium,No
2024-09-07,GrowOut-A,Farming,Pangasius,Monsoon,28.1,Cloudy,8.0,7.4,0.14,8.8,1,10609,93.2,558.9,10083,801,201,1191916,-4906,Medium,No
2024-09-08,GrowOut-A,Farming,Pangasius,Monsoon,28.1,Cloudy,5.5,7.4,0.15,9.3,0,10609,113.8,674.0,11697,794,196,1401491,-5249,Medium,No
2024-09-09,GrowOut-A,Farming,Pangasius,Monsoon,31.2,Cloudy,34.5,7.9,0.12,8.1,3,10606,96.0,767.5,10022,703,205,1669194,-3496,Medium,No
2024-09-10,GrowOut-A,Farming,Pangasius,Monsoon,27.9,Partly Cloudy,4.1,7.2,0.16,8.3,3,10603,96.1,641.8,9856,754,193,1313738,-1288,Medium,No
2024-09-11,GrowOut-A,Farming,Pangasius,Monsoon,27.9,Cloudy,15.9,7.3,0.16,8.8,1,10602,87.3,593.4,8517,615,195,1226905,-2560,Medium,No
2024-09-12,GrowOut-A,Farming,Pangasius,Monsoon,29.7,Rainy,14.9,7.3,0.16,7.7,0,10602,111.2,850.0,11410,643,202,1820363,-5549,Medium,No
2024-09-13,GrowOut-A,Farming,Pangasius,Monsoon,27.4,Rainy,8.3,7.6,0.13,9.2,0,10602,92.4,751.2,9976,717,194,1545059,-2839,Medium,No
2024-09-14,GrowOut-A,Farming,Pangasius,Monsoon,30.2,Cloudy,11.1,7.8,0.13,8.0,2,10600,112.1,687.6,11857,467,199,1450697,-2979,Medium,No
2024-09-15,GrowOut-A,Farming,Pangasius,Monsoon,27.3,Cloudy,8.5,7.3,0.15,9.2,1,10599,110.6,669.6,11808,894,193,1369868,-6449,Medium,No
2024-09-16,GrowOut-A,Farming,Pangasius,Monsoon,28.4,Partly Cloudy,2.3,7.1,0.2,8.0,1,10598,102.8,785.3,9972,754,201,1673002,-3780,Medium,No
2024-09-17,GrowOut-A,Farming,Pangasius,Monsoon,29.1,Cloudy,3.6,7.5,0.16,8.2,1,10597,96.3,727.5,9848,646,200,1542009,-2801,Medium,No
2024-09-18,GrowOut-A,Farming,Pangasius,Monsoon,27.8,Rainy,23.8,7.3,0.16,8.8,0,10597,111.4,853.8,11223,471,198,1791448,-5648,Medium,No
2024-09-19,GrowOut-A,Farming,Pangasius,Monsoon,27.6,Rainy,7.6,7.4,0.18,8.9,1,10596,108.7,800.0,11887,710,199,1687042,-7738,Medium,No
2024-09-20,GrowOut-A,Farming,Pangasius,Monsoon,27.0,Sunny,3.4,7.3,0.17,8.3,3,10593,96.9,766.1,10033,606,190,1542343,-2340,Medium,No
2024-09-21,GrowOut-A,Farming,Pangasius,Monsoon,27.6,Cloudy,7.3,7.5,0.17,9.2,0,10593,96.3,773.4,10426,591,199,1630333,-5419,Medium,No
2024-09-22,GrowOut-A,Farming,Pangasius,Monsoon,27.2,Cloudy,12.1,7.5,0.19,9.1,1,10592,102.2,814.7,11510,733,196,1691503,-1065,Medium,No
2024-09-23,GrowOut-A,Farming,Pangasius,Monsoon,27.8,Cloudy,22.3,7.2,0.13,8.3,2,10590,89.8,710.1,9864,660,195,1466669,-3667,Medium,No
2024-09-24,GrowOut-A,Farming,Pangasius,Monsoon,28.1,Cloudy,11.2,7.5,0.16,8.4,0,10590,124.2,932.9,11948,540,199,1966003,-9162,High,No
2024-09-25,GrowOut-A,Farming,Pangasius,Monsoon,26.5,Rainy,8.2,7.5,0.2,9.7,0,10590,110.5,845.6,12363,635,187,1674567,-2672,Medium,No
2024-09-26,GrowOut-A,Farming,Pangasius,Monsoon,26.7,Rainy,9.7,7.3,0.21,8.7,0,10590,102.9,832.9,10325,579,188,1658237,-6633,Medium,No
2024-09-27,GrowOut-A,Farming,Pangasius,Monsoon,27.8,Rainy,9.6,7.4,0.12,8.3,2,10588,96.3,803.4,9518,561,197,1676077,-5806,Medium,No
2024-09-28,GrowOut-A,Farming,Pangasius,Monsoon,25.7,Cloudy,6.9,7.3,0.18,8.6,1,10587,97.9,781.0,10567,467,193,1595961,-6754,Medium,No
2024-09-29,GrowOut-A,Farming,Pangasius,Monsoon,25.6,Rainy,10.1,7.7,0.13,9.2,0,10587,86.5,705.7,9357,529,192,1434479,-9099,Medium,No
2024-09-30,GrowOut-A,Farming,Pangasius,Monsoon,27.7,Cloudy,7.0,7.1,0.19,9.6,0,10587,124.0,931.2,14003,591,197,1942147,-1368,High,No
2024-10-01,GrowOut-A,Farming,Pangasius,Autumn,26.3,Partly Cloudy,0.4,7.5,0.21,9.7,2,10585,111.5,925.6,12568,629,200,1959865,-2360,High,No
2024-10-02,GrowOut-A,Farming,Pangasius,Autumn,28.6,Sunny,3.2,7.0,0.18,9.1,1,10584,106.4,804.9,11173,504,194,1652854,-1313,Medium,No
2024-10-03,GrowOut-A,Farming,Pangasius,Autumn,25.4,Cloudy,9.8,7.4,0.19,9.1,0,10584,96.0,798.0,10272,798,196,1655422,-6119,Medium,No
2024-10-04,GrowOut-A,Farming,Pangasius,Autumn,27.3,Cloudy,8.0,7.8,0.21,8.9,3,10581,130.3,976.7,14816,548,195,2015792,-11186,High,No
2024-10-05,GrowOut-A,Farming,Pangasius,Autumn,27.3,Cloudy,21.4,7.0,0.17,9.1,0,10581,104.2,860.1,11127,671,195,1774640,-1915,Medium,No
2024-10-06,GrowOut-A,Farming,Pangasius,Autumn,24.7,Sunny,0.9,7.7,0.16,9.9,0,10581,93.8,744.4,10192,883,201,1583176,-1900,Medium,No
2024-10-07,GrowOut-A,Farming,Pangasius,Autumn,26.7,Sunny,4.4,7.4,0.16,8.6,1,10580,106.1,813.4,11822,459,189,1626645,-1537,Medium,No
2024-10-08,GrowOut-A,Farming,Pangasius,Autumn,26.8,Rainy,6.6,7.2,0.2,9.1,0,10580,127.6,972.6,14523,761,193,1985991,-4968,High,No
2024-10-09,GrowOut-A,Farming,Pangasius,Autumn,23.5,Cloudy,12.9,7.8,0.17,9.4,0,10580,106.0,795.0,12102,613,195,1640164,-4238,Medium,No
2024-10-10,GrowOut-A,Farming,Pangasius,Autumn,25.8,Cloudy,3.8,7.2,0.22,8.9,1,10579,131.7,972.1,13535,859,192,1974685,-201,High,No
2024-10-11,GrowOut-A,Farming,Pangasius,Autumn,25.0,Cloudy,7.5,7.6,0.15,9.6,0,10579,104.9,771.6,11553,584,196,1599900,-1647,Medium,No
2024-10-12,GrowOut-A,Farming,Pangasius,Autumn,25.2,Partly Cloudy,2.1,7.2,0.21,9.3,1,10578,121.8,893.9,13439,633,195,1844031,-8925,Medium,No
2024-10-13,GrowOut-A,Farming,Pangasius,Autumn,25.2,Rainy,10.4,7.9,0.18,8.8,0,10578,117.0,951.8,12217,636,185,1862606,-7713,High,No
2024-10-14,GrowOut-A,Farming,Pangasius,Autumn,24.7,Cloudy,5.6,7.9,0.23,8.9,2,10576,127.5,954.1,14215,764,189,1907477,-12903,High,No
2024-10-15,GrowOut-A,Farming,Pangasius,Autumn,25.1,Cloudy,8.8,7.4,0.2,9.0,1,10575,122.6,894.3,13456,654,195,1844333,-2656,Medium,No
2024-10-16,GrowOut-A,Farming,Pangasius,Autumn,25.4,Cloudy,3.8,7.7,0.2,9.2,1,10574,117.8,912.0,13055,511,193,1861369,-9708,High,No
2024-10-17,GrowOut-A,Farming,Pangasius,Autumn,24.5,Cloudy,10.3,7.4,0.19,9.3,0,10574,106.9,799.1,10493,682,194,1639239,-1920,Medium,No
2024-10-18,GrowOut-A,Farming,Pangasius,Autumn,26.3,Rainy,5.7,7.1,0.2,8.2,0,10574,128.7,1038.1,14267,594,189,2074628,-790,High,No
2024-10-19,GrowOut-A,Farming,Pangasius,Autumn,23.2,Rainy,10.6,7.6,0.16,9.4,1,10573,102.7,753.0,11455,810,191,1520784,-10249,Medium,No
2024-10-20,GrowOut-A,Farming,Pangasius,Autumn,26.2,Partly Cloudy,1.3,7.5,0.19,8.6,0,10573,109.7,805.7,12494,848,194,1652621,-11879,Medium,No
2024-10-21,GrowOut-A,Farming,Pangasius,Autumn,22.8,Rainy,7.2,7.1,0.17,9.1,3,10570,114.2,948.3,12280,858,202,2025328,-5754,High,No
2024-10-22,GrowOut-A,Farming,Pangasius,Autumn,22.6,Partly Cloudy,4.9,7.4,0.2,10.0,0,10570,112.9,874.6,11631,643,187,1728726,-9205,Medium,No
2024-10-23,GrowOut-A,Farming,Pangasius,Autumn,22.5,Cloudy,6.3,7.1,0.15,9.7,0,10570,87.2,708.1,8309,687,191,1429562,649,Medium,No
2024-10-24,GrowOut-A,Farming,Pangasius,Autumn,25.4,Cloudy,8.5,6.9,0.23,8.8,1,10569,137.6,1028.5,13690,541,192,2087279,-718,High,No
2024-10-25,GrowOut-A,Farming,Pangasius,Autumn,20.9,Cloudy,5.2,7.4,0.16,9.9,0,10569,95.3,702.5,9302,835,199,1477520,-7244,Medium,No
2024-10-26,GrowOut-A,Farming,Pangasius,Autumn,25.0,Cloudy,18.4,7.4,0.24,9.4,1,10568,123.8,1000.8,12208,807,194,2052026,-7024,High,No
2024-10-27,GrowOut-A,Farming,Pangasius,Autumn,23.7,Partly Cloudy,4.4,7.5,0.17,8.7,2,10566,94.6,785.3,9457,712,191,1585119,-4362,Medium,No
2024-10-28,GrowOut-A,Farming,Pangasius,Autumn,23.1,Sunny,4.8,7.4,0.2,9.3,0,10566,104.3,859.2,11941,629,199,1806583,-2160,Medium,No
2024-10-29,GrowOut-A,Farming,Pangasius,Autumn,22.3,Cloudy,10.0,7.6,0.18,10.5,1,10565,115.8,901.8,11222,476,193,1838985,1586,High,No
2024-10-30,GrowOut-A,Farming,Pangasius,Autumn,21.3,Partly Cloudy,2.6,7.3,0.19,9.6,0,10565,107.9,919.2,12278,885,199,1932558,-2444,High,No
2024-10-31,GrowOut-A,Farming,Pangasius,Autumn,23.4,Rainy,6.7,7.4,0.15,9.7,1,10564,89.2,723.4,9154,890,187,1429189,-5791,Medium,No
2024-11-01,GrowOut-A,Farming,Pangasius,Autumn,24.4,Rainy,5.9,7.5,0.17,9.6,3,10561,113.5,962.3,11926,869,188,1911159,-5720,High,No
2024-11-02,GrowOut-A,Farming,Pangasius,Autumn,21.1,Sunny,1.7,7.4,0.17,9.4,2,10559,88.5,747.1,8658,503,194,1530684,2609,Medium,No
2024-11-03,GrowOut-A,Farming,Pangasius,Autumn,22.7,Partly Cloudy,4.2,7.6,0.2,9.3,0,10559,127.4,984.1,14008,867,193,2005485,-685,High,No
2024-11-04,GrowOut-A,Farming,Pangasius,Autumn,23.0,Partly Cloudy,3.8,7.1,0.23,9.3,0,10559,120.2,938.0,12053,591,184,1822399,-9831,High,No
2024-11-05,GrowOut-A,Farming,Pangasius,Autumn,21.6,Cloudy,4.5,7.4,0.18,10.5,1,10558,133.4,995.3,13077,834,190,1996781,-3888,High,No
2024-11-06,GrowOut-A,Farming,Pangasius,Autumn,19.5,Partly Cloudy,1.2,7.4,0.11,11.1,1,10557,77.6,634.8,7729,466,193,1293528,-5887,Medium,No
2024-11-07,GrowOut-A,Farming,Pangasius,Autumn,18.0,Partly Cloudy,2.8,7.5,0.12,10.1,0,10557,66.8,716.8,7585,468,186,1407510,2532,Medium,No
2024-11-08,GrowOut-A,Farming,Pangasius,Autumn,19.9,Cloudy,4.4,7.4,0.14,11.2,3,10554,79.5,792.2,8897,840,192,1605745,-4528,Medium,No
2024-11-09,GrowOut-A,Farming,Pangasius,Autumn,21.3,Sunny,4.5,7.2,0.19,10.1,0,10554,121.8,945.2,11981,679,187,1865445,-3919,High,No
2024-11-10,GrowOut-A,Farming,Pangasius,Autumn,20.8,Cloudy,2.0,7.4,0.17,9.2,0,10554,106.7,844.7,12210,687,199,1774078,-9665,Medium,No
2024-11-11,GrowOut-A,Farming,Pangasius,Autumn,19.3,Sunny,2.6,7.4,0.13,10.1,4,10550,76.7,697.5,7431,598,193,1420753,-323,Medium,No
2024-11-12,GrowOut-A,Farming,Pangasius,Autumn,21.3,Cloudy,4.9,7.3,0.15,9.5,0,10550,98.5,745.3,11188,498,192,1509680,-9082,Medium,No
2024-11-13,GrowOut-A,Farming,Pangasius,Autumn,21.0,Sunny,3.5,7.5,0.2,9.7,2,10548,105.1,838.5,10993,733,192,1698466,-3438,Medium,No
2024-11-14,GrowOut-A,Farming,Pangasius,Autumn,21.5,Rainy,5.2,7.5,0.2,9.8,1,10547,110.4,820.3,11862,654,187,1618022,-3782,Medium,No
2024-11-15,GrowOut-A,Farming,Pangasius,Autumn,19.8,Cloudy,0.8,7.6,0.17,10.5,1,10546,89.9,942.1,8773,838,186,1848157,-456,High,No
2024-11-16,GrowOut-A,Farming,Pangasius,Autumn,20.9,Partly Cloudy,1.5,6.9,0.19,10.2,0,10546,119.0,950.9,12607,721,197,1975554,-6131,High,No
2024-11-17,GrowOut-A,Farming,Pangasius,Autumn,19.2,Sunny,2.1,7.4,0.13,9.8,1,10545,69.8,714.1,7188,459,191,1438402,-4981,Medium,No
2024-11-18,GrowOut-A,Farming,Pangasius,Autumn,18.0,Partly Cloudy,0.8,7.8,0.12,10.9,0,10545,70.1,714.8,7576,504,187,1409525,532,Medium,No
2024-11-19,GrowOut-A,Farming,Pangasius,Autumn,20.0,Cloudy,2.5,7.6,0.17,11.2,1,10544,114.7,907.5,12468,509,190,1818222,-10817,High,No
2024-11-20,GrowOut-A,Farming,Pangasius,Autumn,17.9,Cloudy,0.8,7.3,0.15,10.8,0,10544,79.7,797.3,8983,664,184,1546839,-2376,Medium,No
2024-11-21,GrowOut-A,Farming,Pangasius,Autumn,19.4,Sunny,1.9,7.3,0.17,10.1,1,10543,79.3,870.4,8507,645,199,1826322,-6773,Medium,No
2024-11-22,GrowOut-A,Farming,Pangasius,Autumn,19.4,Cloudy,1.5,7.1,0.14,10.6,1,10542,68.7,772.9,6835,759,183,1491209,3254,Medium,No
2024-11-23,GrowOut-A,Farming,Pangasius,Autumn,18.9,Cloudy,1.8,7.3,0.15,10.2,1,10541,79.2,833.1,7984,647,186,1633552,1040,Medium,No
2024-11-24,GrowOut-A,Farming,Pangasius,Autumn,17.0,Cloudy,0.5,7.0,0.14,10.8,1,10540,75.9,692.0,8581,829,197,1436991,-4405,Medium,No
2024-11-25,GrowOut-A,Farming,Pangasius,Autumn,19.0,Cloudy,0.2,7.5,0.13,10.1,0,10540,77.3,673.8,7413,498,190,1349352,-3295,Medium,No
2024-11-26,GrowOut-A,Farming,Pangasius,Autumn,16.3,Cloudy,0.1,7.4,0.18,10.5,0,10540,79.4,838.2,7945,565,201,1775760,2537,Medium,No
2024-11-27,GrowOut-A,Farming,Pangasius,Autumn,16.5,Cold,0.1,7.6,0.13,10.8,0,10540,62.5,702.8,6162,532,193,1429650,-5413,Medium,No
2024-11-28,GrowOut-A,Farming,Pangasius,Autumn,16.6,Cloudy,0.0,7.1,0.16,10.9,2,10538,87.6,937.5,9351,655,200,1976250,-2691,High,No
2024-11-29,GrowOut-A,Farming,Pangasius,Autumn,20.3,Partly Cloudy,0.0,7.6,0.19,11.0,1,10537,105.3,831.0,11709,545,192,1681359,-2060,Medium,No
2024-11-30,GrowOut-A,Farming,Pangasius,Autumn,20.4,Cloudy,0.0,7.9,0.2,10.6,1,10536,100.4,800.3,10409,458,187,1576926,-8606,Medium,No
2024-12-01,GrowOut-A,Farming,Pangasius,Winter,18.0,Sunny,0.0,7.0,0.16,10.8,1,10535,81.8,870.2,8434,746,192,1760338,-965,Medium,No
2024-12-02,GrowOut-A,Farming,Pangasius,Winter,16.0,Cloudy,0.0,6.9,0.15,11.1,1,10534,76.5,753.7,8211,761,195,1548345,-1128,Medium,No
2024-12-03,GrowOut-A,Farming,Pangasius,Winter,16.8,Cloudy,0.0,7.8,0.18,10.4,0,10534,87.8,907.0,8578,536,190,1815324,-8132,High,No
2024-12-04,GrowOut-A,Farming,Pangasius,Winter,18.4,Sunny,0.0,6.5,0.14,10.7,2,10532,82.7,930.7,8929,742,196,1921583,2932,High,No
2024-12-05,GrowOut-A,Farming,Pangasius,Winter,17.6,Sunny,0.0,7.3,0.14,10.7,1,10531,68.2,741.5,7111,663,190,1483801,-5303,Medium,No
2024-12-06,GrowOut-A,Farming,Pangasius,Winter,17.4,Cold,0.0,7.1,0.18,11.1,0,10531,90.6,890.8,9486,459,192,1801155,-1425,Medium,No
2024-12-07,GrowOut-A,Farming,Pangasius,Winter,17.7,Cold,0.0,7.7,0.15,10.6,0,10531,70.1,775.3,7209,600,192,1567619,371,Medium,No
2024-12-08,GrowOut-A,Farming,Pangasius,Winter,17.1,Sunny,0.0,7.6,0.14,10.8,1,10530,72.5,806.0,7606,710,190,1612717,-1394,Medium,No
2024-12-09,GrowOut-A,Farming,Pangasius,Winter,17.8,Cloudy,0.0,7.5,0.14,10.8,1,10529,69.3,700.9,7295,776,196,1446573,-909,Medium,No
2024-12-10,GrowOut-A,Farming,Pangasius,Winter,19.4,Partly Cloudy,0.0,7.1,0.15,10.0,0,10529,69.8,765.5,6658,709,199,1603930,-5816,Medium,No
2024-12-11,GrowOut-A,Farming,Pangasius,Winter,18.9,Cloudy,0.0,7.2,0.16,10.5,3,10526,81.7,815.9,8570,873,197,1692350,-2995,Medium,No
2024-12-12,GrowOut-A,Farming,Pangasius,Winter,17.5,Cloudy,0.0,7.3,0.13,10.6,1,10525,77.9,683.0,7700,605,190,1365959,-2522,Medium,No
2024-12-13,GrowOut-A,Farming,Pangasius,Winter,16.8,Sunny,0.0,7.5,0.17,10.6,1,10524,87.8,986.8,9398,829,192,1994125,-2566,High,No
2024-12-14,GrowOut-A,Farming,Pangasius,Winter,15.7,Cloudy,0.0,6.8,0.19,10.5,2,10522,81.0,907.8,8370,874,192,1834308,1154,High,No
2024-12-15,GrowOut-A,Farming,Pangasius,Winter,17.8,Cloudy,0.0,7.4,0.17,11.3,0,10522,91.0,931.5,9777,577,183,1793627,-8445,High,No
2024-12-16,GrowOut-A,Farming,Pangasius,Winter,17.5,Cloudy,0.0,7.3,0.1,11.0,0,10522,72.9,727.2,7809,495,190,1453804,2122,Medium,No
2024-12-17,GrowOut-A,Farming,Pangasius,Winter,15.8,Cloudy,0.0,7.5,0.16,11.6,0,10522,75.5,782.8,7244,458,194,1597905,-4289,Medium,No
2024-12-18,GrowOut-A,Farming,Pangasius,Winter,18.1,Cloudy,0.0,7.4,0.14,10.7,1,10521,68.2,738.0,7699,464,192,1490925,-3412,Medium,No
2024-12-19,GrowOut-A,Farming,Pangasius,Winter,17.4,Cold,0.0,7.4,0.18,10.8,1,10520,89.8,899.4,8933,566,195,1845205,1936,Medium,No
2024-12-20,GrowOut-A,Farming,Pangasius,Winter,15.8,Cold,0.0,7.3,0.19,11.1,1,10519,93.1,936.5,10513,834,194,1911284,-3634,High,No
2024-12-21,GrowOut-A,Farming,Pangasius,Winter,17.5,Sunny,0.0,7.4,0.15,10.7,0,10519,72.5,737.6,8260,810,200,1551763,438,Medium,No
2024-12-22,GrowOut-A,Farming,Pangasius,Winter,17.1,Cold,0.0,7.5,0.18,10.8,0,10519,94.3,1019.3,10108,836,202,2165847,3405,High,No
2024-12-23,GrowOut-A,Farming,Pangasius,Winter,17.7,Cold,0.0,7.3,0.15,10.8,0,10519,77.6,859.0,7555,542,196,1771021,-4949,Medium,No
2024-12-24,GrowOut-A,Farming,Pangasius,Winter,18.0,Partly Cloudy,0.0,7.2,0.16,10.9,3,10516,88.0,918.3,9237,842,201,1941579,300,High,No
2024-12-25,GrowOut-A,Farming,Pangasius,Winter,16.9,Cloudy,0.0,7.4,0.15,11.2,0,10516,87.1,967.9,8626,886,195,1984795,2170,High,No
2024-12-26,GrowOut-A,Farming,Pangasius,Winter,16.4,Cold,0.0,7.6,0.18,10.6,0,10516,84.8,972.0,8542,527,195,1993203,-2351,High,No
2024-12-27,GrowOut-A,Farming,Pangasius,Winter,16.8,Cloudy,0.0,7.6,0.15,11.2,0,10516,76.6,819.6,7509,789,196,1689307,2069,Medium,No
2024-12-28,GrowOut-A,Farming,Pangasius,Winter,16.6,Cold,0.0,7.2,0.15,10.8,1,10515,92.5,977.4,9545,656,199,2045389,-1837,High,No
2024-12-29,GrowOut-A,Farming,Pangasius,Winter,16.8,Sunny,0.0,7.1,0.17,10.3,0,10515,78.7,820.8,7706,454,204,1760665,15831,Medium,Yes
2024-12-30,GrowOut-A,Farming,Pangasius,Winter,16.0,Cold,0.0,7.5,0.15,10.6,0,10515,68.2,731.6,7818,524,198,1523169,10769,Medium,Yes
2024-12-31,GrowOut-A,Farming,Pangasius,Winter,16.8,Cold,0.0,7.3,0.19,10.4,1,10514,80.9,916.7,9146,476,197,1898903,27055,High,Yes
2025-01-01,GrowOut-A,Farming,Pangasius,Winter,17.8,Sunny,0.0,7.7,0.2,11.0,0,10514,95.8,973.0,9904,849,194,1984644,17392,High,Yes
2025-01-02,GrowOut-A,Farming,Pangasius,Winter,14.8,Cloudy,0.0,7.7,0.18,10.4,0,10514,85.5,962.0,8711,822,195,1972321,17616,High,Yes
2025-01-03,GrowOut-A,Farming,Pangasius,Winter,15.6,Cold,0.0,7.3,0.17,10.5,3,10511,95.8,943.0,9494,695,189,1873879,17696,High,Yes
2025-01-04,GrowOut-A,Farming,Pangasius,Winter,16.6,Cloudy,0.0,7.1,0.18,10.1,0,10511,92.4,934.6,10222,632,200,1964716,25232,High,Yes
2025-01-05,GrowOut-A,Farming,Pangasius,Winter,17.6,Cold,0.0,7.1,0.11,10.3,1,10510,63.4,720.3,6942,783,206,1559641,14164,Medium,Yes
2025-01-06,GrowOut-A,Farming,Pangasius,Winter,17.6,Sunny,0.0,7.5,0.15,10.5,1,10509,73.4,804.8,7783,685,193,1632480,16070,Medium,Yes
2025-01-07,GrowOut-A,Farming,Pangasius,Winter,17.5,Cold,0.0,7.4,0.15,9.9,1,10508,69.7,713.2,7447,559,210,1573954,9334,Medium,Yes
2025-01-08,GrowOut-A,Farming,Pangasius,Winter,14.6,Cloudy,0.0,7.5,0.17,11.1,3,10505,103.8,1035.6,9985,618,197,2143771,18761,High,Yes
2025-01-09,GrowOut-A,Farming,Pangasius,Winter,16.3,Cold,0.0,7.3,0.13,11.3,1,10504,71.9,728.8,7010,584,197,1508241,3612,Medium,Yes
2025-01-10,GrowOut-A,Farming,Pangasius,Winter,15.8,Cloudy,0.0,7.3,0.21,10.5,0,10504,96.7,1030.0,11099,705,208,2250377,30402,High,Yes
2025-01-11,GrowOut-A,Farming,Pangasius,Winter,17.7,Sunny,0.0,7.6,0.18,10.6,3,10501,86.6,906.3,8834,578,205,1951554,24285,High,Yes
2025-01-12,GrowOut-A,Farming,Pangasius,Winter,15.9,Sunny,0.0,7.3,0.16,11.4,1,10500,88.9,942.1,9369,561,186,1840097,15660,High,Yes
2025-01-13,GrowOut-A,Farming,Pangasius,Winter,15.7,Cold,0.0,7.2,0.19,11.1,1,10499,100.7,1002.0,9764,770,200,2104200,15656,High,Yes
2025-01-14,GrowOut-A,Farming,Pangasius,Winter,16.2,Cold,0.0,7.7,0.17,11.5,2,10497,75.8,743.2,7923,651,199,1552769,15882,Medium,Yes
2025-01-15,GrowOut-A,Farming,Pangasius,Winter,15.9,Cloudy,0.0,7.7,0.17,10.2,0,10497,90.2,920.8,9281,569,198,1913796,19367,High,Yes
2025-01-16,GrowOut-A,Farming,Pangasius,Winter,14.7,Cloudy,0.0,7.3,0.18,11.3,2,10495,92.4,967.7,10130,638,204,2072221,9033,High,Yes
2025-01-17,GrowOut-A,Farming,Pangasius,Winter,15.5,Cold,0.0,7.2,0.18,11.3,0,10495,88.3,895.9,10098,681,210,1974519,7073,Medium,Yes
2025-01-18,GrowOut-A,Farming,Pangasius,Winter,16.0,Cold,0.0,7.2,0.14,10.9,0,10495,85.2,880.1,8361,702,199,1838093,25493,Medium,Yes
2025-01-19,GrowOut-A,Farming,Pangasius,Winter,15.1,Sunny,0.0,7.2,0.18,11.3,0,10495,101.5,1029.3,10393,580,207,2236118,10295,High,Yes
2025-01-20,GrowOut-A,Farming,Pangasius,Winter,18.2,Partly Cloudy,0.0,7.1,0.14,10.7,0,10495,83.8,826.6,8454,463,201,1743709,7661,Medium,Yes
2025-01-21,GrowOut-A,Farming,Pangasius,Winter,14.5,Sunny,0.0,7.3,0.14,11.2,1,10494,77.5,863.7,7836,578,198,1794777,23199,Medium,Yes
2025-01-22,GrowOut-A,Farming,Pangasius,Winter,15.7,Cloudy,0.0,7.4,0.14,11.2,4,10490,65.2,741.0,6282,470,201,1562987,15808,Medium,Yes
2025-01-23,GrowOut-A,Farming,Pangasius,Winter,16.2,Sunny,0.0,7.5,0.17,11.2,0,10490,86.1,887.3,8829,826,203,1889479,18142,Medium,Yes
2025-01-24,GrowOut-A,Farming,Pangasius,Winter,15.7,Cold,0.0,7.5,0.14,11.1,2,10488,77.6,891.8,8070,652,213,1992611,23536,Medium,Yes
2025-01-25,GrowOut-A,Farming,Pangasius,Winter,16.0,Cold,0.0,7.4,0.18,10.8,1,10487,88.5,1014.4,9133,555,209,2223557,16542,High,Yes
2025-01-26,GrowOut-A,Farming,Pangasius,Winter,16.4,Cold,0.0,7.5,0.21,10.9,1,10486,102.7,1067.8,11268,741,205,2295594,9832,High,Yes
2025-01-27,GrowOut-A,Farming,Pangasius,Winter,17.7,Cold,0.0,7.4,0.16,10.9,1,10485,81.4,923.9,8885,702,196,1898851,19950,High,Yes
2025-01-28,GrowOut-A,Farming,Pangasius,Winter,17.6,Cold,0.0,7.0,0.16,10.7,3,10482,74.1,798.3,7894,474,207,1732626,15558,Medium,Yes
2025-01-29,GrowOut-A,Farming,Pangasius,Winter,16.7,Cloudy,0.0,7.1,0.17,11.1,2,10480,79.9,902.9,8642,689,196,1854983,4746,Medium,Yes
2025-01-30,GrowOut-A,Farming,Pangasius,Winter,14.8,Cold,0.0,7.6,0.12,11.2,0,10480,83.0,825.4,9359,650,203,1755989,14256,Medium,Yes
2025-01-31,GrowOut-A,Farming,Pangasius,Winter,16.0,Cloudy,0.0,7.3,0.16,11.2,0,10480,80.6,878.8,9047,460,204,1878804,8946,Medium,Yes
2025-02-01,GrowOut-A,Farming,Pangasius,Winter,15.8,Cold,0.0,7.3,0.16,10.8,1,10479,100.4,1024.2,10054,502,203,2178924,20740,High,Yes
2025-02-02,GrowOut-A,Farming,Pangasius,Winter,16.9,Cloudy,0.0,7.3,0.14,10.3,2,10477,72.9,786.6,7056,588,202,1665042,18618,Medium,Yes
2025-02-03,GrowOut-A,Farming,Pangasius,Winter,16.7,Cold,0.0,7.4,0.17,11.0,0,10477,89.6,957.1,8561,476,204,2045617,9153,High,Yes
2025-02-04,GrowOut-A,Farming,Pangasius,Winter,18.2,Sunny,0.0,7.1,0.15,10.1,1,10476,88.5,886.0,9072,822,201,1865807,5871,Medium,Yes
2025-02-05,GrowOut-A,Farming,Pangasius,Winter,14.5,Cold,0.0,6.9,0.19,11.4,1,10475,92.5,1011.8,9700,789,202,2141123,30438,High,Yes
2025-02-06,GrowOut-A,Farming,Pangasius,Winter,16.3,Cloudy,0.0,7.3,0.14,10.7,1,10474,74.6,764.6,7694,668,206,1649892,16763,Medium,Yes
2025-02-07,GrowOut-A,Farming,Pangasius,Winter,16.9,Cold,0.0,7.3,0.15,10.4,0,10474,77.6,844.1,8420,561,205,1812426,18921,Medium,Yes
2025-02-08,GrowOut-A,Farming,Pangasius,Winter,15.8,Cold,0.0,7.8,0.14,11.1,3,10471,77.7,844.1,7512,736,211,1865473,23793,Medium,Yes
2025-02-09,GrowOut-A,Farming,Pangasius,Winter,16.5,Cold,0.0,7.2,0.15,11.1,1,10470,87.5,878.5,9681,692,211,1940941,26913,Medium,Yes
2025-02-10,GrowOut-A,Farming,Pangasius,Winter,17.9,Sunny,0.0,7.5,0.38,7.6,14,10456,91.4,913.5,9212,887,204,1951126,6719,High,Yes
2025-02-11,GrowOut-A,Farming,Pangasius,Winter,17.6,Cloudy,0.0,7.3,0.15,10.4,2,10454,74.6,822.0,8102,900,207,1779130,17666,Medium,Yes
2025-02-12,GrowOut-A,Farming,Pangasius,Winter,17.7,Sunny,0.0,7.2,0.19,11.5,2,10452,98.9,1019.1,9715,690,202,2152042,14304,High,Yes
2025-02-13,GrowOut-A,Farming,Pangasius,Winter,18.1,Partly Cloudy,0.0,7.6,0.18,11.1,1,10451,92.1,972.2,10085,899,201,2042448,14844,High,Yes
2025-02-14,GrowOut-A,Farming,Pangasius,Winter,18.2,Partly Cloudy,0.0,7.2,0.03,10.3,0,11500,6.3,40.4,679,891,216,100354,-2076,Low,No
2025-02-15,GrowOut-A,Farming,Pangasius,Winter,17.7,Cold,0.0,6.8,0.02,10.6,2,11498,4.6,31.5,456,882,213,77159,-1788,Low,No
2025-02-16,GrowOut-A,Farming,Pangasius,Winter,16.2,Sunny,0.0,7.3,0.02,11.3,1,11497,2.7,16.9,289,452,209,40612,-718,Low,No
2025-02-17,GrowOut-A,Farming,Pangasius,Winter,18.3,Partly Cloudy,0.0,7.2,0.01,11.7,2,11495,3.2,20.1,335,627,213,49222,-925,Low,No
2025-02-18,GrowOut-A,Farming,Pangasius,Winter,15.0,Sunny,0.0,7.3,0.03,10.6,0,11495,4.8,30.8,542,817,204,72225,-1602,Low,No
2025-02-19,GrowOut-A,Farming,Pangasius,Winter,15.8,Cloudy,0.0,7.5,0.02,11.5,3,11492,6.3,38.6,674,624,220,97616,-1735,Low,No
2025-02-20,GrowOut-A,Farming,Pangasius,Winter,17.8,Sunny,0.0,7.6,0.02,11.3,0,11492,5.5,34.7,563,537,200,79754,-1106,Low,No
2025-02-21,GrowOut-A,Farming,Pangasius,Winter,14.5,Cold,0.0,7.4,0.01,10.5,2,11490,4.5,29.2,491,536,215,72147,-1680,Low,No
2025-02-22,GrowOut-A,Farming,Pangasius,Winter,18.5,Partly Cloudy,0.0,7.6,0.03,10.7,0,11490,5.3,35.2,607,885,207,83721,-1481,Low,No
2025-02-23,GrowOut-A,Farming,Pangasius,Winter,18.7,Cloudy,0.0,7.4,0.02,10.1,2,11488,7.5,45.2,742,820,218,113218,-1966,Low,No
2025-02-24,GrowOut-A,Farming,Pangasius,Winter,15.0,Cloudy,0.0,7.1,0.01,11.1,1,11487,6.6,40.2,700,747,209,96520,-1675,Low,No
2025-02-25,GrowOut-A,Farming,Pangasius,Winter,16.7,Sunny,0.0,7.3,0.0,10.5,1,11486,5.7,38.3,556,479,219,96350,-774,Low,No
2025-02-26,GrowOut-A,Farming,Pangasius,Winter,17.7,Cold,0.0,7.2,0.05,10.8,2,11484,4.2,28.5,422,831,215,70380,-917,Low,No
2025-02-27,GrowOut-A,Farming,Pangasius,Winter,17.9,Sunny,0.0,7.2,0.02,10.3,0,11484,7.4,50.6,804,847,205,119124,-952,Low,No
2025-02-28,GrowOut-A,Farming,Pangasius,Winter,18.4,Cloudy,0.0,7.3,0.0,11.3,3,11481,8.2,49.2,919,595,214,120913,-1615,Low,No
2025-03-01,GrowOut-A,Farming,Pangasius,Spring,17.8,Cloudy,0.0,7.4,0.03,11.0,1,11480,4.5,28.6,472,683,205,67313,-915,Low,No
2025-03-02,GrowOut-A,Farming,Pangasius,Spring,17.0,Cold,0.0,7.1,0.04,10.7,2,11478,4.5,29.4,475,592,210,70878,-1501,Low,No
2025-03-03,GrowOut-A,Farming,Pangasius,Spring,18.7,Sunny,0.0,7.1,0.02,10.7,1,11477,8.1,52.5,930,552,212,127750,-1881,Low,No
2025-03-04,GrowOut-A,Farming,Pangasius,Spring,18.3,Sunny,0.0,7.4,0.03,10.3,1,11476,6.7,45.6,681,478,207,108334,-1817,Low,No
2025-03-05,GrowOut-A,Farming,Pangasius,Spring,18.3,Partly Cloudy,0.0,7.4,0.05,10.8,0,11476,6.9,45.3,766,871,208,108131,-2399,Low,No
2025-03-06,GrowOut-A,Farming,Pangasius,Spring,18.5,Sunny,0.0,7.7,0.03,11.0,0,11476,9.9,66.1,1105,820,205,155506,-1637,Low,No
2025-03-07,GrowOut-A,Farming,Pangasius,Spring,18.3,Sunny,0.0,7.4,0.03,10.7,0,11476,7.9,51.9,871,731,218,129842,-2151,Low,No
2025-03-08,GrowOut-A,Farming,Pangasius,Spring,18.2,Sunny,0.0,7.0,0.01,10.8,1,11475,5.0,33.5,564,762,218,83809,-2168,Low,No
2025-03-09,GrowOut-A,Farming,Pangasius,Spring,19.5,Partly Cloudy,0.0,7.8,0.03,11.0,1,11474,6.1,42.1,632,496,208,100484,-891,Low,No
2025-03-10,GrowOut-A,Farming,Pangasius,Spring,20.9,Partly Cloudy,0.0,7.4,0.02,10.5,1,11473,12.0,57.6,1288,635,206,136146,-2300,Low,No
2025-03-11,GrowOut-A,Farming,Pangasius,Spring,20.5,Cloudy,0.0,7.6,0.01,10.5,0,11473,12.4,58.5,1293,643,215,144302,-2001,Low,No
2025-03-12,GrowOut-A,Farming,Pangasius,Spring,20.5,Partly Cloudy,0.0,7.6,0.05,10.0,0,11473,11.1,57.7,1060,683,208,137694,-2221,Low,No
2025-03-13,GrowOut-A,Farming,Pangasius,Spring,19.3,Sunny,0.0,7.4,0.03,11.0,1,11472,7.1,43.3,759,828,206,102337,-2200,Low,No
2025-03-14,GrowOut-A,Farming,Pangasius,Spring,20.4,Cloudy,0.0,7.5,0.01,10.9,1,11471,12.8,61.9,1339,729,205,145574,-2065,Low,No
2025-03-15,GrowOut-A,Farming,Pangasius,Spring,19.6,Sunny,0.0,7.3,0.04,9.5,0,11471,4.1,25.3,425,882,214,62106,-2061,Low,No
2025-03-16,GrowOut-A,Farming,Pangasius,Spring,18.2,Cloudy,0.0,7.8,0.01,10.9,0,11471,6.6,42.7,646,589,214,104820,-1468,Low,No
2025-03-17,GrowOut-A,Farming,Pangasius,Spring,19.5,Sunny,0.0,7.5,0.02,10.5,0,11471,7.1,47.8,695,557,211,115694,-1498,Low,No
2025-03-18,GrowOut-A,Farming,Pangasius,Spring,19.3,Sunny,0.0,7.2,0.03,10.4,2,11469,7.5,45.2,743,859,213,110438,-2443,Low,No
2025-03-19,GrowOut-A,Farming,Pangasius,Spring,19.1,Sunny,0.0,7.3,0.03,10.4,0,11469,11.4,75.1,1307,720,211,181739,-1300,Low,No
2025-03-20,GrowOut-A,Farming,Pangasius,Spring,20.3,Cloudy,0.0,7.7,0.06,10.2,0,11469,13.2,65.2,1365,523,225,168250,-1353,Low,No
2025-03-21,GrowOut-A,Farming,Pangasius,Spring,22.3,Sunny,0.0,7.2,0.05,10.0,1,11468,13.1,66.9,1412,762,221,169568,-1941,Low,No
2025-03-22,GrowOut-A,Farming,Pangasius,Spring,18.1,Sunny,0.0,7.3,0.02,11.3,0,11468,9.9,62.5,1102,813,223,159835,-2109,Low,No
2025-03-23,GrowOut-A,Farming,Pangasius,Spring,23.2,Sunny,0.0,7.6,0.15,8.6,18,11450,14.6,71.0,1549,514,211,171802,-2307,Low,No
2025-03-24,GrowOut-A,Farming,Pangasius,Spring,20.7,Cloudy,0.0,7.3,0.03,10.6,1,11449,20.1,90.2,2302,540,217,224115,-2835,Low,No
2025-03-25,GrowOut-A,Farming,Pangasius,Spring,21.5,Partly Cloudy,0.0,7.4,0.04,9.5,0,11449,13.6,64.3,1443,530,210,154596,-1850,Low,No
2025-03-26,GrowOut-A,Farming,Pangasius,Spring,18.4,Partly Cloudy,0.0,7.8,0.02,10.8,1,11448,9.5,66.2,1031,621,207,156890,-1529,Low,No
2025-03-27,GrowOut-A,Farming,Pangasius,Spring,21.1,Partly Cloudy,0.0,7.4,0.04,9.4,0,11448,16.8,83.9,1677,814,214,205544,-2915,Low,No
2025-03-28,GrowOut-A,Farming,Pangasius,Spring,22.8,Cloudy,0.0,6.7,0.04,9.5,0,11448,18.5,96.4,2084,845,210,231753,-2771,Low,No
2025-03-29,GrowOut-A,Farming,Pangasius,Spring,22.4,Sunny,0.0,7.5,0.0,10.3,0,11448,16.2,77.0,1662,618,201,177181,-2383,Low,No
2025-03-30,GrowOut-A,Farming,Pangasius,Spring,20.8,Cloudy,0.0,7.6,0.04,11.2,1,11447,14.8,77.4,1588,535,223,197595,-2267,Low,No
2025-03-31,GrowOut-A,Farming,Pangasius,Spring,20.7,Sunny,0.0,7.7,0.04,9.8,2,11445,14.9,67.9,1653,843,203,157782,-2848,Low,No
2025-04-01,GrowOut-A,Farming,Pangasius,Spring,20.5,Cloudy,0.0,7.9,0.04,10.5,0,11445,18.2,88.5,1759,662,212,214731,-2161,Low,No
2025-04-02,GrowOut-A,Farming,Pangasius,Spring,20.8,Sunny,0.0,7.0,0.05,10.3,1,11444,17.4,80.9,1877,679,217,200920,-2335,Low,No
2025-04-03,GrowOut-A,Farming,Pangasius,Spring,23.1,Sunny,0.0,7.5,0.03,10.0,0,11444,20.4,102.2,2221,772,209,244442,-2644,Low,No
2025-04-04,GrowOut-A,Farming,Pangasius,Spring,19.9,Cloudy,0.0,7.3,0.01,11.0,4,11440,8.8,58.1,939,466,223,148272,-752,Low,No
2025-04-05,GrowOut-A,Farming,Pangasius,Spring,22.3,Partly Cloudy,0.0,7.5,0.06,10.3,1,11439,22.8,107.5,2306,850,211,259488,-3396,Low,No
2025-04-06,GrowOut-A,Farming,Pangasius,Spring,20.4,Partly Cloudy,0.0,7.4,0.04,10.0,0,11439,15.2,72.4,1672,583,217,179716,-2364,Low,No
2025-04-07,GrowOut-A,Farming,Pangasius,Spring,22.6,Cloudy,0.0,7.6,0.05,10.2,0,11439,15.3,73.4,1556,653,214,179679,-2157,Low,No
2025-04-08,GrowOut-A,Farming,Pangasius,Spring,22.8,Partly Cloudy,0.0,7.6,0.05,9.9,1,11438,17.6,92.0,1735,555,218,229421,-2799,Low,No
2025-04-09,GrowOut-A,Farming,Pangasius,Spring,22.2,Sunny,0.0,7.2,0.04,10.4,1,11437,20.5,103.1,2172,485,226,266512,-1145,Low,No
2025-04-10,GrowOut-A,Farming,Pangasius,Spring,22.4,Sunny,0.0,7.6,0.04,10.2,0,11437,18.7,92.4,1981,600,214,226151,-2725,Low,No
2025-04-11,GrowOut-A,Farming,Pangasius,Spring,22.6,Partly Cloudy,0.0,7.1,0.04,10.7,0,11437,23.1,110.2,2585,536,220,277279,-1725,Low,No
2025-04-12,GrowOut-A,Farming,Pangasius,Spring,23.4,Cloudy,0.0,7.5,0.06,9.2,0,11437,22.2,116.8,2113,585,219,292549,-2738,Low,No
2025-04-13,GrowOut-A,Farming,Pangasius,Spring,24.2,Partly Cloudy,0.0,7.3,0.05,9.9,0,11437,30.6,141.6,3371,455,216,349808,-3090,Low,No
2025-04-14,GrowOut-A,Farming,Pangasius,Spring,24.9,Sunny,0.0,7.8,0.06,9.8,0,11437,29.7,134.8,3251,544,211,325300,-2734,Low,No
2025-04-15,GrowOut-A,Farming,Pangasius,Spring,21.9,Cloudy,0.0,7.7,0.06,10.3,0,11437,24.0,120.4,2501,806,214,294681,-1788,Low,No
2025-04-16,GrowOut-A,Farming,Pangasius,Spring,20.5,Partly Cloudy,0.0,7.1,0.03,11.1,0,11437,26.4,119.9,2619,652,222,304428,-3673,Low,No
2025-04-17,GrowOut-A,Farming,Pangasius,Spring,23.1,Sunny,0.0,7.4,0.04,9.7,1,11436,26.7,125.2,3040,454,216,309293,-2787,Low,No
2025-04-18,GrowOut-A,Farming,Pangasius,Spring,23.8,Partly Cloudy,0.0,7.5,0.01,8.9,1,11435,22.9,114.6,2490,632,212,277840,-2498,Low,No
2025-04-19,GrowOut-A,Farming,Pangasius,Spring,23.9,Partly Cloudy,0.0,7.7,0.05,10.4,0,11435,22.7,119.6,2513,865,214,292672,-1440,Low,No
2025-04-20,GrowOut-A,Farming,Pangasius,Spring,25.4,Partly Cloudy,0.0,7.3,0.07,9.5,0,11435,30.9,144.7,3500,708,223,368986,-1907,Low,No
2025-04-21,GrowOut-A,Farming,Pangasius,Spring,23.1,Sunny,0.0,7.6,0.03,10.0,2,11433,29.5,150.9,3030,664,218,376168,-2354,Low,No
2025-04-22,GrowOut-A,Farming,Pangasius,Spring,24.6,Partly Cloudy,0.0,7.2,0.05,8.8,1,11432,28.2,136.1,2776,754,209,325211,-3513,Low,No
2025-04-23,GrowOut-A,Farming,Pangasius,Spring,23.2,Cloudy,0.0,7.6,0.05,8.8,0,11432,30.7,143.3,3039,860,221,362043,-3413,Low,No
2025-04-24,GrowOut-A,Farming,Pangasius,Spring,23.7,Sunny,0.0,7.5,0.02,10.1,1,11431,26.0,124.1,2706,616,215,305023,-2861,Low,No
2025-04-25,GrowOut-A,Farming,Pangasius,Spring,25.5,Partly Cloudy,0.0,7.2,0.06,9.2,0,11431,31.1,147.7,3035,638,219,369751,-4085,Low,No
2025-04-26,GrowOut-A,Farming,Pangasius,Spring,27.3,Sunny,0.0,7.8,0.07,8.9,0,11431,31.8,151.2,3296,769,224,387154,-3934,Low,No
2025-04-27,GrowOut-A,Farming,Pangasius,Spring,26.3,Cloudy,0.0,7.4,0.06,9.4,0,11431,39.0,198.5,4097,758,217,492385,-4149,Low,No
2025-04-28,GrowOut-A,Farming,Pangasius,Spring,23.2,Sunny,0.0,7.3,0.07,9.5,1,11430,32.0,146.5,3427,561,215,360048,-1870,Low,No
2025-04-29,GrowOut-A,Farming,Pangasius,Spring,26.6,Partly Cloudy,0.0,7.4,0.05,9.2,0,11430,34.4,175.2,3775,580,214,428543,-2272,Low,No
2025-04-30,GrowOut-A,Farming,Pangasius,Spring,23.8,Partly Cloudy,0.0,7.8,0.06,9.3,0,11430,32.4,163.0,3271,726,220,409880,-2178,Low,No
2025-05-01,GrowOut-A,Farming,Pangasius,Spring,25.6,Partly Cloudy,0.0,7.2,0.07,9.7,1,11429,32.5,151.2,3564,656,212,366382,-3295,Low,No
2025-05-02,GrowOut-A,Farming,Pangasius,Spring,26.8,Cloudy,0.0,7.3,0.07,8.3,3,11426,37.7,203.5,4295,558,208,483767,-4925,Low,No
2025-05-03,GrowOut-A,Farming,Pangasius,Spring,27.0,Cloudy,0.0,7.1,0.05,9.7,0,11426,38.1,172.3,3670,777,212,417364,-4518,Low,No
2025-05-04,GrowOut-A,Farming,Pangasius,Spring,26.1,Partly Cloudy,0.0,7.6,0.06,9.4,0,11426,37.2,187.4,3624,616,219,468930,-4399,Low,No
2025-05-05,GrowOut-A,Farming,Pangasius,Spring,27.0,Partly Cloudy,0.0,7.2,0.04,8.7,0,11426,39.7,196.5,3936,470,205,460268,-3937,Low,No
2025-05-06,GrowOut-A,Farming,Pangasius,Spring,25.9,Cloudy,0.0,7.5,0.06,9.8,0,11426,32.6,204.9,3321,630,222,519744,-2387,Low,No
2025-05-07,GrowOut-A,Farming,Pangasius,Spring,25.6,Sunny,0.0,7.3,0.08,9.6,2,11424,38.9,179.9,3802,752,218,448107,-3260,Low,No
2025-05-08,GrowOut-A,Farming,Pangasius,Spring,26.2,Sunny,0.0,7.2,0.05,9.4,1,11423,34.7,168.2,3792,647,221,424655,-2258,Low,No
2025-05-09,GrowOut-A,Farming,Pangasius,Spring,25.8,Sunny,0.0,6.9,0.08,10.1,0,11423,31.3,164.4,3036,582,214,401879,-1877,Low,No
2025-05-10,GrowOut-A,Farming,Pangasius,Spring,28.2,Sunny,0.0,7.8,0.06,9.1,2,11421,34.3,203.7,3723,519,213,495622,-3695,Low,No
2025-05-11,GrowOut-A,Farming,Pangasius,Spring,24.1,Cloudy,0.0,7.2,0.08,9.3,2,11419,34.9,171.5,3466,764,220,430914,-2940,Low,No
2025-05-12,GrowOut-A,Farming,Pangasius,Spring,28.4,Cloudy,0.0,7.3,0.05,9.0,0,11419,43.6,239.1,4924,626,222,606123,-3575,Low,No
2025-05-13,GrowOut-A,Farming,Pangasius,Spring,26.7,Cloudy,0.0,7.5,0.04,9.2,0,11419,36.5,174.3,4027,868,216,429912,-2313,Low,No
2025-05-14,GrowOut-A,Farming,Pangasius,Spring,26.9,Sunny,0.0,7.5,0.06,9.7,1,11418,39.0,197.8,4477,602,211,476581,-2730,Low,No
2025-05-15,GrowOut-A,Farming,Pangasius,Spring,25.9,Sunny,0.0,7.4,0.06,9.4,0,11418,34.8,213.6,3861,824,221,538994,-1785,Low,No
2025-05-16,GrowOut-A,Farming,Pangasius,Spring,27.1,Sunny,0.0,7.4,0.04,9.1,1,11417,34.6,215.6,3513,703,216,531732,-1753,Low,No
2025-05-17,GrowOut-A,Farming,Pangasius,Spring,29.4,Cloudy,0.0,7.7,0.09,9.1,0,11417,48.2,263.0,4803,498,212,636566,-4422,Low,No
2025-05-18,GrowOut-A,Farming,Pangasius,Spring,26.4,Partly Cloudy,0.0,7.5,0.18,7.3,17,11400,42.3,249.1,4575,575,215,611455,-3797,Low,No
2025-05-19,GrowOut-A,Farming,Pangasius,Spring,27.6,Sunny,0.0,7.4,0.08,9.0,1,11399,51.5,290.7,5683,675,212,702564,-2455,Low,No
2025-05-20,GrowOut-A,Farming,Pangasius,Spring,28.5,Cloudy,0.0,7.5,0.09,8.4,2,11397,37.5,237.2,4012,892,217,586734,-3634,Low,No
2025-05-21,GrowOut-A,Farming,Pangasius,Spring,27.1,Cloudy,0.0,7.1,0.07,9.8,2,11395,34.4,217.5,3792,759,207,513121,-2715,Low,No
2025-05-22,GrowOut-A,Farming,Pangasius,Spring,28.2,Sunny,0.0,7.2,0.09,9.2,1,11394,43.2,252.4,4609,622,217,624113,-2221,Low,No
2025-05-23,GrowOut-A,Farming,Pangasius,Spring,30.3,Sunny,0.0,7.1,0.07,8.1,0,11394,44.1,267.9,4980,589,214,653225,-3911,Low,No
2025-05-24,GrowOut-A,Farming,Pangasius,Spring,27.5,Sunny,0.0,7.4,0.07,9.1,2,11392,48.6,280.8,4981,583,220,703876,-3364,Low,No
2025-05-25,GrowOut-A,Farming,Pangasius,Spring,28.2,Cloudy,0.0,7.4,0.07,8.7,0,11392,40.3,242.5,4311,876,215,593950,-1901,Low,No
2025-05-26,GrowOut-A,Farming,Pangasius,Spring,28.5,Sunny,0.0,7.3,0.09,8.3,0,11392,45.3,274.8,4993,684,218,682454,-2523,Low,No
2025-05-27,GrowOut-A,Farming,Pangasius,Spring,26.9,Partly Cloudy,0.0,7.8,0.09,8.7,0,11392,57.7,315.3,6327,604,218,783034,-3602,Low,No
2025-05-28,GrowOut-A,Farming,Pangasius,Spring,28.4,Cloudy,0.0,7.8,0.09,8.1,1,11391,65.6,367.0,7146,550,219,915609,-5428,Low,No
2025-05-29,GrowOut-A,Farming,Pangasius,Spring,28.0,Partly Cloudy,0.0,7.6,0.08,9.1,2,11389,43.6,277.4,4198,671,215,679371,-4450,Low,No
2025-05-30,GrowOut-A,Farming,Pangasius,Spring,29.5,Cloudy,0.0,7.2,0.12,8.9,1,11388,68.0,396.3,6631,528,212,956854,-1397,Medium,No
2025-05-31,GrowOut-A,Farming,Pangasius,Spring,29.7,Sunny,0.2,7.8,0.09,7.9,0,11388,55.4,312.3,6066,590,205,729077,-5857,Low,No
2025-06-01,GrowOut-A,Farming,Pangasius,Monsoon,29.8,Partly Cloudy,0.3,7.3,0.09,9.2,0,11388,55.2,308.6,5559,652,216,759097,-5232,Low,No
2025-06-02,GrowOut-A,Farming,Pangasius,Monsoon,31.0,Hot,0.4,7.7,0.09,8.6,0,11388,52.1,317.6,5364,525,215,777618,-3462,Low,No
2025-06-03,GrowOut-A,Farming,Pangasius,Monsoon,30.8,Hot,0.9,7.8,0.13,8.8,1,11387,68.9,410.4,7639,459,209,976790,-4789,Medium,No
2025-06-04,GrowOut-A,Farming,Pangasius,Monsoon,31.4,Sunny,1.1,8.0,0.12,8.4,0,11387,74.9,421.2,8007,519,216,1035980,-7160,Medium,No
2025-06-05,GrowOut-A,Farming,Pangasius,Monsoon,29.5,Partly Cloudy,0.9,7.4,0.08,8.3,0,11387,67.3,366.9,6898,723,212,885713,-4942,Low,No
2025-06-06,GrowOut-A,Farming,Pangasius,Monsoon,27.9,Cloudy,1.6,7.5,0.11,8.8,0,11387,65.0,359.1,6422,456,224,915952,-1991,Low,No
2025-06-07,GrowOut-A,Farming,Pangasius,Monsoon,30.9,Hot,2.6,7.3,0.1,8.4,0,11387,64.1,377.0,7295,887,221,948731,-5265,Low,No
2025-06-08,GrowOut-A,Farming,Pangasius,Monsoon,29.6,Partly Cloudy,1.6,7.3,0.09,8.3,0,11387,70.0,391.4,7222,467,209,931486,-7089,Low,No
2025-06-09,GrowOut-A,Farming,Pangasius,Monsoon,28.9,Cloudy,2.7,7.3,0.07,9.0,0,11387,56.6,331.2,6460,797,216,814617,-3293,Low,No
2025-06-10,GrowOut-A,Farming,Pangasius,Monsoon,30.0,Cloudy,3.5,6.7,0.1,8.3,3,11384,75.0,429.5,7677,476,219,1071067,-729,Medium,No
2025-06-11,GrowOut-A,Farming,Pangasius,Monsoon,31.4,Sunny,3.6,7.3,0.13,7.5,0,11384,66.3,401.3,7377,734,226,1032458,-7766,Medium,No
2025-06-12,GrowOut-A,Farming,Pangasius,Monsoon,30.3,Sunny,2.1,8.0,0.09,7.6,1,11383,68.2,392.5,7408,564,215,960667,-3938,Low,No
2025-06-13,GrowOut-A,Farming,Pangasius,Monsoon,30.7,Sunny,1.7,7.4,0.13,8.3,2,11381,59.4,344.6,6409,863,214,839433,-2891,Low,No
2025-06-14,GrowOut-A,Farming,Pangasius,Monsoon,31.0,Sunny,1.2,7.5,0.11,8.2,3,11378,79.3,453.8,8204,823,214,1105245,-3027,Medium,No
2025-06-15,GrowOut-A,Farming,Pangasius,Monsoon,30.7,Cloudy,6.5,7.6,0.14,8.2,1,11377,83.9,456.6,9233,866,217,1127357,-9360,Medium,No
2025-06-16,GrowOut-A,Farming,Pangasius,Monsoon,27.3,Cloudy,2.7,7.2,0.11,9.3,0,11377,73.9,418.4,8224,571,212,1009149,-1630,Medium,No
2025-06-17,GrowOut-A,Farming,Pangasius,Monsoon,30.8,Hot,2.3,7.5,0.3,6.0,19,11358,86.5,489.9,8385,798,215,1198322,-4208,Medium,No
2025-06-18,GrowOut-A,Farming,Pangasius,Monsoon,30.8,Cloudy,9.8,7.2,0.1,7.8,2,11356,86.8,506.1,8896,767,210,1207140,-4747,Medium,No
2025-06-19,GrowOut-A,Farming,Pangasius,Monsoon,28.8,Cloudy,2.9,7.3,0.17,8.6,0,11356,92.1,517.0,10250,534,218,1279889,-3045,Medium,No
2025-06-20,GrowOut-A,Farming,Pangasius,Monsoon,33.0,Rainy,6.1,7.8,0.14,8.0,0,11356,80.0,439.4,8254,732,215,1072813,-7932,Medium,No
2025-06-21,GrowOut-A,Farming,Pangasius,Monsoon,29.2,Rainy,5.2,7.1,0.12,8.7,2,11354,67.5,398.6,6581,479,209,946039,-2466,Medium,No
2025-06-22,GrowOut-A,Farming,Pangasius,Monsoon,31.7,Hot,2.5,7.2,0.13,8.4,1,11353,80.1,491.2,7625,570,207,1154457,-8160,Medium,No
2025-06-23,GrowOut-A,Farming,Pangasius,Monsoon,33.0,Rainy,9.0,7.0,0.1,8.6,1,11352,71.4,428.2,6793,721,208,1011162,-2299,Medium,No
2025-06-24,GrowOut-A,Farming,Pangasius,Monsoon,30.3,Hot,2.5,7.8,0.14,8.4,4,11348,81.1,496.6,8401,617,215,1212042,-6006,Medium,No
2025-06-25,GrowOut-A,Farming,Pangasius,Monsoon,31.4,Cloudy,6.2,7.1,0.17,7.5,1,11347,107.8,588.9,11675,620,207,1383347,-1725,Medium,No
2025-06-26,GrowOut-A,Farming,Pangasius,Monsoon,32.3,Cloudy,8.1,6.8,0.26,4.8,11,11336,93.6,596.4,10456,866,207,1400842,-4245,Medium,No
2025-06-27,GrowOut-A,Farming,Pangasius,Monsoon,30.4,Hot,3.5,7.6,0.14,8.0,2,11334,103.0,630.7,10297,653,213,1522868,-3305,Medium,No
2025-06-28,GrowOut-A,Farming,Pangasius,Monsoon,30.4,Hot,4.2,7.4,0.15,9.2,2,11332,90.6,530.2,8613,737,214,1285987,-1913,Medium,No
2025-06-29,GrowOut-A,Farming,Pangasius,Monsoon,31.2,Sunny,2.4,7.1,0.13,8.3,0,11332,98.5,581.0,11268,781,213,1402369,-7179,Medium,No
2025-06-30,GrowOut-A,Farming,Pangasius,Monsoon,31.6,Cloudy,7.7,7.0,0.14,8.2,0,11332,94.7,525.1,9151,643,218,1297194,-1101,Medium,No
2025-07-01,GrowOut-A,Farming,Pangasius,Monsoon,31.6,Cloudy,11.3,7.1,0.19,8.0,1,11331,113.3,677.3,12815,780,215,1650160,-5431,Medium,No
2025-07-02,GrowOut-A,Farming,Pangasius,Monsoon,30.2,Rainy,9.6,7.4,0.18,7.7,1,11330,114.6,655.3,12686,772,218,1618695,-10623,Medium,No
2025-07-03,GrowOut-A,Farming,Pangasius,Monsoon,30.5,Sunny,3.3,7.6,0.16,7.9,0,11330,95.6,544.6,10131,844,220,1357470,-1472,Medium,No
2025-07-04,GrowOut-A,Farming,Pangasius,Monsoon,30.9,Sunny,3.8,7.5,0.17,8.0,0,11330,106.8,590.3,10666,527,218,1458006,-4168,Medium,No
2025-07-05,GrowOut-A,Farming,Pangasius,Monsoon,32.7,Rainy,10.1,7.1,0.14,7.3,1,11329,89.8,512.3,8583,868,212,1230524,-979,Medium,No
2025-07-06,GrowOut-A,Farming,Pangasius,Monsoon,32.7,Hot,0.8,7.7,0.14,7.6,1,11328,87.7,544.2,9167,854,218,1344023,-2742,Medium,No
2025-07-07,GrowOut-A,Farming,Pangasius,Monsoon,31.1,Cloudy,5.7,7.3,0.14,7.5,0,11328,89.8,527.5,10097,869,207,1236933,-2714,Medium,No
2025-07-08,GrowOut-A,Farming,Pangasius,Monsoon,29.6,Sunny,3.1,7.6,0.17,9.0,1,11327,103.2,627.0,11285,781,218,1548379,-4020,Medium,No
2025-07-09,GrowOut-A,Farming,Pangasius,Monsoon,29.8,Cloudy,2.1,7.2,0.18,8.8,1,11326,99.0,713.7,9867,567,211,1705741,-8178,Medium,No
2025-07-10,GrowOut-A,Farming,Pangasius,Monsoon,32.1,Rainy,8.6,7.5,0.19,8.6,1,11325,107.6,600.8,10627,874,208,1415369,-7228,Medium,No
2025-07-11,GrowOut-A,Farming,Pangasius,Monsoon,32.3,Hot,1.6,7.7,0.16,8.5,1,11324,107.6,775.0,10226,478,203,1781706,-7302,Medium,No
2025-07-12,GrowOut-A,Farming,Pangasius,Monsoon,33.8,Cloudy,5.3,7.5,0.18,7.3,0,11324,116.4,794.3,11908,756,209,1879883,-10137,Medium,No
2025-07-13,GrowOut-A,Farming,Pangasius,Monsoon,30.6,Rainy,6.1,7.5,0.26,5.0,12,11312,99.3,573.1,11054,584,219,1421263,-5668,Medium,No
2025-07-14,GrowOut-A,Farming,Pangasius,Monsoon,30.8,Hot,4.4,7.3,0.17,8.3,0,11312,107.0,585.5,11764,832,220,1457099,-5016,Medium,No
2025-07-15,GrowOut-A,Farming,Pangasius,Monsoon,32.0,Cloudy,24.8,7.5,0.15,7.4,2,11310,103.4,644.2,10078,899,203,1479300,-4477,Medium,No
2025-07-16,GrowOut-A,Farming,Pangasius,Monsoon,31.4,Rainy,8.1,7.8,0.18,7.8,2,11308,99.5,702.0,10202,892,221,1754656,-8005,Medium,No
2025-07-17,GrowOut-A,Farming,Pangasius,Monsoon,33.3,Sunny,0.7,7.5,0.18,7.5,3,11305,100.0,776.6,9950,781,209,1835395,1078,Medium,No
2025-07-18,GrowOut-A,Farming,Pangasius,Monsoon,31.9,Rainy,14.2,7.8,0.17,7.8,1,11304,110.0,802.6,11108,817,209,1896339,101,Medium,No
2025-07-19,GrowOut-A,Farming,Pangasius,Monsoon,31.0,Rainy,18.1,7.4,0.16,8.5,1,11303,102.4,737.7,11116,896,207,1726165,-6532,Medium,No
2025-07-20,GrowOut-A,Farming,Pangasius,Monsoon,30.9,Rainy,5.7,7.6,0.21,8.3,0,11303,104.7,728.8,11405,538,206,1696951,-4812,Medium,No
2025-07-21,GrowOut-A,Farming,Pangasius,Monsoon,32.5,Rainy,10.1,7.6,0.15,7.5,1,11302,114.9,637.1,12249,812,216,1555447,-2400,Medium,No
2025-07-22,GrowOut-A,Farming,Pangasius,Monsoon,30.5,Stormy,26.0,7.4,0.15,8.5,0,11302,95.7,717.7,9355,763,207,1679069,1609,Medium,No
2025-07-23,GrowOut-A,Farming,Pangasius,Monsoon,32.7,Sunny,4.0,7.1,0.22,8.2,0,11302,117.2,668.0,12858,454,205,1547696,-3432,Medium,No
2025-07-24,GrowOut-A,Farming,Pangasius,Monsoon,32.8,Rainy,17.5,7.9,0.17,7.3,1,11301,102.2,807.8,10011,878,206,1880730,-700,Medium,No
2025-07-25,GrowOut-A,Farming,Pangasius,Monsoon,34.5,Sunny,4.0,7.7,0.2,7.2,0,11301,115.2,887.8,13188,531,199,1996573,-10335,High,No
2025-07-26,GrowOut-A,Farming,Pangasius,Monsoon,33.7,Hot,2.0,7.6,0.21,8.0,0,11301,101.3,807.8,10894,632,212,1935337,-8215,Medium,No
2025-07-27,GrowOut-A,Farming,Pangasius,Monsoon,30.4,Cloudy,8.6,7.6,0.17,8.3,2,11299,108.6,765.3,12390,744,205,1772974,-2316,Medium,No
2025-07-28,GrowOut-A,Farming,Pangasius,Monsoon,32.5,Rainy,11.8,7.7,0.19,8.2,1,11298,123.3,890.4,13317,574,207,2082550,-6188,High,No
2025-07-29,GrowOut-A,Farming,Pangasius,Monsoon,32.0,Sunny,2.5,7.4,0.17,8.6,3,11295,109.9,676.7,11516,751,197,1506135,-9110,Medium,No
2025-07-30,GrowOut-A,Farming,Pangasius,Monsoon,33.0,Cloudy,14.3,7.5,0.14,7.8,1,11294,98.5,734.4,10922,531,203,1683895,1323,Medium,No
2025-07-31,GrowOut-A,Farming,Pangasius,Monsoon,33.4,Hot,1.8,7.4,0.15,7.5,0,11294,95.6,761.4,9704,771,208,1788644,188,Medium,No
2025-08-01,GrowOut-A,Farming,Pangasius,Monsoon,32.9,Rainy,16.3,7.5,0.18,7.8,2,11292,112.6,802.4,11584,818,205,1857773,-984,Medium,No
2025-08-02,GrowOut-A,Farming,Pangasius,Monsoon,31.6,Cloudy,9.2,7.4,0.18,7.4,0,11292,123.6,694.2,13074,818,207,1622654,-11727,Medium,No
2025-08-03,GrowOut-A,Farming,Pangasius,Monsoon,30.5,Rainy,10.1,7.2,0.2,8.2,2,11290,133.6,972.1,13175,720,204,2239298,-11956,High,No
2025-08-04,GrowOut-A,Farming,Pangasius,Monsoon,33.8,Cloudy,17.2,7.5,0.23,8.0,2,11288,133.6,948.8,13036,543,210,2249510,-10312,High,No
2025-08-05,GrowOut-A,Farming,Pangasius,Monsoon,31.4,Cloudy,9.4,7.4,0.22,7.5,1,11287,129.9,967.3,14886,678,202,2205614,988,High,No
2025-08-06,GrowOut-A,Farming,Pangasius,Monsoon,33.0,Rainy,13.1,7.6,0.19,8.2,1,11286,116.1,834.5,11030,585,199,1874381,1501,Medium,No
2025-08-07,GrowOut-A,Farming,Pangasius,Monsoon,31.2,Cloudy,9.5,7.0,0.23,8.2,1,11285,127.1,932.5,13541,763,205,2157460,873,High,No
2025-08-08,GrowOut-A,Farming,Pangasius,Monsoon,32.3,Hot,2.6,7.7,0.21,7.8,1,11284,117.2,929.5,12747,748,205,2150329,-8021,High,No
2025-08-09,GrowOut-A,Farming,Pangasius,Monsoon,30.1,Rainy,23.4,7.1,0.16,8.5,0,11284,107.5,746.1,10675,510,206,1734312,-7593,Medium,No
2025-08-10,GrowOut-A,Farming,Pangasius,Monsoon,31.5,Cloudy,5.8,7.5,0.17,8.2,2,11282,117.6,825.8,12165,697,204,1900939,-6347,Medium,No
2025-08-11,GrowOut-A,Farming,Pangasius,Monsoon,31.3,Rainy,13.8,7.7,0.17,8.3,1,11281,113.5,874.0,11359,641,203,2001675,-8902,High,No
2025-08-12,GrowOut-A,Farming,Pangasius,Monsoon,31.3,Rainy,7.2,7.4,0.18,8.0,0,11281,110.4,770.1,12686,764,206,1789625,-3107,Medium,No
2025-08-13,GrowOut-A,Farming,Pangasius,Monsoon,31.4,Rainy,9.4,7.5,0.2,8.6,2,11279,129.8,899.6,14907,645,207,2100716,499,High,No
2025-08-14,GrowOut-A,Farming,Pangasius,Monsoon,31.7,Heavy Rain,32.7,7.4,0.17,8.4,1,11278,104.8,800.7,10187,697,198,1788157,-5240,Medium,No
2025-08-15,GrowOut-A,Farming,Pangasius,Monsoon,32.1,Rainy,21.0,7.6,0.18,8.9,0,11278,127.3,885.2,12789,841,197,1966707,-8327,High,No
2025-08-16,GrowOut-A,Farming,Pangasius,Monsoon,29.4,Sunny,3.9,7.7,0.2,8.8,1,11277,110.4,866.1,11324,497,194,1894968,-9435,High,No
2025-08-17,GrowOut-A,Farming,Pangasius,Monsoon,29.8,Cloudy,11.1,7.5,0.22,8.0,2,11275,121.0,952.8,11726,607,202,2170435,2200,High,No
2025-08-18,GrowOut-A,Farming,Pangasius,Monsoon,30.7,Hot,1.4,7.2,0.24,8.5,0,11275,143.1,1000.7,14083,876,189,2132467,-10728,High,No
2025-08-19,GrowOut-A,Farming,Pangasius,Monsoon,32.0,Cloudy,18.8,7.3,0.25,8.1,0,11275,131.3,967.1,12498,681,199,2169906,-1380,High,No
2025-08-20,GrowOut-A,Farming,Pangasius,Monsoon,33.0,Heavy Rain,31.3,7.1,0.2,7.5,0,11275,128.3,937.5,12324,776,207,2188055,-6440,High,No
2025-08-21,GrowOut-A,Farming,Pangasius,Monsoon,30.8,Rainy,7.2,7.5,0.23,8.2,2,11273,131.6,1051.1,13707,648,209,2476891,1404,High,No
2025-08-22,GrowOut-A,Farming,Pangasius,Monsoon,30.3,Cloudy,19.4,7.0,0.19,8.1,0,11273,123.1,899.7,14013,847,204,2069033,-10511,High,No
2025-08-23,GrowOut-A,Farming,Pangasius,Monsoon,30.9,Cloudy,36.7,7.2,0.25,7.8,2,11271,160.1,1132.9,16511,591,206,2630863,-3075,High,No
2025-08-24,GrowOut-A,Farming,Pangasius,Monsoon,30.8,Rainy,10.4,7.2,0.24,8.5,0,11271,144.2,1095.2,14175,476,203,2505832,-8092,High,No
2025-08-25,GrowOut-A,Farming,Pangasius,Monsoon,30.3,Cloudy,13.7,7.5,0.44,5.1,35,11236,153.6,1112.6,17456,511,201,2520563,-7069,High,No
2025-08-26,GrowOut-A,Farming,Pangasius,Monsoon,30.2,Rainy,6.8,7.2,0.22,8.0,1,11235,129.7,958.0,14684,786,200,2152818,-7844,High,No
2025-08-27,GrowOut-A,Farming,Pangasius,Monsoon,29.3,Cloudy,23.5,7.3,0.16,9.2,2,11233,114.8,888.0,13089,821,204,2035243,487,High,No
2025-08-28,GrowOut-A,Farming,Pangasius,Monsoon,30.4,Rainy,14.4,7.5,0.22,7.7,0,11233,149.3,1067.8,16198,847,186,2230995,-1435,High,No
2025-08-29,GrowOut-A,Farming,Pangasius,Monsoon,30.7,Rainy,5.8,7.7,0.21,9.0,4,11229,115.6,886.4,12170,879,205,2041171,-4560,High,No
2025-08-30,GrowOut-A,Farming,Pangasius,Monsoon,29.5,Sunny,1.9,7.0,0.21,9.2,0,11229,133.5,951.0,15123,562,198,2114398,-1730,High,No
2025-08-31,GrowOut-A,Farming,Pangasius,Monsoon,29.2,Rainy,15.4,7.2,0.19,8.5,0,11229,121.2,913.3,12156,451,196,2010067,-3439,High,No
2025-09-01,GrowOut-A,Farming,Pangasius,Monsoon,30.3,Heavy Rain,25.2,6.9,0.27,9.3,1,11228,151.1,1198.7,17253,682,203,2732421,-15639,High,No
2025-09-02,GrowOut-A,Farming,Pangasius,Monsoon,30.7,Cloudy,12.9,7.1,0.27,8.2,0,11228,153.9,1213.6,14797,453,205,2793392,-6703,High,No
2025-09-03,GrowOut-A,Farming,Pangasius,Monsoon,29.8,Cloudy,6.6,7.5,0.21,8.4,1,11227,113.0,890.6,12368,631,209,2089928,-9636,High,No
2025-09-04,GrowOut-A,Farming,Pangasius,Monsoon,31.3,Cloudy,18.7,7.6,0.21,8.0,0,11227,127.5,960.9,14404,635,196,2114453,-6845,High,No
2025-09-05,GrowOut-A,Farming,Pangasius,Monsoon,29.6,Sunny,2.1,7.5,0.26,7.5,1,11226,152.1,1142.7,15881,618,204,2617135,-6608,High,No
2025-09-06,GrowOut-A,Farming,Pangasius,Monsoon,30.4,Heavy Rain,25.2,7.2,0.2,8.1,2,11224,144.0,1101.1,16529,745,186,2299136,-13019,High,No
2025-09-07,GrowOut-A,Farming,Pangasius,Monsoon,28.7,Partly Cloudy,2.3,7.3,0.41,4.7,30,11194,144.9,1125.6,14086,578,200,2526747,-5495,High,No
2025-09-08,GrowOut-A,Farming,Pangasius,Monsoon,26.8,Cloudy,2.8,7.6,0.23,9.0,1,11193,125.4,889.3,13584,877,198,1971055,-4493,High,No
2025-09-09,GrowOut-A,Farming,Pangasius,Monsoon,29.3,Cloudy,11.4,7.3,0.21,8.2,0,11193,125.2,925.3,13135,757,202,2092090,-7372,High,No
2025-09-10,GrowOut-A,Farming,Pangasius,Monsoon,27.1,Cloudy,24.5,7.5,0.21,9.2,0,11193,134.8,1003.9,15079,625,200,2247331,1297,High,No
2025-09-11,GrowOut-A,Farming,Pangasius,Monsoon,28.5,Rainy,10.4,7.5,0.18,8.9,2,11191,118.0,912.2,11242,758,195,1991000,-808,High,No
2025-09-12,GrowOut-A,Farming,Pangasius,Monsoon,28.0,Cloudy,19.3,7.6,0.21,9.0,0,11191,136.0,1022.4,12942,666,206,2356986,-3722,High,No
2025-09-13,GrowOut-A,Farming,Pangasius,Monsoon,29.6,Cloudy,18.3,7.3,0.2,8.1,2,11189,130.7,990.4,13753,562,199,2205630,-11319,High,No
2025-09-14,GrowOut-A,Farming,Pangasius,Monsoon,28.6,Cloudy,14.3,7.3,0.27,8.0,1,11188,160.3,1253.6,17859,539,203,2847386,-873,High,No
2025-09-15,GrowOut-A,Farming,Pangasius,Monsoon,29.1,Rainy,9.4,7.6,0.21,8.4,2,11186,151.4,1180.1,14932,897,195,2574577,-2725,High,No
2025-09-16,GrowOut-A,Farming,Pangasius,Monsoon,29.3,Rainy,14.3,7.5,0.24,9.0,0,11186,143.3,991.2,13723,896,191,2117725,-11485,High,No
2025-09-17,GrowOut-A,Farming,Pangasius,Monsoon,29.2,Rainy,15.8,7.4,0.21,8.3,0,11186,143.5,1140.4,13779,633,195,2487520,-246,High,No
2025-09-18,GrowOut-A,Farming,Pangasius,Monsoon,27.4,Sunny,0.5,7.6,0.21,8.7,0,11186,120.0,942.5,11547,642,197,2076933,-5940,High,No
2025-09-19,GrowOut-A,Farming,Pangasius,Monsoon,28.5,Cloudy,8.0,7.3,0.18,8.4,1,11185,130.0,1037.7,14200,561,198,2298327,-12814,High,No
2025-09-20,GrowOut-A,Farming,Pangasius,Monsoon,28.8,Rainy,14.7,7.5,0.18,7.7,2,11183,114.0,901.1,11563,578,198,1995603,2059,High,No
2025-09-21,GrowOut-A,Farming,Pangasius,Monsoon,26.7,Rainy,9.9,7.6,0.21,8.6,0,11183,132.8,1007.3,13921,600,200,2252927,-11054,High,No
2025-09-22,GrowOut-A,Farming,Pangasius,Monsoon,26.0,Rainy,8.7,7.2,0.24,9.5,0,11183,155.8,1077.2,15207,612,194,2336988,-8599,High,No
2025-09-23,GrowOut-A,Farming,Pangasius,Monsoon,24.7,Cloudy,5.9,7.4,0.18,9.5,2,11181,124.1,870.7,13240,489,195,1898722,-10404,High,No
2025-09-24,GrowOut-A,Farming,Pangasius,Monsoon,25.2,Rainy,20.1,7.4,0.15,9.1,1,11180,109.9,822.1,12384,818,209,1921107,-2202,Medium,No
2025-09-25,GrowOut-A,Farming,Pangasius,Monsoon,27.7,Rainy,7.6,7.8,0.19,8.9,1,11179,124.6,928.2,12692,776,193,2002814,-9612,High,No
2025-09-26,GrowOut-A,Farming,Pangasius,Monsoon,26.9,Cloudy,30.6,7.5,0.23,9.9,1,11178,133.6,931.4,13809,770,192,1999127,-1418,High,No
2025-09-27,GrowOut-A,Farming,Pangasius,Monsoon,26.6,Cloudy,11.9,7.5,0.3,8.9,0,11178,173.1,1215.6,18928,860,201,2731183,-8095,High,No
2025-09-28,GrowOut-A,Farming,Pangasius,Monsoon,26.8,Rainy,7.8,7.5,0.24,9.6,1,11177,136.3,941.7,15586,580,194,2042107,-7209,High,No
2025-09-29,GrowOut-A,Farming,Pangasius,Monsoon,26.9,Rainy,18.7,7.3,0.25,8.9,0,11177,162.7,1169.1,17684,842,198,2587272,-15775,High,No
2025-09-30,GrowOut-A,Farming,Pangasius,Monsoon,25.6,Cloudy,9.3,7.5,0.25,9.7,5,11172,155.9,1121.0,17241,630,201,2518413,-12183,High,No
2025-10-01,GrowOut-A,Farming,Pangasius,Autumn,26.4,Sunny,3.5,7.4,0.19,8.9,1,11171,125.0,932.2,13617,846,200,2082908,-5912,High,No
2025-10-02,GrowOut-A,Farming,Pangasius,Autumn,24.8,Cloudy,0.9,7.6,0.22,9.4,1,11170,140.1,1092.4,14160,549,193,2355218,-8852,High,No
2025-10-03,GrowOut-A,Farming,Pangasius,Autumn,25.4,Rainy,17.6,7.4,0.17,9.1,1,11169,111.6,901.8,11134,468,193,1944109,2811,High,No
2025-10-04,GrowOut-A,Farming,Pangasius,Autumn,26.0,Cloudy,19.4,7.2,0.28,9.2,0,11169,162.4,1226.9,17996,739,196,2685836,2101,High,No
2025-10-05,GrowOut-A,Farming,Pangasius,Autumn,26.1,Rainy,5.8,7.4,0.42,7.6,34,11135,145.3,1089.5,14876,487,195,2372882,771,High,No
2025-10-06,GrowOut-A,Farming,Pangasius,Autumn,27.9,Stormy,29.9,7.3,0.25,9.1,0,11135,157.5,1243.9,16889,596,195,2700911,-3208,High,No
2025-10-07,GrowOut-A,Farming,Pangasius,Autumn,23.1,Rainy,9.9,7.5,0.23,8.9,1,11134,139.3,1068.9,15923,530,193,2297125,-15098,High,No
2025-10-08,GrowOut-A,Farming,Pangasius,Autumn,25.7,Rainy,7.6,7.6,0.25,9.6,1,11133,153.8,1150.1,17520,566,210,2689095,-4298,High,No
2025-10-09,GrowOut-A,Farming,Pangasius,Autumn,26.7,Rainy,15.3,7.8,0.27,8.5,0,11133,173.2,1259.9,17385,712,203,2847373,829,High,No
2025-10-10,GrowOut-A,Farming,Pangasius,Autumn,25.4,Partly Cloudy,4.3,7.5,0.22,8.7,1,11132,130.0,931.9,14238,616,190,1971220,-7396,High,No
2025-10-11,GrowOut-A,Farming,Pangasius,Autumn,25.3,Partly Cloudy,4.3,7.5,0.21,9.3,0,11132,134.1,947.4,15052,535,192,2024920,-893,High,No
2025-10-12,GrowOut-A,Farming,Pangasius,Autumn,26.7,Rainy,11.5,7.5,0.23,8.4,2,11130,153.7,1180.2,15102,530,191,2509355,-1652,High,No
2025-10-13,GrowOut-A,Farming,Pangasius,Autumn,25.4,Rainy,5.2,7.4,0.23,8.9,0,11130,121.6,894.4,12148,859,205,2040708,-6410,High,No
2025-10-14,GrowOut-A,Farming,Pangasius,Autumn,24.4,Rainy,22.6,7.2,0.22,9.2,0,11130,146.5,1113.1,15685,620,199,2465372,-12162,High,No
2025-10-15,GrowOut-A,Farming,Pangasius,Autumn,24.2,Sunny,3.1,7.6,0.24,9.0,2,11128,147.3,1117.8,14122,562,196,2438458,-7962,High,No
2025-10-16,GrowOut-A,Farming,Pangasius,Autumn,23.2,Cloudy,4.4,7.7,0.2,9.4,3,11125,126.2,1023.8,12013,806,201,2289962,516,High,No
2025-10-17,GrowOut-A,Farming,Pangasius,Autumn,25.3,Cloudy,9.7,7.7,0.22,9.9,0,11125,151.9,1220.0,14853,792,190,2578775,-6159,High,No
2025-10-18,GrowOut-A,Farming,Pangasius,Autumn,23.1,Rainy,8.1,7.2,0.2,10.2,1,11124,123.1,926.6,12295,695,190,1958601,-2901,High,No
2025-10-19,GrowOut-A,Farming,Pangasius,Autumn,26.6,Sunny,2.6,7.0,0.19,8.6,1,11123,129.9,942.1,13755,496,193,2022625,-1492,High,No
2025-10-20,GrowOut-A,Farming,Pangasius,Autumn,23.7,Sunny,2.7,7.5,0.19,9.3,1,11122,107.8,843.9,10730,623,197,1849180,-1582,Medium,No
2025-10-21,GrowOut-A,Farming,Pangasius,Autumn,24.2,Sunny,3.6,7.3,0.25,9.1,0,11122,164.8,1205.1,17920,772,181,2425965,-15480,High,No
2025-10-22,GrowOut-A,Farming,Pangasius,Autumn,22.4,Rainy,15.2,7.3,0.26,9.6,0,11122,165.7,1150.9,18911,577,185,2368057,-7192,High,No
2025-10-23,GrowOut-A,Farming,Pangasius,Autumn,24.7,Sunny,4.2,7.2,0.26,9.4,0,11122,147.1,1021.2,14224,470,197,2237484,-10022,High,No
2025-10-24,GrowOut-A,Farming,Pangasius,Autumn,23.5,Cloudy,3.7,7.2,0.2,9.3,2,11120,128.8,963.2,13331,852,193,2067553,-8654,High,No
2025-10-25,GrowOut-A,Farming,Pangasius,Autumn,23.9,Cloudy,15.8,7.4,0.22,9.2,1,11119,128.5,975.6,14562,748,194,2104642,-10450,High,No
2025-10-26,GrowOut-A,Farming,Pangasius,Autumn,21.5,Rainy,6.8,6.9,0.25,9.9,0,11119,143.3,1041.3,16417,800,196,2269330,-10210,High,No
2025-10-27,GrowOut-A,Farming,Pangasius,Autumn,22.1,Cloudy,6.7,6.8,0.21,9.7,0,11119,118.8,957.9,13606,817,197,2098225,-4153,High,No
2025-10-28,GrowOut-A,Farming,Pangasius,Autumn,22.8,Cloudy,1.5,6.9,0.19,9.9,0,11119,112.7,915.0,12949,532,194,1973734,-7230,High,No
2025-10-29,GrowOut-A,Farming,Pangasius,Autumn,22.0,Partly Cloudy,1.6,7.5,0.2,10.1,1,11118,117.0,944.5,12084,807,190,1995360,-9506,High,No
2025-10-30,GrowOut-A,Farming,Pangasius,Autumn,23.1,Cloudy,4.4,7.3,0.28,9.7,2,11116,160.2,1187.2,16979,692,199,2626659,-5958,High,No
2025-10-31,GrowOut-A,Farming,Pangasius,Autumn,20.9,Rainy,12.3,6.9,0.21,9.2,1,11115,116.5,901.6,12050,710,194,1944304,-684,High,No
2025-11-01,GrowOut-A,Farming,Pangasius,Autumn,24.2,Sunny,3.9,7.2,0.27,8.5,2,11113,164.9,1155.0,15675,897,189,2426349,-8208,High,No
2025-11-02,GrowOut-A,Farming,Pangasius,Autumn,20.5,Partly Cloudy,0.5,7.4,0.23,10.7,0,11113,132.6,1068.9,12755,607,186,2209436,914,High,No
2025-11-03,GrowOut-A,Farming,Pangasius,Autumn,22.2,Rainy,10.6,7.3,0.18,9.7,1,11112,117.0,923.3,13112,887,202,2072648,-6951,High,No
2025-11-04,GrowOut-A,Farming,Pangasius,Autumn,22.7,Sunny,3.0,7.8,0.26,10.0,2,11110,155.9,1146.5,15240,883,190,2420583,-12198,High,No
2025-11-05,GrowOut-A,Farming,Pangasius,Autumn,18.8,Rainy,6.3,7.5,0.17,10.7,3,11107,92.9,917.3,8926,498,188,1915946,-7314,High,No
2025-11-06,GrowOut-A,Farming,Pangasius,Autumn,21.7,Rainy,7.8,7.3,0.19,9.5,3,11104,107.2,807.4,10353,485,196,1757687,363,Medium,No
2025-11-07,GrowOut-A,Farming,Pangasius,Autumn,22.0,Partly Cloudy,3.8,7.9,0.21,9.8,2,11102,119.9,857.4,13174,787,196,1866032,-617,High,No
2025-11-08,GrowOut-A,Farming,Pangasius,Autumn,22.6,Partly Cloudy,3.8,7.6,0.21,9.5,2,11100,124.8,994.0,13806,763,197,2173971,-11195,High,No
2025-11-09,GrowOut-A,Farming,Pangasius,Autumn,21.6,Sunny,0.5,7.0,0.25,10.3,5,11095,143.5,1131.2,15788,676,200,2511264,-7196,High,No
2025-11-10,GrowOut-A,Farming,Pangasius,Autumn,21.5,Cloudy,6.6,7.4,0.25,9.7,2,11093,134.7,1040.1,14289,823,186,2146423,-5511,High,No
2025-11-11,GrowOut-A,Farming,Pangasius,Autumn,20.3,Partly Cloudy,1.4,7.3,0.22,10.8,0,11093,128.5,988.8,12610,888,205,2248595,-6041,High,No
2025-11-12,GrowOut-A,Farming,Pangasius,Autumn,19.6,Sunny,3.3,7.8,0.17,9.6,0,11093,90.3,964.1,8680,627,189,2021310,2228,High,No
2025-11-13,GrowOut-A,Farming,Pangasius,Autumn,20.7,Cloudy,2.7,7.2,0.21,10.4,3,11090,139.5,982.6,15184,665,196,2136396,-4981,High,No
2025-11-14,GrowOut-A,Farming,Pangasius,Autumn,19.3,Partly Cloudy,1.7,7.4,0.11,10.3,0,11090,80.2,776.2,8656,538,182,1566667,-6793,Medium,No
2025-11-15,GrowOut-A,Farming,Pangasius,Autumn,20.6,Partly Cloudy,3.4,7.5,0.21,10.5,0,11090,127.7,984.6,12203,577,188,2052812,-9951,High,No
2025-11-16,GrowOut-A,Farming,Pangasius,Autumn,20.2,Sunny,1.4,7.7,0.22,10.2,1,11089,129.8,950.8,13133,698,190,2003431,351,High,No
2025-11-17,GrowOut-A,Farming,Pangasius,Autumn,18.0,Sunny,4.1,7.2,0.17,10.3,2,11087,83.8,802.8,8908,704,202,1798254,14205,Medium,Yes
2025-11-18,GrowOut-A,Farming,Pangasius,Autumn,21.3,Sunny,0.7,7.2,0.21,9.8,0,11087,123.4,904.0,11744,610,190,1904303,24300,High,Yes
2025-11-19,GrowOut-A,Farming,Pangasius,Autumn,19.6,Cloudy,4.2,7.1,0.13,10.6,1,11086,81.3,807.2,8903,888,197,1763037,17668,Medium,Yes
2025-11-20,GrowOut-A,Farming,Pangasius,Autumn,20.2,Partly Cloudy,2.6,7.6,0.22,10.2,0,11086,122.4,888.7,11875,813,202,1990130,3446,High,Yes
2025-11-21,GrowOut-A,Farming,Pangasius,Autumn,20.6,Partly Cloudy,2.6,7.0,0.2,10.5,1,11085,123.7,949.6,11844,523,196,2063344,14708,High,Yes
2025-11-22,GrowOut-A,Farming,Pangasius,Autumn,21.7,Cloudy,1.0,7.2,0.21,10.1,0,11085,109.0,861.8,12283,813,195,1862845,4087,High,Yes
2025-11-23,GrowOut-A,Farming,Pangasius,Autumn,18.8,Cloudy,0.4,7.3,0.12,10.9,0,11085,75.6,775.6,7963,778,187,1607737,13350,Medium,Yes
2025-11-24,GrowOut-A,Farming,Pangasius,Autumn,18.2,Partly Cloudy,0.9,7.3,0.19,10.2,0,11085,92.4,879.4,9315,731,185,1803408,12544,High,Yes
2025-11-25,GrowOut-A,Farming,Pangasius,Autumn,18.4,Cloudy,1.6,7.5,0.19,10.4,2,11083,98.4,964.3,9759,725,188,2009582,28419,High,Yes
2025-11-26,GrowOut-A,Farming,Pangasius,Autumn,18.1,Cloudy,0.6,7.4,0.17,10.6,2,11081,96.8,917.9,10754,514,193,1963406,10641,High,Yes
2025-11-27,GrowOut-A,Farming,Pangasius,Autumn,20.0,Sunny,0.1,6.9,0.21,10.3,1,11080,132.9,931.6,13077,583,190,1961381,8355,High,Yes
2025-11-28,GrowOut-A,Farming,Pangasius,Autumn,19.1,Partly Cloudy,0.1,7.4,0.14,10.4,0,11080,89.3,863.6,9753,657,193,1846757,25364,High,Yes
2025-11-29,GrowOut-A,Farming,Pangasius,Autumn,20.2,Partly Cloudy,0.0,7.2,0.22,10.4,0,11080,127.1,994.8,12390,706,185,2039141,11871,High,Yes
2025-11-30,GrowOut-A,Farming,Pangasius,Autumn,19.1,Partly Cloudy,0.0,6.8,0.17,10.3,1,11079,85.3,864.5,9668,508,198,1896575,16085,High,Yes
2025-12-01,GrowOut-A,Farming,Pangasius,Winter,16.0,Sunny,0.0,8.0,0.23,11.2,1,11078,109.4,1038.1,11886,678,197,2265719,28948,High,Yes
2025-12-02,GrowOut-A,Farming,Pangasius,Winter,19.2,Cloudy,0.0,7.2,0.14,10.3,0,11078,75.2,754.0,7230,806,188,1570329,19086,Medium,Yes
2025-12-03,GrowOut-A,Farming,Pangasius,Winter,17.0,Cold,0.0,7.7,0.15,11.5,1,11077,74.2,781.3,7607,707,199,1722393,5900,Medium,Yes
2025-12-04,GrowOut-A,Farming,Pangasius,Winter,15.6,Cloudy,0.0,7.3,0.19,11.2,1,11076,105.1,1016.1,10718,661,189,2127259,27870,High,Yes
2025-12-05,GrowOut-A,Farming,Pangasius,Winter,18.1,Partly Cloudy,0.0,7.7,0.17,10.3,0,11076,82.4,766.7,8007,882,195,1655934,19018,Medium,Yes
2025-12-06,GrowOut-A,Farming,Pangasius,Winter,19.6,Sunny,0.0,7.4,0.16,10.4,1,11075,93.9,894.7,9564,722,192,1902662,20553,High,Yes
2025-12-07,GrowOut-A,Farming,Pangasius,Winter,16.5,Cloudy,0.0,7.7,0.16,11.4,1,11074,71.1,773.8,7530,877,186,1593989,16242,Medium,Yes
2025-12-08,GrowOut-A,Farming,Pangasius,Winter,16.6,Cloudy,0.0,7.6,0.16,10.1,0,11074,85.7,911.5,9468,478,188,1897663,12440,High,Yes
2025-12-09,GrowOut-A,Farming,Pangasius,Winter,17.7,Cloudy,0.0,7.6,0.2,10.5,1,11073,100.5,1054.8,9973,460,205,2394575,27393,High,Yes
2025-12-10,GrowOut-A,Farming,Pangasius,Winter,18.4,Partly Cloudy,0.0,7.7,0.15,10.2,0,11073,81.8,812.1,8003,573,201,1807469,12072,Medium,Yes
2025-12-11,GrowOut-A,Farming,Pangasius,Winter,17.8,Sunny,0.0,7.0,0.14,11.2,3,11070,89.9,886.8,8925,852,188,1846073,23003,High,Yes
2025-12-12,GrowOut-A,Farming,Pangasius,Winter,17.4,Cold,0.0,7.2,0.2,10.8,0,11070,104.9,1049.7,11987,584,191,2219454,14084,High,Yes
2025-12-13,GrowOut-A,Farming,Pangasius,Winter,16.8,Cloudy,0.0,7.5,0.17,10.5,1,11069,91.0,907.3,10072,885,193,1938456,12154,High,Yes
2025-12-14,GrowOut-A,Farming,Pangasius,Winter,18.8,Cloudy,0.0,7.8,0.17,10.7,0,11069,89.3,921.1,9485,852,195,1988153,7022,High,Yes
2025-12-15,GrowOut-A,Farming,Pangasius,Winter,17.2,Sunny,0.0,7.9,0.17,10.2,0,11069,86.0,931.0,9312,821,196,2019827,23079,High,Yes
2025-12-16,GrowOut-A,Farming,Pangasius,Winter,19.5,Cloudy,0.0,7.2,0.44,7.5,31,11038,102.8,1013.1,10793,592,189,2119447,29229,High,Yes
2025-12-17,GrowOut-A,Farming,Pangasius,Winter,14.5,Cloudy,0.0,7.8,0.17,11.7,0,11038,88.4,832.0,10145,874,191,1754071,4583,Medium,Yes
2025-12-18,GrowOut-A,Farming,Pangasius,Winter,16.8,Cloudy,0.0,7.5,0.21,10.4,1,11037,89.4,952.9,8558,786,194,2040513,16877,High,Yes
2025-12-19,GrowOut-A,Farming,Pangasius,Winter,18.4,Cloudy,0.0,7.3,0.18,10.6,2,11035,95.7,992.0,9505,544,200,2189741,32608,High,Yes
2025-12-20,GrowOut-A,Farming,Pangasius,Winter,18.5,Cloudy,0.0,7.5,0.18,10.6,0,11035,109.7,1054.8,11220,586,197,2293024,19840,High,Yes
2025-12-21,GrowOut-A,Farming,Pangasius,Winter,15.8,Cold,0.0,7.5,0.2,11.1,0,11035,93.5,968.7,9735,635,196,2095162,26653,High,Yes
2025-12-22,GrowOut-A,Farming,Pangasius,Winter,17.8,Cloudy,0.0,7.8,0.22,10.1,1,11034,96.9,915.4,9425,529,193,1949578,13734,High,Yes
2025-12-23,GrowOut-A,Farming,Pangasius,Winter,16.1,Sunny,0.0,7.5,0.19,10.5,1,11033,96.9,939.4,9945,830,201,2083433,21995,High,Yes
2025-12-24,GrowOut-A,Farming,Pangasius,Winter,18.3,Cloudy,0.0,7.5,0.18,10.4,1,11032,83.3,840.4,9455,836,191,1770977,20715,Medium,Yes
2025-12-25,GrowOut-A,Farming,Pangasius,Winter,16.7,Cold,0.0,7.7,0.24,7.7,21,11011,81.3,776.8,8943,731,204,1748210,5646,Medium,Yes
2025-12-26,GrowOut-A,Farming,Pangasius,Winter,16.5,Cloudy,0.0,7.4,0.17,11.0,2,11009,91.2,904.3,9882,833,197,1961578,9808,High,Yes
2025-12-27,GrowOut-A,Farming,Pangasius,Winter,14.8,Cloudy,0.0,7.6,0.2,10.9,1,11008,86.7,935.9,9721,878,199,2050361,29052,High,Yes
2025-12-28,GrowOut-A,Farming,Pangasius,Winter,18.7,Partly Cloudy,0.0,6.7,0.16,10.8,0,11008,87.1,893.7,9501,784,193,1898705,26106,High,Yes
2025-12-29,GrowOut-A,Farming,Pangasius,Winter,18.1,Sunny,0.0,7.6,0.17,11.1,3,11005,88.4,915.2,9563,588,196,1974606,23363,High,Yes
2025-12-30,GrowOut-A,Farming,Pangasius,Winter,16.8,Cloudy,0.0,7.5,0.25,7.4,12,10993,102.8,971.7,9820,806,199,2128018,26194,High,Yes
2022-01-01,GrowOut-B,Farming,Pangasius,Winter,17.6,Cloudy,0.0,7.6,0.01,10.9,0,10500,2.3,15.0,264,559,185,29138,-1910,Low,No
2022-01-02,GrowOut-B,Farming,Pangasius,Winter,16.9,Sunny,0.0,7.0,0.01,11.3,0,10500,4.5,33.5,500,710,201,70702,-1005,Low,No
2022-01-03,GrowOut-B,Farming,Pangasius,Winter,14.5,Cloudy,0.0,7.0,0.03,11.9,2,10498,5.2,35.9,588,683,193,72751,-1728,Low,No
2022-01-04,GrowOut-B,Farming,Pangasius,Winter,16.8,Sunny,0.0,7.2,0.03,11.2,1,10497,5.6,38.0,603,803,199,79386,-1966,Low,No
2022-01-05,GrowOut-B,Farming,Pangasius,Winter,15.7,Cloudy,0.0,7.6,0.0,11.3,4,10493,7.3,49.6,741,492,193,100486,-1051,Low,No
2022-01-06,GrowOut-B,Farming,Pangasius,Winter,15.9,Sunny,0.0,7.6,0.03,11.6,1,10492,4.4,29.1,472,695,198,60459,-2268,Low,No
2022-01-07,GrowOut-B,Farming,Pangasius,Winter,15.2,Cloudy,0.0,7.3,0.02,11.1,2,10490,3.5,23.2,401,736,190,46249,-1971,Low,No
2022-01-08,GrowOut-B,Farming,Pangasius,Winter,17.2,Cold,0.0,7.6,0.03,10.8,2,10488,5.1,36.1,504,828,202,76495,-1781,Low,No
2022-01-09,GrowOut-B,Farming,Pangasius,Winter,16.0,Cloudy,0.0,7.6,0.04,10.3,1,10487,6.2,40.6,623,871,194,82608,-2240,Low,No
2022-01-10,GrowOut-B,Farming,Pangasius,Winter,14.5,Sunny,0.0,7.2,0.02,11.4,0,10487,5.7,42.4,647,505,196,87151,-1238,Low,No
2022-01-11,GrowOut-B,Farming,Pangasius,Winter,16.4,Cold,0.0,7.3,0.01,11.3,0,10487,5.9,42.8,603,827,203,91115,-1875,Low,No
2022-01-12,GrowOut-B,Farming,Pangasius,Winter,16.2,Cold,0.0,7.3,0.0,11.3,1,10486,2.6,18.3,280,545,195,37423,-1318,Low,No
2022-01-13,GrowOut-B,Farming,Pangasius,Winter,16.3,Cloudy,0.0,7.3,0.03,11.6,1,10485,4.8,36.7,471,584,198,76198,-2008,Low,No
2022-01-14,GrowOut-B,Farming,Pangasius,Winter,15.8,Sunny,0.0,7.4,0.03,11.7,2,10483,7.4,53.3,720,604,198,110652,-1394,Low,No
2022-01-15,GrowOut-B,Farming,Pangasius,Winter,16.2,Sunny,0.0,7.1,0.12,8.9,11,10472,4.9,34.2,477,723,199,71345,-1865,Low,No
2022-01-16,GrowOut-B,Farming,Pangasius,Winter,16.8,Sunny,0.0,7.9,0.03,10.9,1,10471,4.8,36.6,491,854,201,77038,-1321,Low,No
2022-01-17,GrowOut-B,Farming,Pangasius,Winter,15.8,Cold,0.0,8.1,0.03,11.7,0,10471,3.6,23.6,351,573,199,49176,-951,Low,No
2022-01-18,GrowOut-B,Farming,Pangasius,Winter,16.5,Cloudy,0.0,7.1,0.03,10.5,1,10470,6.5,46.3,678,814,205,99385,-1682,Low,No
2022-01-19,GrowOut-B,Farming,Pangasius,Winter,14.7,Cloudy,0.0,7.7,0.04,11.3,0,10470,7.7,56.8,762,831,201,119534,-2172,Low,No
2022-01-20,GrowOut-B,Farming,Pangasius,Winter,17.5,Cloudy,0.0,7.3,0.02,10.9,2,10468,3.4,25.9,363,525,198,53692,-886,Low,No
2022-01-21,GrowOut-B,Farming,Pangasius,Winter,14.5,Cloudy,0.0,7.7,0.05,11.1,0,10468,5.5,37.7,588,572,203,80113,-1257,Low,No
2022-01-22,GrowOut-B,Farming,Pangasius,Winter,17.0,Sunny,0.0,7.3,0.03,11.0,0,10468,3.8,28.8,388,854,196,59090,-2195,Low,No
2022-01-23,GrowOut-B,Farming,Pangasius,Winter,16.8,Cold,0.0,7.5,0.04,10.5,0,10468,7.5,50.0,750,634,196,102586,-1506,Low,No
2022-01-24,GrowOut-B,Farming,Pangasius,Winter,16.7,Sunny,0.0,7.1,0.01,11.0,0,10468,6.7,47.0,690,502,194,95447,-1909,Low,No
2022-01-25,GrowOut-B,Farming,Pangasius,Winter,14.5,Cold,0.0,7.3,0.02,11.5,2,10466,6.4,44.0,692,617,205,94421,-2005,Low,No
2022-01-26,GrowOut-B,Farming,Pangasius,Winter,14.9,Cold,0.0,6.9,0.19,8.8,18,10448,5.2,37.3,577,854,210,81980,-2086,Low,No
2022-01-27,GrowOut-B,Farming,Pangasius,Winter,16.1,Cloudy,0.0,7.3,0.03,11.4,0,10448,6.3,41.9,611,575,206,90181,-1320,Low,No
2022-01-28,GrowOut-B,Farming,Pangasius,Winter,15.6,Sunny,0.0,7.0,0.01,11.3,2,10446,6.4,44.3,662,790,194,89792,-1376,Low,No
2022-01-29,GrowOut-B,Farming,Pangasius,Winter,17.4,Cold,0.0,7.3,0.06,10.0,0,10446,6.0,43.2,630,896,206,92961,-1986,Low,No
2022-01-30,GrowOut-B,Farming,Pangasius,Winter,14.5,Cloudy,0.0,7.7,0.03,11.5,2,10444,6.0,45.0,616,709,206,96834,-1707,Low,No
2022-01-31,GrowOut-B,Farming,Pangasius,Winter,14.6,Sunny,0.0,7.0,0.04,11.6,0,10444,6.3,47.9,634,829,212,106057,-1941,Low,No
2022-02-01,GrowOut-B,Farming,Pangasius,Winter,15.5,Sunny,0.0,7.9,0.01,10.8,0,10444,8.1,61.0,874,481,202,128691,-776,Low,No
2022-02-02,GrowOut-B,Farming,Pangasius,Winter,15.7,Cloudy,0.0,7.9,0.02,11.2,0,10444,8.7,58.7,958,630,202,123839,-1562,Low,No
2022-02-03,GrowOut-B,Farming,Pangasius,Winter,17.1,Cloudy,0.0,7.3,0.03,10.0,0,10444,5.8,43.3,632,655,206,93158,-1845,Low,No
2022-02-04,GrowOut-B,Farming,Pangasius,Winter,18.4,Sunny,0.0,7.6,0.04,10.9,2,10442,9.5,66.6,922,551,199,138419,-2370,Low,No
2022-02-05,GrowOut-B,Farming,Pangasius,Winter,17.4,Cold,0.0,7.3,0.04,10.7,0,10442,8.2,58.0,898,552,212,128395,-1440,Low,No
2022-02-06,GrowOut-B,Farming,Pangasius,Winter,15.9,Cloudy,0.0,7.4,0.05,10.7,1,10441,9.4,69.5,894,760,204,148047,-1490,Low,No
2022-02-07,GrowOut-B,Farming,Pangasius,Winter,15.2,Cold,0.0,7.4,0.03,11.0,0,10441,5.5,39.4,531,598,202,83098,-1412,Low,No
2022-02-08,GrowOut-B,Farming,Pangasius,Winter,15.2,Cloudy,0.0,7.5,0.03,11.4,0,10441,6.7,44.9,655,657,207,97042,-1327,Low,No
2022-02-09,GrowOut-B,Farming,Pangasius,Winter,19.2,Sunny,0.0,7.7,0.02,9.8,0,10441,9.8,70.6,1120,636,210,154798,-1534,Low,No
2022-02-10,GrowOut-B,Farming,Pangasius,Winter,16.1,Sunny,0.0,7.2,0.02,11.4,1,10440,9.0,59.8,974,889,211,131742,-1548,Low,No
2022-02-11,GrowOut-B,Farming,Pangasius,Winter,16.0,Cloudy,0.0,7.4,0.0,10.5,2,10438,8.2,62.6,828,487,210,137244,-1146,Low,No
2022-02-12,GrowOut-B,Farming,Pangasius,Winter,17.6,Cold,0.0,7.6,0.04,11.0,1,10437,11.4,74.9,1130,485,208,162616,-2084,Low,No
2022-02-13,GrowOut-B,Farming,Pangasius,Winter,20.0,Sunny,0.0,7.5,0.04,11.0,0,10437,11.9,61.4,1325,535,212,135856,-1707,Low,No
2022-02-14,GrowOut-B,Farming,Pangasius,Winter,17.2,Sunny,0.0,7.5,0.03,10.9,1,10436,9.8,75.3,992,875,207,162683,-2112,Low,No
2022-02-15,GrowOut-B,Farming,Pangasius,Winter,15.9,Cold,0.0,7.6,0.03,11.4,1,10435,11.3,77.9,1103,863,212,172348,-1211,Low,No
2022-02-16,GrowOut-B,Farming,Pangasius,Winter,16.9,Sunny,0.0,7.5,0.01,11.7,1,10434,9.9,73.6,978,575,211,162051,-980,Low,No
2022-02-17,GrowOut-B,Farming,Pangasius,Winter,18.4,Cloudy,0.0,7.5,0.04,11.0,1,10433,10.5,76.5,1182,785,209,166824,-2227,Low,No
2022-02-18,GrowOut-B,Farming,Pangasius,Winter,16.9,Cloudy,0.0,7.4,0.02,11.6,1,10432,10.6,73.1,1147,654,208,158632,-1982,Low,No
2022-02-19,GrowOut-B,Farming,Pangasius,Winter,17.8,Sunny,0.0,7.4,0.03,11.2,1,10431,10.3,69.2,1010,676,212,153042,-1895,Low,No
2022-02-20,GrowOut-B,Farming,Pangasius,Winter,17.1,Cloudy,0.0,7.5,0.04,11.5,1,10430,10.1,73.6,1091,779,203,155847,-2135,Low,No
2022-02-21,GrowOut-B,Farming,Pangasius,Winter,18.4,Sunny,0.0,7.3,0.04,9.9,0,10430,9.5,67.1,1003,672,196,137171,-2076,Low,No
2022-02-22,GrowOut-B,Farming,Pangasius,Winter,17.6,Cold,0.0,7.7,0.04,9.6,0,10430,12.2,85.8,1213,474,205,183453,-1001,Low,No
2022-02-23,GrowOut-B,Farming,Pangasius,Winter,15.0,Cold,0.0,7.2,0.02,11.9,0,10430,7.1,50.9,707,729,211,112017,-1940,Low,No
2022-02-24,GrowOut-B,Farming,Pangasius,Winter,17.9,Cloudy,0.0,7.5,0.02,10.8,0,10430,8.8,62.9,991,571,212,139082,-1666,Low,No
2022-02-25,GrowOut-B,Farming,Pangasius,Winter,16.7,Cold,0.0,6.9,0.03,11.0,0,10430,9.7,68.1,1037,780,206,146318,-1777,Low,No
2022-02-26,GrowOut-B,Farming,Pangasius,Winter,17.4,Sunny,0.0,7.2,0.04,10.8,0,10430,13.0,95.7,1457,760,213,212606,-1909,Low,No
2022-02-27,GrowOut-B,Farming,Pangasius,Winter,16.7,Cold,0.0,7.3,0.02,11.4,0,10430,9.2,67.5,958,883,205,144325,-2099,Low,No
2022-02-28,GrowOut-B,Farming,Pangasius,Winter,16.7,Cloudy,0.0,7.4,0.0,11.8,0,10430,8.7,64.5,980,527,204,137238,-1528,Low,No
2022-03-01,GrowOut-B,Farming,Pangasius,Spring,20.3,Cloudy,0.0,7.4,0.04,11.0,0,10430,18.3,90.8,1739,843,215,203614,-2905,Low,No
2022-03-02,GrowOut-B,Farming,Pangasius,Spring,19.4,Sunny,0.0,7.1,0.06,10.8,1,10429,12.2,88.4,1363,686,214,197311,-1180,Low,No
2022-03-03,GrowOut-B,Farming,Pangasius,Spring,18.2,Sunny,0.0,7.2,0.03,10.5,1,10428,10.3,69.0,1048,671,205,147518,-1108,Low,No
2022-03-04,GrowOut-B,Farming,Pangasius,Spring,17.4,Cloudy,0.0,7.6,0.02,11.0,1,10427,14.3,102.8,1490,822,212,227264,-1463,Low,No
2022-03-05,GrowOut-B,Farming,Pangasius,Spring,18.1,Cloudy,0.0,7.9,0.02,11.2,0,10427,13.7,104.7,1549,718,207,225983,-1929,Low,No
2022-03-06,GrowOut-B,Farming,Pangasius,Spring,17.2,Sunny,0.0,7.6,0.03,11.5,0,10427,15.0,106.7,1719,835,209,232525,-1578,Low,No
2022-03-07,GrowOut-B,Farming,Pangasius,Spring,17.6,Cloudy,0.0,7.6,0.04,11.5,0,10427,12.8,91.4,1406,888,214,203948,-2364,Low,No
2022-03-08,GrowOut-B,Farming,Pangasius,Spring,19.2,Sunny,0.0,7.6,0.04,10.4,2,10425,11.4,85.7,1229,884,208,185868,-2209,Low,No
2022-03-09,GrowOut-B,Farming,Pangasius,Spring,19.8,Cloudy,0.0,7.4,0.04,10.7,1,10424,17.1,118.0,1952,687,210,258332,-1206,Low,No
2022-03-10,GrowOut-B,Farming,Pangasius,Spring,18.6,Partly Cloudy,0.0,7.5,0.03,10.7,0,10424,18.7,127.0,1933,897,218,288599,-2672,Low,No
2022-03-11,GrowOut-B,Farming,Pangasius,Spring,18.3,Cloudy,0.0,7.5,0.02,11.4,0,10424,14.4,99.4,1544,645,211,218627,-1768,Low,No
2022-03-12,GrowOut-B,Farming,Pangasius,Spring,20.1,Partly Cloudy,0.0,7.0,0.02,10.5,1,10423,18.7,104.3,1963,758,210,228317,-2081,Low,No
2022-03-13,GrowOut-B,Farming,Pangasius,Spring,19.5,Cloudy,0.0,7.5,0.04,9.7,1,10422,19.0,143.3,2057,587,221,330089,-2660,Low,No
2022-03-14,GrowOut-B,Farming,Pangasius,Spring,19.7,Partly Cloudy,0.0,7.4,0.03,11.1,1,10421,13.1,100.1,1319,717,218,227427,-1285,Low,No
2022-03-15,GrowOut-B,Farming,Pangasius,Spring,19.7,Sunny,0.0,7.7,0.04,9.9,1,10420,18.1,126.5,1720,563,209,275516,-871,Low,No
2022-03-16,GrowOut-B,Farming,Pangasius,Spring,20.3,Cloudy,0.0,7.4,0.04,10.2,0,10420,20.0,108.3,1962,489,217,244881,-2439,Low,No
2022-03-17,GrowOut-B,Farming,Pangasius,Spring,21.5,Cloudy,0.0,7.7,0.07,10.4,1,10419,23.2,128.7,2241,548,213,285645,-1322,Low,No
2022-03-18,GrowOut-B,Farming,Pangasius,Spring,19.8,Sunny,0.0,7.1,0.03,10.4,0,10419,19.5,142.4,2017,885,207,307119,-975,Low,No
2022-03-19,GrowOut-B,Farming,Pangasius,Spring,18.8,Partly Cloudy,0.0,7.4,0.0,10.5,0,10419,15.8,116.3,1639,844,209,253252,-2228,Low,No
2022-03-20,GrowOut-B,Farming,Pangasius,Spring,20.4,Cloudy,0.0,7.9,0.04,11.6,2,10417,23.2,126.1,2397,540,212,278533,-3004,Low,No
2022-03-21,GrowOut-B,Farming,Pangasius,Spring,17.9,Sunny,0.0,7.6,0.05,11.0,3,10414,21.4,147.2,2111,802,213,326610,-2641,Low,No
2022-03-22,GrowOut-B,Farming,Pangasius,Spring,19.4,Sunny,0.0,7.5,0.05,10.4,0,10414,20.8,152.4,2186,758,216,342812,-2043,Low,No
2022-03-23,GrowOut-B,Farming,Pangasius,Spring,18.7,Partly Cloudy,0.0,7.2,0.01,10.8,1,10413,21.1,141.3,2199,861,209,307543,-918,Low,No
2022-03-24,GrowOut-B,Farming,Pangasius,Spring,20.7,Partly Cloudy,0.0,7.6,0.07,9.8,1,10412,26.4,142.5,2987,804,214,317544,-3129,Low,No
2022-03-25,GrowOut-B,Farming,Pangasius,Spring,20.7,Sunny,0.0,7.2,0.06,10.2,0,10412,32.2,162.5,3624,474,226,382381,-3730,Low,No
2022-03-26,GrowOut-B,Farming,Pangasius,Spring,20.2,Partly Cloudy,0.0,7.2,0.05,10.2,1,10411,29.8,159.3,3286,683,216,358264,-4533,Low,No
2022-03-27,GrowOut-B,Farming,Pangasius,Spring,22.2,Sunny,0.0,7.6,0.08,9.8,0,10411,28.5,151.8,2769,717,216,341364,-3491,Low,No
2022-03-28,GrowOut-B,Farming,Pangasius,Spring,20.7,Partly Cloudy,0.0,7.5,0.06,10.2,0,10411,31.6,173.7,3079,713,207,374337,-2203,Low,No
2022-03-29,GrowOut-B,Farming,Pangasius,Spring,21.1,Sunny,0.0,7.5,0.04,9.9,0,10411,31.8,183.1,3378,885,205,390782,-3600,Low,No
2022-03-30,GrowOut-B,Farming,Pangasius,Spring,21.4,Cloudy,0.0,7.6,0.07,10.9,2,10409,33.9,184.8,3646,774,217,417498,-5143,Low,No
2022-03-31,GrowOut-B,Farming,Pangasius,Spring,20.2,Partly Cloudy,0.0,7.3,0.04,10.3,3,10406,31.0,169.1,2987,519,218,383715,-3898,Low,No
2022-04-01,GrowOut-B,Farming,Pangasius,Spring,24.3,Sunny,0.0,7.5,0.07,9.4,0,10406,33.3,174.3,3180,678,217,393587,-3911,Low,No
2022-04-02,GrowOut-B,Farming,Pangasius,Spring,19.4,Sunny,0.0,7.5,0.05,10.2,0,10406,21.7,153.7,2141,556,209,334275,-2151,Low,No
2022-04-03,GrowOut-B,Farming,Pangasius,Spring,20.9,Cloudy,0.0,7.1,0.06,10.5,0,10406,35.9,188.6,3854,645,210,412140,-4875,Low,No
2022-04-04,GrowOut-B,Farming,Pangasius,Spring,22.8,Sunny,0.0,7.6,0.07,9.8,1,10405,34.4,225.6,3385,784,206,483604,-3766,Low,No
2022-04-05,GrowOut-B,Farming,Pangasius,Spring,22.3,Partly Cloudy,0.0,7.1,0.06,9.5,3,10402,35.5,186.3,4053,672,216,418706,-4383,Low,No
2022-04-06,GrowOut-B,Farming,Pangasius,Spring,26.3,Partly Cloudy,0.0,7.6,0.07,9.0,0,10402,37.7,255.4,3896,641,222,589781,-3005,Low,No
2022-04-07,GrowOut-B,Farming,Pangasius,Spring,23.4,Sunny,0.0,7.3,0.25,7.5,16,10386,36.6,221.4,4131,729,211,485934,-1528,Low,No
2022-04-08,GrowOut-B,Farming,Pangasius,Spring,21.8,Partly Cloudy,0.0,7.4,0.09,10.1,0,10386,39.8,244.2,4357,575,220,557977,-3339,Low,No
2022-04-09,GrowOut-B,Farming,Pangasius,Spring,22.5,Cloudy,0.0,6.9,0.07,9.8,2,10384,33.4,183.1,3524,681,226,429779,-2180,Low,No
2022-04-10,GrowOut-B,Farming,Pangasius,Spring,21.5,Partly Cloudy,0.0,7.1,0.04,10.3,0,10384,34.5,207.9,3595,836,210,453355,-3437,Low,No
2022-04-11,GrowOut-B,Farming,Pangasius,Spring,21.3,Cloudy,0.0,7.9,0.06,10.2,0,10384,37.2,190.3,4216,740,213,420904,-2284,Low,No
2022-04-12,GrowOut-B,Farming,Pangasius,Spring,21.1,Cloudy,0.0,7.6,0.05,9.9,2,10382,34.6,229.7,3929,799,218,519975,-4002,Low,No
2022-04-13,GrowOut-B,Farming,Pangasius,Spring,24.8,Cloudy,0.0,7.3,0.06,9.2,1,10381,38.1,229.7,3885,728,225,536568,-4436,Low,No
2022-04-14,GrowOut-B,Farming,Pangasius,Spring,21.1,Sunny,0.0,7.8,0.06,9.7,2,10379,35.7,232.2,3460,498,214,515840,-2145,Low,No
2022-04-15,GrowOut-B,Farming,Pangasius,Spring,21.9,Partly Cloudy,0.0,7.7,0.07,10.0,0,10379,38.7,237.4,4302,780,212,522363,-4616,Low,No
2022-04-16,GrowOut-B,Farming,Pangasius,Spring,23.5,Sunny,0.0,7.7,0.1,9.2,1,10378,44.7,277.1,5117,865,219,629849,-2917,Low,No
2022-04-17,GrowOut-B,Farming,Pangasius,Spring,23.7,Sunny,0.0,7.3,0.07,9.8,1,10377,33.7,204.1,3499,618,221,468111,-1740,Low,No
2022-04-18,GrowOut-B,Farming,Pangasius,Spring,23.7,Sunny,0.0,7.9,0.06,9.6,0,10377,38.5,254.4,3948,895,217,572860,-2826,Low,No
2022-04-19,GrowOut-B,Farming,Pangasius,Spring,24.0,Sunny,0.0,7.5,0.05,10.0,0,10377,35.9,247.4,3616,541,210,539127,-2345,Low,No
2022-04-20,GrowOut-B,Farming,Pangasius,Spring,23.5,Cloudy,0.0,7.2,0.1,9.4,0,10377,47.4,291.9,5055,733,226,684564,-5526,Low,No
2022-04-21,GrowOut-B,Farming,Pangasius,Spring,24.0,Sunny,0.0,7.8,0.06,9.8,0,10377,50.8,307.4,5191,634,210,669877,-1860,Low,No
2022-04-22,GrowOut-B,Farming,Pangasius,Spring,24.1,Partly Cloudy,0.0,7.2,0.07,9.7,1,10376,38.1,240.4,4314,739,215,536346,-4511,Low,No
2022-04-23,GrowOut-B,Farming,Pangasius,Spring,22.4,Sunny,0.0,7.7,0.07,10.1,2,10374,43.7,265.1,4459,728,218,599648,-1777,Low,No
2022-04-24,GrowOut-B,Farming,Pangasius,Spring,23.8,Sunny,0.0,7.8,0.1,9.4,1,10373,46.4,290.4,5219,706,216,650724,-2040,Low,No
2022-04-25,GrowOut-B,Farming,Pangasius,Spring,24.0,Partly Cloudy,0.0,7.4,0.06,9.1,0,10373,41.2,258.0,3956,693,219,586095,-3367,Low,No
2022-04-26,GrowOut-B,Farming,Pangasius,Spring,26.0,Partly Cloudy,0.0,7.3,0.11,9.5,2,10371,62.9,386.8,6860,481,218,874676,-6592,Low,No
2022-04-27,GrowOut-B,Farming,Pangasius,Spring,25.0,Partly Cloudy,0.0,7.7,0.08,9.2,0,10371,37.3,260.2,4180,869,221,596376,-3861,Low,No
2022-04-28,GrowOut-B,Farming,Pangasius,Spring,25.7,Cloudy,0.0,7.0,0.09,9.1,0,10371,45.2,277.1,4394,662,214,614994,-1340,Low,No
2022-04-29,GrowOut-B,Farming,Pangasius,Spring,26.4,Cloudy,0.0,7.1,0.09,9.1,2,10369,44.4,285.2,4450,601,217,641845,-5125,Low,No
2022-04-30,GrowOut-B,Farming,Pangasius,Spring,25.6,Sunny,0.0,6.9,0.09,9.7,2,10367,52.3,341.6,5935,749,213,754457,-6699,Low,No
2022-05-01,GrowOut-B,Farming,Pangasius,Spring,24.0,Partly Cloudy,0.0,7.4,0.06,9.5,0,10367,43.8,266.0,4953,766,219,603919,-2684,Low,No
2022-05-02,GrowOut-B,Farming,Pangasius,Spring,26.2,Partly Cloudy,0.0,7.6,0.11,8.8,2,10365,63.8,421.8,6824,726,214,935779,-1083,Low,No
2022-05-03,GrowOut-B,Farming,Pangasius,Spring,26.7,Partly Cloudy,0.0,7.4,0.13,9.5,0,10365,63.0,424.5,6038,466,218,959187,-4751,Low,No
2022-05-04,GrowOut-B,Farming,Pangasius,Spring,24.9,Partly Cloudy,0.0,7.6,0.09,9.4,1,10364,51.1,349.4,5723,887,216,782251,-949,Low,No
2022-05-05,GrowOut-B,Farming,Pangasius,Spring,26.5,Sunny,0.0,7.3,0.13,9.5,0,10364,63.9,430.2,6753,837,220,980890,-2813,Low,No
2022-05-06,GrowOut-B,Farming,Pangasius,Spring,25.5,Sunny,0.0,7.4,0.09,9.2,2,10362,62.3,372.8,6873,763,208,803649,-3527,Low,No
2022-05-07,GrowOut-B,Farming,Pangasius,Spring,26.6,Cloudy,0.0,7.2,0.09,8.6,1,10361,53.6,349.1,6054,892,211,763266,-4879,Low,No
2022-05-08,GrowOut-B,Farming,Pangasius,Spring,26.3,Partly Cloudy,0.0,7.3,0.07,8.4,1,10360,61.1,375.9,6088,715,215,837360,-3976,Low,No
2022-05-09,GrowOut-B,Farming,Pangasius,Spring,27.5,Cloudy,0.0,7.7,0.09,8.9,2,10358,66.5,419.5,6337,774,217,943086,-6824,Low,No
2022-05-10,GrowOut-B,Farming,Pangasius,Spring,27.5,Sunny,0.0,7.2,0.1,9.3,1,10357,55.6,362.9,5331,607,218,819444,-881,Low,No
2022-05-11,GrowOut-B,Farming,Pangasius,Spring,27.1,Partly Cloudy,0.0,6.9,0.11,9.2,1,10356,58.0,378.2,6273,745,212,830408,-5011,Low,No
2022-05-12,GrowOut-B,Farming,Pangasius,Spring,25.5,Cloudy,0.0,7.2,0.11,10.1,2,10354,56.4,345.9,6276,854,213,762996,-6269,Low,No
2022-05-13,GrowOut-B,Farming,Pangasius,Spring,24.2,Cloudy,0.0,7.7,0.08,9.2,1,10353,53.9,366.6,5715,841,212,804705,-3234,Low,No
2022-05-14,GrowOut-B,Farming,Pangasius,Spring,26.5,Partly Cloudy,0.0,7.6,0.11,9.1,1,10352,66.1,402.3,6417,606,212,882983,-2399,Low,No
2022-05-15,GrowOut-B,Farming,Pangasius,Spring,27.8,Cloudy,0.0,7.6,0.11,8.7,1,10351,67.9,447.6,7689,829,214,991581,-6659,Medium,No
2022-05-16,GrowOut-B,Farming,Pangasius,Spring,27.1,Cloudy,0.0,7.7,0.1,9.1,0,10351,72.4,460.1,7928,805,217,1033461,-861,Medium,No
2022-05-17,GrowOut-B,Farming,Pangasius,Spring,29.0,Cloudy,0.0,7.6,0.13,8.6,2,10349,72.4,487.3,8258,460,214,1079425,-8440,Medium,No
2022-05-18,GrowOut-B,Farming,Pangasius,Spring,27.8,Partly Cloudy,0.0,7.3,0.07,8.6,2,10347,68.1,471.4,7784,477,214,1044003,-3836,Medium,No
2022-05-19,GrowOut-B,Farming,Pangasius,Spring,26.9,Partly Cloudy,0.0,7.1,0.12,9.2,2,10345,60.3,394.5,6264,551,216,881689,-5383,Low,No
2022-05-20,GrowOut-B,Farming,Pangasius,Spring,27.4,Partly Cloudy,0.0,7.4,0.1,8.9,1,10344,82.1,491.3,7851,793,215,1092737,-8511,Medium,No
2022-05-21,GrowOut-B,Farming,Pangasius,Spring,26.4,Cloudy,0.0,7.5,0.13,9.1,2,10342,85.5,512.9,9539,568,215,1140669,-5219,Medium,No
2022-05-22,GrowOut-B,Farming,Pangasius,Spring,27.2,Sunny,0.0,6.9,0.15,8.5,0,10342,77.0,475.7,7983,642,217,1067573,-1564,Medium,No
2022-05-23,GrowOut-B,Farming,Pangasius,Spring,27.6,Sunny,0.0,7.7,0.15,9.3,0,10342,84.4,556.3,9626,870,212,1219690,-2440,Medium,No
2022-05-24,GrowOut-B,Farming,Pangasius,Spring,28.5,Cloudy,0.0,7.7,0.16,8.6,1,10341,84.2,527.9,8956,684,211,1151963,-1110,Medium,No
2022-05-25,GrowOut-B,Farming,Pangasius,Spring,27.7,Partly Cloudy,0.0,7.4,0.13,9.3,1,10340,89.9,578.3,8778,457,217,1297703,-2755,Medium,No
2022-05-26,GrowOut-B,Farming,Pangasius,Spring,28.5,Partly Cloudy,0.0,7.4,0.1,8.8,1,10339,67.8,473.8,7177,602,215,1053305,-7045,Medium,No
2022-05-27,GrowOut-B,Farming,Pangasius,Spring,29.9,Partly Cloudy,0.0,7.2,0.13,8.5,1,10338,82.1,547.4,9084,815,218,1233786,-9381,Medium,No
2022-05-28,GrowOut-B,Farming,Pangasius,Spring,30.0,Partly Cloudy,0.0,7.8,0.16,7.9,0,10338,99.5,608.0,9979,530,218,1370240,-9646,Medium,No
2022-05-29,GrowOut-B,Farming,Pangasius,Spring,28.9,Sunny,0.0,7.3,0.14,8.4,0,10338,85.0,561.7,8891,830,221,1283315,-5190,Medium,No
2022-05-30,GrowOut-B,Farming,Pangasius,Spring,30.9,Sunny,0.0,7.8,0.14,7.5,0,10338,84.3,576.9,8538,479,216,1288222,-5786,Medium,No
2022-05-31,GrowOut-B,Farming,Pangasius,Spring,29.5,Partly Cloudy,0.5,8.0,0.13,8.2,1,10337,82.3,541.6,8193,529,215,1203798,-3403,Medium,No
2022-06-01,GrowOut-B,Farming,Pangasius,Monsoon,29.5,Sunny,0.2,7.3,0.1,8.6,1,10336,84.9,543.7,8378,678,207,1163387,-3820,Medium,No
2022-06-02,GrowOut-B,Farming,Pangasius,Monsoon,29.6,Sunny,1.2,7.0,0.15,8.5,1,10335,99.2,623.6,11312,896,220,1418017,-9433,Medium,No
2022-06-03,GrowOut-B,Farming,Pangasius,Monsoon,29.3,Cloudy,0.5,7.8,0.18,8.7,0,10335,104.1,699.0,11015,470,202,1459281,-6893,Medium,No
2022-06-04,GrowOut-B,Farming,Pangasius,Monsoon,29.0,Sunny,1.1,7.4,0.16,8.5,0,10335,103.5,632.7,9993,542,212,1386258,-6329,Medium,No
2022-06-05,GrowOut-B,Farming,Pangasius,Monsoon,30.6,Hot,1.0,7.5,0.14,8.4,1,10334,81.5,530.3,8204,461,206,1129014,-2128,Medium,No
2022-06-06,GrowOut-B,Farming,Pangasius,Monsoon,28.8,Partly Cloudy,0.7,7.8,0.15,8.3,0,10334,99.2,745.7,10167,874,221,1703040,-2425,Medium,No
2022-06-07,GrowOut-B,Farming,Pangasius,Monsoon,29.8,Sunny,0.2,7.5,0.15,7.7,0,10334,96.9,617.8,9496,716,222,1417325,-3060,Medium,No
2022-06-08,GrowOut-B,Farming,Pangasius,Monsoon,31.9,Hot,1.3,7.5,0.13,8.1,2,10332,82.6,707.2,8687,712,225,1644346,2512,Medium,No
2022-06-09,GrowOut-B,Farming,Pangasius,Monsoon,29.6,Partly Cloudy,3.0,7.7,0.16,8.6,0,10332,90.6,765.2,9923,621,222,1755142,-8689,Medium,No
2022-06-10,GrowOut-B,Farming,Pangasius,Monsoon,31.2,Sunny,3.1,7.8,0.19,8.1,0,10332,103.9,824.4,11045,899,217,1848341,-3847,Medium,No
2022-06-11,GrowOut-B,Farming,Pangasius,Monsoon,28.1,Partly Cloudy,1.6,7.9,0.13,8.3,1,10331,96.7,677.6,10885,809,214,1498206,-6063,Medium,No
2022-06-12,GrowOut-B,Farming,Pangasius,Monsoon,30.0,Cloudy,0.3,7.4,0.16,7.7,4,10327,90.6,717.4,8960,709,213,1578641,-6526,Medium,No
2022-06-13,GrowOut-B,Farming,Pangasius,Monsoon,28.8,Sunny,0.8,7.1,0.16,8.3,1,10326,99.1,754.2,9872,592,218,1697920,-8589,Medium,No
2022-06-14,GrowOut-B,Farming,Pangasius,Monsoon,31.3,Sunny,0.6,7.5,0.15,8.4,0,10326,87.5,709.8,9030,486,205,1502526,-3468,Medium,No
2022-06-15,GrowOut-B,Farming,Pangasius,Monsoon,28.7,Cloudy,10.1,7.4,0.13,8.8,0,10326,84.1,735.8,8745,638,214,1625944,882,Medium,No
2022-06-16,GrowOut-B,Farming,Pangasius,Monsoon,31.9,Sunny,0.7,7.7,0.17,8.3,2,10324,101.0,880.0,11432,753,214,1944592,-9241,Medium,No
2022-06-17,GrowOut-B,Farming,Pangasius,Monsoon,31.0,Cloudy,5.1,7.3,0.16,8.2,4,10320,111.0,851.1,10807,634,209,1836432,2318,Medium,No
2022-06-18,GrowOut-B,Farming,Pangasius,Monsoon,29.6,Cloudy,2.8,7.4,0.17,8.8,1,10319,92.8,735.5,9184,531,215,1631927,-8570,Medium,No
2022-06-19,GrowOut-B,Farming,Pangasius,Monsoon,31.3,Sunny,1.8,7.1,0.17,8.5,2,10317,87.0,758.9,9503,661,224,1754164,-7161,Medium,No
2022-06-20,GrowOut-B,Farming,Pangasius,Monsoon,30.6,Sunny,1.8,7.5,0.19,8.4,2,10315,113.5,872.4,11161,483,211,1899116,1052,Medium,No
2022-06-21,GrowOut-B,Farming,Pangasius,Monsoon,29.9,Cloudy,5.4,7.7,0.18,8.3,3,10312,106.6,885.1,10985,701,215,1962908,-6621,Medium,No
2022-06-22,GrowOut-B,Farming,Pangasius,Monsoon,30.9,Cloudy,12.3,7.5,0.19,8.0,0,10312,117.8,923.2,12585,727,210,1999208,-11619,High,No
2022-06-23,GrowOut-B,Farming,Pangasius,Monsoon,30.8,Hot,3.2,7.5,0.19,8.9,1,10311,125.1,948.2,13463,783,217,2121791,-8474,High,No
2022-06-24,GrowOut-B,Farming,Pangasius,Monsoon,31.1,Hot,2.7,7.3,0.2,7.9,1,10310,109.7,893.3,12009,715,217,1998747,1340,Medium,No
2022-06-25,GrowOut-B,Farming,Pangasius,Monsoon,31.3,Rainy,5.9,7.1,0.32,5.1,18,10292,90.9,720.5,9460,594,215,1597096,-3150,Medium,No
2022-06-26,GrowOut-B,Farming,Pangasius,Monsoon,31.6,Cloudy,14.3,7.5,0.17,8.2,1,10291,119.3,982.2,12043,604,211,2132957,-3562,High,No
2022-06-27,GrowOut-B,Farming,Pangasius,Monsoon,32.0,Hot,4.8,7.1,0.17,8.0,3,10288,98.9,775.1,10893,879,214,1706983,-581,Medium,No
2022-06-28,GrowOut-B,Farming,Pangasius,Monsoon,31.5,Sunny,3.4,7.0,0.18,8.0,2,10286,106.8,854.4,12025,591,207,1819544,-7724,Medium,No
2022-06-29,GrowOut-B,Farming,Pangasius,Monsoon,28.4,Sunny,2.5,7.0,0.17,9.0,0,10286,89.6,743.6,8913,526,205,1567977,1040,Medium,No
2022-06-30,GrowOut-B,Farming,Pangasius,Monsoon,31.5,Sunny,4.7,7.6,0.21,7.9,1,10285,114.8,1000.2,11230,543,212,2181068,-2883,High,No
2022-07-01,GrowOut-B,Farming,Pangasius,Monsoon,32.2,Sunny,4.8,7.7,0.15,8.3,0,10285,84.4,718.2,9638,693,212,1565978,-7644,Medium,No
2022-07-02,GrowOut-B,Farming,Pangasius,Monsoon,34.3,Hot,4.0,7.4,0.21,8.3,0,10285,124.2,992.9,12304,874,217,2215999,-5130,High,No
2022-07-03,GrowOut-B,Farming,Pangasius,Monsoon,31.7,Hot,4.5,7.1,0.16,8.0,3,10282,110.7,910.1,11170,499,204,1909517,1604,Medium,No
2022-07-04,GrowOut-B,Farming,Pangasius,Monsoon,30.9,Rainy,8.9,7.9,0.16,8.3,0,10282,111.5,875.1,11179,839,213,1916527,-771,Medium,No
2022-07-05,GrowOut-B,Farming,Pangasius,Monsoon,30.4,Rainy,16.5,7.6,0.2,8.7,0,10282,139.2,1055.6,15296,550,218,2366102,-8338,High,No
2022-07-06,GrowOut-B,Farming,Pangasius,Monsoon,34.5,Cloudy,14.7,7.2,0.16,6.7,0,10282,106.6,847.1,11220,800,213,1855205,-2154,Medium,No
2022-07-07,GrowOut-B,Farming,Pangasius,Monsoon,33.0,Rainy,6.6,7.6,0.2,7.8,0,10282,107.5,899.3,11920,593,210,1941787,-4045,Medium,No
2022-07-08,GrowOut-B,Farming,Pangasius,Monsoon,30.6,Sunny,2.3,7.3,0.21,8.3,0,10282,128.5,1075.6,12839,714,225,2488347,4271,High,No
2022-07-09,GrowOut-B,Farming,Pangasius,Monsoon,30.5,Sunny,4.1,7.5,0.18,8.2,2,10280,98.2,852.6,10927,780,210,1840951,-8657,Medium,No
2022-07-10,GrowOut-B,Farming,Pangasius,Monsoon,32.2,Sunny,4.1,7.8,0.23,8.3,0,10280,139.6,1095.8,15354,451,216,2433202,-5282,High,No
2022-07-11,GrowOut-B,Farming,Pangasius,Monsoon,30.9,Rainy,9.2,7.6,0.21,8.2,0,10280,119.3,1027.8,12975,726,207,2187117,-3420,High,No
2022-07-12,GrowOut-B,Farming,Pangasius,Monsoon,32.2,Hot,4.8,7.2,0.22,7.7,0,10280,122.8,965.9,12108,585,214,2124903,2011,High,No
2022-07-13,GrowOut-B,Farming,Pangasius,Monsoon,31.9,Hot,4.9,7.3,0.19,7.4,2,10278,110.4,957.4,11808,695,206,2027467,-9608,High,No
2022-07-14,GrowOut-B,Farming,Pangasius,Monsoon,32.7,Rainy,6.1,7.8,0.22,9.0,0,10278,131.7,1143.1,14524,639,216,2537737,-7502,High,No
2022-07-15,GrowOut-B,Farming,Pangasius,Monsoon,34.1,Cloudy,6.4,7.4,0.17,7.9,2,10276,98.5,837.7,9986,501,205,1765026,-4717,Medium,No
2022-07-16,GrowOut-B,Farming,Pangasius,Monsoon,32.2,Rainy,9.4,7.3,0.21,7.4,0,10276,144.8,1094.2,16086,670,207,2327508,-3853,High,No
2022-07-17,GrowOut-B,Farming,Pangasius,Monsoon,33.0,Sunny,3.4,7.0,0.15,8.0,0,10276,120.1,927.0,13547,802,213,2029006,-4596,High,No
2022-07-18,GrowOut-B,Farming,Pangasius,Monsoon,31.7,Cloudy,8.8,7.7,0.22,8.5,1,10275,122.7,923.1,12617,649,212,2010984,-8193,Medium,No
2022-07-19,GrowOut-B,Farming,Pangasius,Monsoon,31.2,Sunny,3.5,7.3,0.19,8.3,2,10273,118.8,933.7,12093,818,210,2014691,-5098,High,No
2022-07-20,GrowOut-B,Farming,Pangasius,Monsoon,30.3,Rainy,5.1,7.4,0.21,7.9,0,10273,132.1,1044.9,13094,731,213,2286397,2788,High,No
2022-07-21,GrowOut-B,Farming,Pangasius,Monsoon,34.5,Hot,1.4,7.6,0.2,7.6,0,10273,104.7,892.8,11936,460,210,1926064,-9841,Medium,No
2022-07-22,GrowOut-B,Farming,Pangasius,Monsoon,31.2,Cloudy,5.5,7.2,0.22,8.3,0,10273,156.5,1197.9,16598,745,207,2547348,-11774,High,No
2022-07-23,GrowOut-B,Farming,Pangasius,Monsoon,29.8,Rainy,12.2,6.9,0.25,8.3,1,10272,145.7,1176.2,14994,773,205,2477036,107,High,No
2022-07-24,GrowOut-B,Farming,Pangasius,Monsoon,32.9,Cloudy,19.2,7.5,0.21,8.6,0,10272,113.1,983.1,12403,873,201,2029779,531,High,No
2022-07-25,GrowOut-B,Farming,Pangasius,Monsoon,32.1,Rainy,10.5,7.5,0.19,8.1,1,10271,121.1,1065.1,11607,577,212,2319430,-6354,High,No
2022-07-26,GrowOut-B,Farming,Pangasius,Monsoon,32.0,Sunny,3.7,7.5,0.17,8.2,2,10269,106.4,884.9,11838,620,215,1954094,-9319,Medium,No
2022-07-27,GrowOut-B,Farming,Pangasius,Monsoon,32.2,Cloudy,7.9,7.0,0.23,7.9,0,10269,145.9,1223.1,15333,767,201,2524563,-7185,High,No
2022-07-28,GrowOut-B,Farming,Pangasius,Monsoon,29.3,Rainy,6.9,7.5,0.21,8.2,1,10268,142.1,1099.4,16111,493,209,2359555,-1955,High,No
2022-07-29,GrowOut-B,Farming,Pangasius,Monsoon,34.2,Rainy,8.4,7.3,0.24,7.6,2,10266,160.8,1230.3,17800,641,209,2640239,-16329,High,No
2022-07-30,GrowOut-B,Farming,Pangasius,Monsoon,30.8,Cloudy,19.6,7.6,0.22,8.3,0,10266,134.6,1079.8,15396,709,206,2283557,-9751,High,No
2022-07-31,GrowOut-B,Farming,Pangasius,Monsoon,33.5,Sunny,4.4,7.5,0.17,7.7,0,10266,122.9,989.8,12360,578,200,2032257,-4239,High,No
2022-08-01,GrowOut-B,Farming,Pangasius,Monsoon,31.6,Rainy,10.6,7.3,0.21,7.8,2,10264,121.5,1062.1,13310,878,209,2278835,-4171,High,No
2022-08-02,GrowOut-B,Farming,Pangasius,Monsoon,30.5,Rainy,16.5,7.2,0.22,8.0,2,10262,139.1,1073.4,13284,797,205,2258562,-6633,High,No
2022-08-03,GrowOut-B,Farming,Pangasius,Monsoon,30.5,Rainy,6.3,8.0,0.21,8.6,0,10262,133.5,1162.0,14844,889,208,2480284,-3812,High,No
2022-08-04,GrowOut-B,Farming,Pangasius,Monsoon,31.2,Rainy,21.2,7.3,0.26,8.3,1,10261,156.9,1281.5,15690,514,209,2748507,1838,High,No
2022-08-05,GrowOut-B,Farming,Pangasius,Monsoon,32.7,Rainy,10.5,7.7,0.2,7.6,0,10261,116.2,933.7,11996,783,198,1896978,-9936,High,No
2022-08-06,GrowOut-B,Farming,Pangasius,Monsoon,31.2,Hot,4.7,7.7,0.22,8.0,0,10261,141.9,1215.8,15954,571,213,2657244,-238,High,No
2022-08-07,GrowOut-B,Farming,Pangasius,Monsoon,33.5,Cloudy,8.4,7.0,0.24,7.3,0,10261,154.2,1163.3,16660,595,217,2590247,-6832,High,No
2022-08-08,GrowOut-B,Farming,Pangasius,Monsoon,30.6,Rainy,10.5,7.1,0.28,8.6,1,10260,163.9,1318.1,15825,507,203,2745580,-10684,High,No
2022-08-09,GrowOut-B,Farming,Pangasius,Monsoon,31.7,Rainy,19.3,7.9,0.2,8.5,0,10260,117.0,1019.7,13389,468,205,2144735,-4912,High,No
2022-08-10,GrowOut-B,Farming,Pangasius,Monsoon,33.4,Hot,4.7,7.2,0.19,7.6,0,10260,122.5,1018.7,12662,454,206,2153084,-4720,High,No
2022-08-11,GrowOut-B,Farming,Pangasius,Monsoon,32.8,Hot,3.3,7.5,0.28,7.8,1,10259,166.4,1268.0,16710,595,208,2706013,-8670,High,No
2022-08-12,GrowOut-B,Farming,Pangasius,Monsoon,31.1,Rainy,8.6,7.0,0.2,8.1,0,10259,126.2,1025.8,12505,726,211,2220497,-6171,High,No
2022-08-13,GrowOut-B,Farming,Pangasius,Monsoon,33.0,Cloudy,15.8,7.2,0.24,7.4,0,10259,154.8,1169.4,15728,786,207,2483353,1026,High,No
2022-08-14,GrowOut-B,Farming,Pangasius,Monsoon,31.9,Rainy,5.8,7.1,0.27,7.6,1,10258,145.1,1205.7,13813,637,208,2572809,-3757,High,No
2022-08-15,GrowOut-B,Farming,Pangasius,Monsoon,30.9,Rainy,9.2,7.2,0.22,7.9,0,10258,143.4,1107.9,15614,692,199,2261603,-13083,High,No
2022-08-16,GrowOut-B,Farming,Pangasius,Monsoon,31.3,Cloudy,12.3,7.4,0.22,7.8,3,10255,148.0,1244.9,15944,848,210,2681739,-2859,High,No
2022-08-17,GrowOut-B,Farming,Pangasius,Monsoon,30.4,Rainy,13.1,7.5,0.22,8.6,0,10255,140.3,1091.7,15764,713,202,2261467,-8914,High,No
2022-08-18,GrowOut-B,Farming,Pangasius,Monsoon,30.3,Cloudy,15.4,6.7,0.24,8.4,0,10255,169.2,1370.1,18245,541,201,2824125,-13755,High,No
2022-08-19,GrowOut-B,Farming,Pangasius,Monsoon,32.7,Cloudy,38.4,7.4,0.21,7.7,2,10253,141.3,1089.6,15016,507,205,2290639,-4549,High,No
2022-08-20,GrowOut-B,Farming,Pangasius,Monsoon,32.3,Hot,2.9,7.2,0.22,7.1,0,10253,140.7,1133.8,15033,575,211,2452844,-1522,High,No
2022-08-21,GrowOut-B,Farming,Pangasius,Monsoon,31.3,Cloudy,6.5,7.1,0.31,6.2,10,10243,125.9,1100.0,14301,727,202,2278217,-10467,High,No
2022-08-22,GrowOut-B,Farming,Pangasius,Monsoon,32.1,Rainy,8.8,6.8,0.23,7.9,0,10243,141.9,1151.0,13629,680,204,2405097,-5392,High,No
2022-08-23,GrowOut-B,Farming,Pangasius,Monsoon,30.7,Cloudy,9.5,7.5,0.26,8.2,0,10243,144.7,1160.2,14086,702,198,2353018,-274,High,No
2022-08-24,GrowOut-B,Farming,Pangasius,Monsoon,31.0,Cloudy,16.7,7.3,0.24,7.8,1,10242,153.9,1171.7,15596,485,211,2532364,562,High,No
2022-08-25,GrowOut-B,Farming,Pangasius,Monsoon,31.7,Rainy,9.3,7.2,0.28,7.8,1,10241,170.5,1452.1,18623,828,203,3019099,-7871,High,No
2022-08-26,GrowOut-B,Farming,Pangasius,Monsoon,29.4,Cloudy,6.3,7.4,0.22,8.0,0,10241,160.3,1271.5,16624,607,206,2682415,1490,High,No
2022-08-27,GrowOut-B,Farming,Pangasius,Monsoon,29.2,Partly Cloudy,5.0,7.8,0.26,7.6,2,10239,165.8,1282.1,17157,728,200,2625997,1987,High,No
2022-08-28,GrowOut-B,Farming,Pangasius,Monsoon,29.7,Rainy,11.4,7.0,0.24,9.0,0,10239,148.6,1163.9,16339,455,207,2466855,-8746,High,No
2022-08-29,GrowOut-B,Farming,Pangasius,Monsoon,32.1,Rainy,17.5,7.4,0.2,7.3,1,10238,119.6,1036.9,11587,616,201,2133981,-3017,High,No
2022-08-30,GrowOut-B,Farming,Pangasius,Monsoon,29.0,Rainy,9.4,7.5,0.29,8.8,2,10236,158.5,1232.6,15929,665,211,2662685,4384,High,No
2022-08-31,GrowOut-B,Farming,Pangasius,Monsoon,29.1,Cloudy,17.1,7.5,0.22,8.5,0,10236,126.8,1108.2,13497,464,197,2234676,1848,High,No
2022-09-01,GrowOut-B,Farming,Pangasius,Monsoon,29.7,Cloudy,21.3,7.1,0.25,8.0,1,10235,145.1,1232.2,16324,788,198,2497334,-13825,High,No
2022-09-02,GrowOut-B,Farming,Pangasius,Monsoon,32.0,Cloudy,12.4,7.4,0.21,7.6,1,10234,135.8,1054.0,13317,781,200,2157538,-180,High,No
2022-09-03,GrowOut-B,Farming,Pangasius,Monsoon,27.6,Rainy,8.9,7.7,0.2,8.7,2,10232,131.3,1120.8,12621,737,203,2328464,-6171,High,No
2022-09-04,GrowOut-B,Farming,Pangasius,Monsoon,30.4,Cloudy,24.0,7.1,0.3,8.4,3,10229,187.5,1498.0,20115,458,210,3218783,-3270,High,No
2022-09-05,GrowOut-B,Farming,Pangasius,Monsoon,30.9,Cloudy,20.5,7.4,0.3,8.2,1,10228,174.1,1479.9,19974,775,194,2936752,-7773,High,No
2022-09-06,GrowOut-B,Farming,Pangasius,Monsoon,30.4,Cloudy,13.0,7.4,0.24,8.0,0,10228,145.5,1245.5,14001,537,198,2522317,-4140,High,No
2022-09-07,GrowOut-B,Farming,Pangasius,Monsoon,31.4,Cloudy,26.2,7.1,0.21,8.6,0,10228,149.6,1180.9,14345,724,193,2331101,-5395,High,No
2022-09-08,GrowOut-B,Farming,Pangasius,Monsoon,28.4,Heavy Rain,32.9,7.3,0.26,8.5,2,10226,160.9,1257.8,18314,590,198,2547226,-10878,High,No
2022-09-09,GrowOut-B,Farming,Pangasius,Monsoon,30.0,Cloudy,11.9,7.6,0.25,7.4,1,10225,144.5,1271.8,13976,869,197,2562069,-10488,High,No
2022-09-10,GrowOut-B,Farming,Pangasius,Monsoon,30.9,Rainy,24.9,7.4,0.21,8.1,4,10221,143.2,1161.9,14513,732,196,2328564,-639,High,No
2022-09-11,GrowOut-B,Farming,Pangasius,Monsoon,28.5,Sunny,3.6,7.6,0.25,8.3,0,10221,139.7,1101.3,13499,776,197,2217508,-7732,High,No
2022-09-12,GrowOut-B,Farming,Pangasius,Monsoon,28.4,Rainy,5.8,7.6,0.27,8.7,0,10221,155.6,1330.0,15748,621,198,2691598,-10817,High,No
2022-09-13,GrowOut-B,Farming,Pangasius,Monsoon,27.4,Heavy Rain,39.9,7.6,0.24,8.5,2,10219,152.0,1197.7,16979,573,202,2472822,-12417,High,No
2022-09-14,GrowOut-B,Farming,Pangasius,Monsoon,28.1,Cloudy,7.1,7.6,0.21,8.7,1,10218,132.9,1112.7,12871,610,203,2308248,-6108,High,No
2022-09-15,GrowOut-B,Farming,Pangasius,Monsoon,29.3,Cloudy,2.6,7.4,0.28,8.2,0,10218,157.8,1284.6,17159,527,201,2638335,-804,High,No
2022-09-16,GrowOut-B,Farming,Pangasius,Monsoon,27.9,Stormy,26.6,7.8,0.21,8.6,1,10217,118.9,1047.6,13659,645,199,2130171,-943,High,No
2022-09-17,GrowOut-B,Farming,Pangasius,Monsoon,27.5,Cloudy,8.3,7.1,0.21,9.0,4,10213,128.5,1069.8,13502,823,197,2153239,-9131,High,No
2022-09-18,GrowOut-B,Farming,Pangasius,Monsoon,28.2,Rainy,9.6,6.9,0.2,8.4,0,10213,132.7,1109.3,12690,502,201,2277185,-1729,High,No
2022-09-19,GrowOut-B,Farming,Pangasius,Monsoon,28.3,Partly Cloudy,1.2,7.4,0.2,8.5,2,10211,132.2,1061.3,13543,620,205,2222007,1275,High,No
2022-09-20,GrowOut-B,Farming,Pangasius,Monsoon,29.7,Partly Cloudy,5.0,7.9,0.27,7.8,1,10210,168.4,1397.4,18926,454,192,2739619,-8153,High,No
2022-09-21,GrowOut-B,Farming,Pangasius,Monsoon,27.4,Partly Cloudy,1.2,7.5,0.27,7.8,2,10208,152.2,1274.5,17239,588,196,2550478,-6193,High,No
2022-09-22,GrowOut-B,Farming,Pangasius,Monsoon,25.9,Sunny,3.5,7.6,0.2,8.7,0,10208,130.0,1108.8,13893,763,199,2252407,-7055,High,No
2022-09-23,GrowOut-B,Farming,Pangasius,Monsoon,25.8,Rainy,16.7,7.5,0.17,8.8,1,10207,118.8,1042.6,12089,755,187,1990215,-10802,High,No
2022-09-24,GrowOut-B,Farming,Pangasius,Monsoon,27.2,Rainy,12.2,7.2,0.28,9.1,0,10207,174.3,1328.2,18326,639,192,2602932,-12446,High,No
2022-09-25,GrowOut-B,Farming,Pangasius,Monsoon,25.5,Cloudy,21.0,7.3,0.22,8.7,0,10207,144.8,1177.7,14238,585,198,2380115,2828,High,No
2022-09-26,GrowOut-B,Farming,Pangasius,Monsoon,26.0,Rainy,5.6,7.5,0.27,9.5,1,10206,171.2,1352.4,16742,749,198,2733181,2600,High,No
2022-09-27,GrowOut-B,Farming,Pangasius,Monsoon,28.9,Rainy,16.6,7.2,0.24,8.9,0,10206,152.5,1194.9,16932,656,206,2512201,-7345,High,No
2022-09-28,GrowOut-B,Farming,Pangasius,Monsoon,27.7,Rainy,7.0,7.7,0.23,8.0,2,10204,137.3,1100.5,13888,533,199,2235109,-10083,High,No
2022-09-29,GrowOut-B,Farming,Pangasius,Monsoon,24.3,Rainy,22.5,7.7,0.24,9.6,1,10203,152.0,1177.5,16128,799,191,2294905,-7169,High,No
2022-09-30,GrowOut-B,Farming,Pangasius,Monsoon,26.6,Cloudy,15.4,7.6,0.21,9.6,0,10203,129.8,1012.7,13354,546,195,2014853,-3141,High,No
2022-10-01,GrowOut-B,Farming,Pangasius,Autumn,27.7,Cloudy,5.9,7.4,0.25,8.8,2,10201,162.5,1341.5,15749,508,193,2641654,2698,High,No
2022-10-02,GrowOut-B,Farming,Pangasius,Autumn,28.4,Partly Cloudy,2.9,7.5,0.31,8.5,0,10201,175.3,1417.3,19528,779,208,3007238,-5368,High,No
2022-10-03,GrowOut-B,Farming,Pangasius,Autumn,25.9,Cloudy,2.7,7.1,0.18,9.4,0,10201,118.1,970.8,12968,714,195,1931111,-207,High,No
2022-10-04,GrowOut-B,Farming,Pangasius,Autumn,24.8,Rainy,15.8,7.2,0.24,8.8,1,10200,141.7,1234.9,14425,820,194,2443860,-3376,High,No
2022-10-05,GrowOut-B,Farming,Pangasius,Autumn,27.7,Cloudy,11.0,7.6,0.27,8.7,2,10198,177.4,1457.3,17343,535,195,2898570,-9269,High,No
2022-10-06,GrowOut-B,Farming,Pangasius,Autumn,26.8,Rainy,11.6,7.3,0.19,9.1,0,10198,130.7,1126.5,13529,578,190,2182729,-2203,High,No
2022-10-07,GrowOut-B,Farming,Pangasius,Autumn,25.7,Cloudy,6.6,7.4,0.19,9.2,0,10198,115.5,957.7,11947,524,195,1904492,-4568,High,No
2022-10-08,GrowOut-B,Farming,Pangasius,Autumn,24.8,Sunny,4.0,7.1,0.25,9.8,0,10198,128.0,1121.4,13916,496,196,2241463,-6907,High,No
2022-10-09,GrowOut-B,Farming,Pangasius,Autumn,25.7,Rainy,14.7,7.6,0.19,9.2,0,10198,127.8,1041.7,13437,759,195,2071535,-5286,High,No
2022-10-10,GrowOut-B,Farming,Pangasius,Autumn,24.6,Cloudy,7.5,8.0,0.25,9.2,3,10195,124.8,1104.9,12917,784,194,2185947,-2596,High,No
2022-10-11,GrowOut-B,Farming,Pangasius,Autumn,25.5,Cloudy,14.3,7.6,0.22,8.9,3,10192,151.4,1162.7,16539,830,185,2192939,-10770,High,No
2022-10-12,GrowOut-B,Farming,Pangasius,Autumn,23.5,Rainy,9.9,7.5,0.25,9.5,2,10190,159.5,1272.6,16376,754,197,2555157,-14803,High,No
2022-10-13,GrowOut-B,Farming,Pangasius,Autumn,26.4,Cloudy,2.0,7.5,0.24,9.3,0,10190,156.3,1257.5,17389,777,203,2601227,-8311,High,No
2022-10-14,GrowOut-B,Farming,Pangasius,Autumn,23.9,Cloudy,10.7,7.2,0.23,9.8,2,10188,133.7,1021.3,14011,615,198,2060595,15568,High,Yes
2022-10-15,GrowOut-B,Farming,Pangasius,Autumn,25.1,Cloudy,10.4,7.6,0.21,9.3,0,10188,138.8,1055.0,14008,819,193,2074430,7666,High,Yes
2022-10-16,GrowOut-B,Farming,Pangasius,Autumn,23.9,Cloudy,5.3,7.6,0.39,7.1,15,10173,122.4,1054.8,13086,611,185,1988066,14645,High,Yes
2022-10-17,GrowOut-B,Farming,Pangasius,Autumn,23.9,Cloudy,12.0,7.6,0.19,9.2,0,10173,120.9,997.4,11714,777,193,1958284,13923,High,Yes
2022-10-18,GrowOut-B,Farming,Pangasius,Autumn,24.3,Cloudy,15.3,7.6,0.22,9.4,2,10171,130.8,1056.4,14041,863,197,2117111,22119,High,Yes
2022-10-19,GrowOut-B,Farming,Pangasius,Autumn,24.7,Cloudy,7.7,7.3,0.19,9.4,2,10169,115.7,954.9,11080,724,188,1825910,15837,High,Yes
2022-10-20,GrowOut-B,Farming,Pangasius,Autumn,25.9,Sunny,2.9,6.9,0.24,9.0,0,10169,147.4,1162.3,14235,867,193,2281150,10447,High,Yes
2022-10-21,GrowOut-B,Farming,Pangasius,Autumn,25.4,Cloudy,5.3,7.5,0.17,9.0,2,10167,120.4,978.3,12057,744,189,1880235,2926,High,Yes
2022-10-22,GrowOut-B,Farming,Pangasius,Autumn,22.3,Cloudy,13.9,7.1,0.25,9.7,1,10166,157.7,1239.1,16782,898,193,2431400,15939,High,Yes
2022-10-23,GrowOut-B,Farming,Pangasius,Autumn,22.4,Sunny,1.0,7.4,0.21,9.7,1,10165,148.0,1124.3,15757,547,197,2251638,12358,High,Yes
2022-10-24,GrowOut-B,Farming,Pangasius,Autumn,25.2,Rainy,10.8,7.2,0.19,8.6,1,10164,136.3,1080.9,14597,859,194,2131546,7990,High,Yes
2022-10-25,GrowOut-B,Farming,Pangasius,Autumn,21.8,Rainy,10.2,8.0,0.19,9.9,4,10160,116.9,986.1,12074,508,201,2014567,14241,High,Yes
2022-10-26,GrowOut-B,Farming,Pangasius,Autumn,22.4,Cloudy,3.9,7.2,0.17,10.0,0,10160,115.9,996.3,11052,596,188,1903013,17273,High,Yes
2022-10-27,GrowOut-B,Farming,Pangasius,Autumn,22.9,Cloudy,2.9,7.5,0.21,9.2,0,10160,132.4,1164.7,14135,736,195,2307504,18046,High,Yes
2022-10-28,GrowOut-B,Farming,Pangasius,Autumn,22.8,Cloudy,15.4,7.4,0.37,7.5,14,10146,157.2,1238.9,16331,658,193,2429334,16032,High,Yes
2022-10-29,GrowOut-B,Farming,Pangasius,Autumn,20.3,Rainy,12.3,7.1,0.21,10.2,0,10146,126.3,1009.4,12080,834,190,1945861,3298,High,Yes
2022-10-30,GrowOut-B,Farming,Pangasius,Autumn,23.4,Cloudy,9.0,7.4,0.21,9.7,2,10144,136.2,1123.8,13504,893,195,2223405,10924,High,Yes
2022-10-31,GrowOut-B,Farming,Pangasius,Autumn,22.2,Cloudy,7.7,7.5,0.22,8.9,0,10144,129.5,1025.1,12706,713,190,1975737,9885,High,Yes
2022-11-01,GrowOut-B,Farming,Pangasius,Autumn,21.4,Cloudy,5.5,7.0,0.19,9.8,1,10143,114.4,977.8,12587,578,189,1874654,11911,High,Yes
2022-11-02,GrowOut-B,Farming,Pangasius,Autumn,19.7,Rainy,6.5,7.3,0.14,10.1,1,10142,76.4,896.6,7836,877,186,1691524,6462,Medium,Yes
2022-11-03,GrowOut-B,Farming,Pangasius,Autumn,21.8,Sunny,1.3,7.5,0.19,10.3,1,10141,105.3,924.5,10613,839,201,1884632,20224,Medium,Yes
2022-11-04,GrowOut-B,Farming,Pangasius,Autumn,21.5,Cloudy,5.7,7.7,0.22,10.0,4,10137,133.9,1031.9,13304,855,200,2092900,10121,High,Yes
2022-11-05,GrowOut-B,Farming,Pangasius,Autumn,22.7,Partly Cloudy,3.3,7.4,0.24,9.9,0,10137,134.1,1110.8,14582,735,192,2161954,9372,High,Yes
2022-11-06,GrowOut-B,Farming,Pangasius,Autumn,18.0,Cloudy,3.7,7.1,0.15,10.5,0,10137,78.4,917.9,8081,791,197,1833036,23471,Medium,Yes
2022-11-07,GrowOut-B,Farming,Pangasius,Autumn,19.9,Partly Cloudy,3.9,7.5,0.16,10.6,1,10136,74.8,831.4,7704,452,191,1609729,10126,Medium,Yes
2022-11-08,GrowOut-B,Farming,Pangasius,Autumn,21.5,Cloudy,8.7,7.4,0.2,9.5,1,10135,132.5,1089.0,12848,711,181,1997897,25154,High,Yes
2022-11-09,GrowOut-B,Farming,Pangasius,Autumn,19.0,Partly Cloudy,2.4,7.9,0.14,10.8,1,10134,69.7,807.9,6934,724,201,1645801,24521,Medium,Yes
2022-11-10,GrowOut-B,Farming,Pangasius,Autumn,21.3,Cloudy,4.7,7.6,0.19,9.4,1,10133,131.5,1035.0,12553,724,196,2055783,16844,High,Yes
2022-11-11,GrowOut-B,Farming,Pangasius,Autumn,19.7,Partly Cloudy,3.8,7.6,0.19,10.1,1,10132,96.5,1001.7,9211,721,187,1898092,19144,High,Yes
2022-11-12,GrowOut-B,Farming,Pangasius,Autumn,18.9,Rainy,6.4,7.1,0.16,11.3,0,10132,88.2,1025.5,9030,844,187,1942998,16300,High,Yes
2022-11-13,GrowOut-B,Farming,Pangasius,Autumn,19.5,Cloudy,2.9,7.2,0.19,11.1,2,10130,93.3,1087.7,9410,853,187,2060848,20097,High,Yes
2022-11-14,GrowOut-B,Farming,Pangasius,Autumn,19.7,Partly Cloudy,3.0,7.7,0.16,10.8,0,10130,78.8,862.8,9046,809,198,1730552,12375,Medium,Yes
2022-11-15,GrowOut-B,Farming,Pangasius,Autumn,21.7,Cloudy,1.6,7.5,0.17,9.4,0,10130,104.6,897.7,10630,864,198,1800553,7838,Medium,Yes
2022-11-16,GrowOut-B,Farming,Pangasius,Autumn,19.3,Cloudy,2.7,7.6,0.38,8.8,5,10125,96.1,1078.9,10796,898,199,2174922,14680,High,Yes
2022-11-17,GrowOut-B,Farming,Pangasius,Autumn,19.5,Cloudy,5.9,7.2,0.19,9.9,0,10125,106.2,1107.4,11230,772,187,2096723,20232,High,Yes
2022-11-18,GrowOut-B,Farming,Pangasius,Autumn,20.1,Cloudy,0.5,7.9,0.21,10.3,0,10125,117.8,1041.7,13141,477,192,2025065,11233,High,Yes
2022-11-19,GrowOut-B,Farming,Pangasius,Autumn,20.3,Cloudy,0.3,7.2,0.19,10.3,0,10125,128.5,1080.4,14049,680,198,2165932,13171,High,Yes
2022-11-20,GrowOut-B,Farming,Pangasius,Autumn,21.0,Sunny,1.0,7.9,0.17,9.3,0,10125,102.6,865.8,11302,711,192,1683115,2700,Medium,Yes
2022-11-21,GrowOut-B,Farming,Pangasius,Autumn,19.6,Sunny,0.5,7.1,0.16,9.8,0,10125,76.7,907.6,7504,559,196,1801132,10193,Medium,Yes
2022-11-22,GrowOut-B,Farming,Pangasius,Autumn,21.1,Sunny,1.2,7.8,0.19,10.3,2,10123,125.3,958.0,13052,769,190,1842952,5365,High,Yes
2022-11-23,GrowOut-B,Farming,Pangasius,Autumn,20.5,Partly Cloudy,0.8,7.2,0.17,10.0,0,10123,104.4,933.5,10608,653,189,1786016,14742,Medium,Yes
2022-11-24,GrowOut-B,Farming,Pangasius,Autumn,18.4,Cloudy,1.4,7.3,0.13,10.7,0,10123,68.3,748.3,7201,462,193,1461983,9438,Medium,Yes
2022-11-25,GrowOut-B,Farming,Pangasius,Autumn,20.2,Partly Cloudy,0.1,7.5,0.2,9.6,2,10121,133.2,1048.5,14561,705,192,2037881,12148,High,Yes
2022-11-26,GrowOut-B,Farming,Pangasius,Autumn,18.1,Partly Cloudy,0.2,7.6,0.16,10.2,0,10121,91.5,979.4,10166,508,190,1883376,10178,High,Yes
2022-11-27,GrowOut-B,Farming,Pangasius,Autumn,18.9,Partly Cloudy,0.4,7.6,0.16,10.3,1,10120,76.8,838.1,8603,712,183,1552281,13635,Medium,Yes
2022-11-28,GrowOut-B,Farming,Pangasius,Autumn,19.1,Partly Cloudy,0.1,7.8,0.16,10.3,1,10119,75.9,883.7,8532,683,194,1734951,16853,Medium,Yes
2022-11-29,GrowOut-B,Farming,Pangasius,Autumn,17.6,Cold,0.0,7.5,0.19,10.8,0,10119,103.3,1069.4,11027,675,189,2045218,13113,High,Yes
2022-11-30,GrowOut-B,Farming,Pangasius,Autumn,20.5,Partly Cloudy,0.0,7.4,0.22,10.6,3,10116,130.9,1061.9,13698,668,190,2041620,1728,High,Yes
2022-12-01,GrowOut-B,Farming,Pangasius,Winter,18.8,Sunny,0.0,7.0,0.15,10.8,0,10116,73.7,876.7,7332,575,193,1711659,19759,Medium,Yes
2022-12-02,GrowOut-B,Farming,Pangasius,Winter,18.5,Sunny,0.0,6.9,0.18,10.2,0,10116,88.9,950.2,9262,861,202,1941669,4567,High,Yes
2022-12-03,GrowOut-B,Farming,Pangasius,Winter,17.1,Sunny,0.0,7.5,0.01,11.8,2,11144,2.5,17.7,257,494,197,38865,-1111,Low,No
2022-12-04,GrowOut-B,Farming,Pangasius,Winter,17.0,Cloudy,0.0,7.3,0.01,10.8,0,11144,3.7,23.9,406,843,194,51670,-2102,Low,No
2022-12-05,GrowOut-B,Farming,Pangasius,Winter,18.8,Partly Cloudy,0.0,7.3,0.03,11.0,2,11142,4.1,27.5,410,783,194,59453,-1650,Low,No
2022-12-06,GrowOut-B,Farming,Pangasius,Winter,18.6,Sunny,0.0,7.3,0.05,10.4,2,11140,5.8,38.5,572,891,189,81075,-1541,Low,No
2022-12-07,GrowOut-B,Farming,Pangasius,Winter,17.5,Cold,0.0,7.5,0.03,11.2,0,11140,6.5,40.5,737,858,196,88429,-1518,Low,No
2022-12-08,GrowOut-B,Farming,Pangasius,Winter,19.5,Sunny,0.0,7.6,0.04,10.0,0,11140,5.4,34.4,595,665,193,73961,-1208,Low,No
2022-12-09,GrowOut-B,Farming,Pangasius,Winter,19.9,Sunny,0.0,7.8,0.03,10.4,1,11139,5.5,39.7,544,502,191,84471,-965,Low,No
2022-12-10,GrowOut-B,Farming,Pangasius,Winter,16.7,Cold,0.0,7.2,0.01,11.1,1,11138,3.7,23.5,388,706,194,50783,-1685,Low,No
2022-12-11,GrowOut-B,Farming,Pangasius,Winter,18.1,Sunny,0.0,7.6,0.04,10.6,1,11137,5.6,36.0,604,715,191,76585,-1763,Low,No
2022-12-12,GrowOut-B,Farming,Pangasius,Winter,14.8,Cloudy,0.0,7.4,0.0,11.0,0,11137,6.2,40.4,639,572,191,85938,-1865,Low,No
2022-12-13,GrowOut-B,Farming,Pangasius,Winter,16.7,Sunny,0.0,7.6,0.03,11.5,0,11137,3.7,24.7,399,569,192,52816,-1567,Low,No
2022-12-14,GrowOut-B,Farming,Pangasius,Winter,19.6,Partly Cloudy,0.0,7.6,0.03,10.5,2,11135,7.2,48.5,774,500,200,108029,-1425,Low,No
2022-12-15,GrowOut-B,Farming,Pangasius,Winter,17.3,Cloudy,0.0,7.4,0.01,10.9,0,11135,5.3,33.0,558,673,190,69816,-1512,Low,No
2022-12-16,GrowOut-B,Farming,Pangasius,Winter,16.7,Cloudy,0.0,7.5,0.01,11.0,2,11133,4.6,29.0,516,604,198,63937,-1718,Low,No
2022-12-17,GrowOut-B,Farming,Pangasius,Winter,19.0,Sunny,0.0,7.5,0.04,10.8,1,11132,5.0,35.7,498,588,195,77502,-1347,Low,No
2022-12-18,GrowOut-B,Farming,Pangasius,Winter,17.7,Sunny,0.0,7.4,0.02,10.7,0,11132,7.0,45.6,795,545,191,96955,-2026,Low,No
2022-12-19,GrowOut-B,Farming,Pangasius,Winter,19.3,Sunny,0.0,7.3,0.03,11.0,1,11131,4.5,32.1,443,521,202,72182,-1690,Low,No
2022-12-20,GrowOut-B,Farming,Pangasius,Winter,15.5,Sunny,0.0,7.2,0.03,11.7,1,11130,7.4,51.7,820,801,204,117396,-1791,Low,No
2022-12-21,GrowOut-B,Farming,Pangasius,Winter,15.9,Cloudy,0.0,7.8,0.03,11.5,0,11130,6.5,40.9,657,515,211,96051,-1128,Low,No
2022-12-22,GrowOut-B,Farming,Pangasius,Winter,18.0,Cloudy,0.0,7.3,0.01,10.4,1,11129,6.4,43.7,680,793,187,90953,-1102,Low,No
2022-12-23,GrowOut-B,Farming,Pangasius,Winter,19.1,Partly Cloudy,0.0,7.3,0.04,10.4,1,11128,5.7,39.6,615,513,196,86379,-1245,Low,No
2022-12-24,GrowOut-B,Farming,Pangasius,Winter,15.8,Cold,0.0,7.4,0.04,11.2,2,11126,7.5,49.5,812,565,188,103557,-2055,Low,No
2022-12-25,GrowOut-B,Farming,Pangasius,Winter,16.6,Cloudy,0.0,7.6,0.03,10.4,1,11125,7.1,48.7,754,783,188,101865,-2298,Low,No
2022-12-26,GrowOut-B,Farming,Pangasius,Winter,17.5,Sunny,0.0,7.7,0.04,10.5,0,11125,8.0,55.0,772,522,199,121763,-1703,Low,No
2022-12-27,GrowOut-B,Farming,Pangasius,Winter,18.7,Cloudy,0.0,7.4,0.02,10.6,1,11124,8.3,54.8,946,802,197,120101,-1649,Low,No
2022-12-28,GrowOut-B,Farming,Pangasius,Winter,16.7,Sunny,0.0,7.2,0.03,11.7,0,11124,7.4,49.6,793,619,193,106488,-1567,Low,No
2022-12-29,GrowOut-B,Farming,Pangasius,Winter,15.9,Cloudy,0.0,7.5,0.05,11.0,0,11124,8.3,55.3,942,500,193,118725,-928,Low,No
2022-12-30,GrowOut-B,Farming,Pangasius,Winter,17.9,Cold,0.0,7.5,0.04,10.5,1,11123,7.8,53.9,806,518,204,122315,-1051,Low,No
2022-12-31,GrowOut-B,Farming,Pangasius,Winter,18.9,Cloudy,0.0,6.8,0.02,10.5,1,11122,8.1,50.7,809,708,198,111659,-1870,Low,No
2023-01-01,GrowOut-B,Farming,Pangasius,Winter,15.9,Sunny,0.0,7.4,0.0,11.5,3,11119,7.5,51.2,716,797,204,116167,-958,Low,No
2023-01-02,GrowOut-B,Farming,Pangasius,Winter,16.7,Sunny,0.0,7.8,0.04,11.3,0,11119,9.4,58.9,1053,857,201,131637,-1746,Low,No
2023-01-03,GrowOut-B,Farming,Pangasius,Winter,18.5,Sunny,0.0,7.4,0.02,11.7,0,11119,5.4,38.3,563,600,199,84746,-1395,Low,No
2023-01-04,GrowOut-B,Farming,Pangasius,Winter,17.3,Cloudy,0.0,8.0,0.04,10.3,0,11119,7.0,47.4,668,504,194,102246,-1384,Low,No
2023-01-05,GrowOut-B,Farming,Pangasius,Winter,15.3,Cloudy,0.0,7.5,0.03,12.0,3,11116,11.1,69.3,1068,895,190,146404,-2382,Low,No
2023-01-06,GrowOut-B,Farming,Pangasius,Winter,15.1,Cloudy,0.0,7.6,0.02,10.8,0,11116,9.5,62.9,1068,597,202,141238,-1788,Low,No
2023-01-07,GrowOut-B,Farming,Pangasius,Winter,15.9,Sunny,0.0,7.1,0.02,11.4,3,11113,10.3,71.1,994,491,190,150166,-1285,Low,No
2023-01-08,GrowOut-B,Farming,Pangasius,Winter,15.4,Sunny,0.0,7.2,0.02,11.9,1,11112,9.0,55.9,1008,708,203,126107,-1730,Low,No
2023-01-09,GrowOut-B,Farming,Pangasius,Winter,16.1,Cold,0.0,7.6,0.05,12.0,0,11112,8.8,62.9,912,575,200,139789,-1139,Low,No
2023-01-10,GrowOut-B,Farming,Pangasius,Winter,16.0,Sunny,0.0,6.9,0.04,11.1,2,11110,8.8,60.9,868,709,195,131961,-1622,Low,No
2023-01-11,GrowOut-B,Farming,Pangasius,Winter,16.4,Sunny,0.0,7.4,0.0,11.3,0,11110,9.0,57.3,1015,631,203,129230,-2011,Low,No
2023-01-12,GrowOut-B,Farming,Pangasius,Winter,15.8,Cloudy,0.0,7.9,0.02,10.7,2,11108,7.7,51.3,797,566,200,113989,-1211,Low,No
2023-01-13,GrowOut-B,Farming,Pangasius,Winter,16.5,Cloudy,0.0,7.3,0.03,10.9,1,11107,10.2,68.9,1010,820,201,153834,-2441,Low,No
2023-01-14,GrowOut-B,Farming,Pangasius,Winter,18.8,Cloudy,0.0,7.3,0.04,11.2,0,11107,12.9,87.7,1425,543,200,194817,-2021,Low,No
2023-01-15,GrowOut-B,Farming,Pangasius,Winter,16.4,Sunny,0.0,7.7,0.03,11.1,1,11106,13.8,89.4,1526,693,202,200579,-3098,Low,No
2023-01-16,GrowOut-B,Farming,Pangasius,Winter,17.3,Cloudy,0.0,7.0,0.03,10.9,1,11105,13.8,96.1,1367,523,201,214525,-1803,Low,No
2023-01-17,GrowOut-B,Farming,Pangasius,Winter,14.5,Cold,0.0,7.4,0.04,11.5,0,11105,13.4,84.4,1508,875,200,187452,-1427,Low,No
2023-01-18,GrowOut-B,Farming,Pangasius,Winter,16.2,Cloudy,0.0,7.9,0.02,11.4,0,11105,11.2,69.5,1255,544,202,155903,-1405,Low,No
2023-01-19,GrowOut-B,Farming,Pangasius,Winter,15.1,Cloudy,0.0,7.2,0.0,11.3,0,11105,11.5,78.0,1228,506,198,171506,-2544,Low,No
2023-01-20,GrowOut-B,Farming,Pangasius,Winter,15.6,Sunny,0.0,7.6,0.05,11.1,1,11104,15.1,96.2,1663,504,196,209387,-1572,Low,No
2023-01-21,GrowOut-B,Farming,Pangasius,Winter,15.1,Cloudy,0.0,7.3,0.04,11.3,0,11104,14.5,102.2,1433,893,206,233775,-2281,Low,No
2023-01-22,GrowOut-B,Farming,Pangasius,Winter,15.5,Cloudy,0.0,7.3,0.02,10.9,2,11102,11.2,77.8,1166,453,200,172778,-1960,Low,No
2023-01-23,GrowOut-B,Farming,Pangasius,Winter,17.0,Cold,0.0,7.1,0.02,10.6,1,11101,13.7,95.7,1531,645,208,220992,-2014,Low,No
2023-01-24,GrowOut-B,Farming,Pangasius,Winter,14.7,Cold,0.0,7.2,0.03,12.0,0,11101,18.4,113.9,1985,625,195,246559,-3018,Low,No
2023-01-25,GrowOut-B,Farming,Pangasius,Winter,16.2,Cloudy,0.0,7.0,0.03,11.7,1,11100,15.3,104.7,1467,831,200,232455,-1528,Low,No
2023-01-26,GrowOut-B,Farming,Pangasius,Winter,14.5,Cold,0.0,7.7,0.03,11.1,0,11100,13.4,88.4,1399,468,204,200173,-1353,Low,No
2023-01-27,GrowOut-B,Farming,Pangasius,Winter,14.5,Sunny,0.0,7.4,0.04,11.8,0,11100,14.7,101.6,1518,521,205,231191,-1901,Low,No
2023-01-28,GrowOut-B,Farming,Pangasius,Winter,16.7,Sunny,0.0,7.6,0.04,11.1,0,11100,19.6,125.3,2180,532,199,276775,-1743,Low,No
2023-01-29,GrowOut-B,Farming,Pangasius,Winter,16.1,Cold,0.0,7.0,0.04,11.2,0,11100,13.5,91.2,1391,618,204,206513,-2480,Low,No
2023-01-30,GrowOut-B,Farming,Pangasius,Winter,14.9,Cloudy,0.0,7.3,0.03,10.9,1,11099,14.2,93.2,1357,662,207,214146,-1450,Low,No
2023-01-31,GrowOut-B,Farming,Pangasius,Winter,17.8,Cloudy,0.0,7.3,0.02,10.5,2,11097,12.1,86.2,1294,686,196,187520,-2022,Low,No
2023-02-01,GrowOut-B,Farming,Pangasius,Winter,16.8,Cloudy,0.0,7.6,0.07,11.3,0,11097,20.3,133.1,2330,501,202,298356,-2250,Low,No
2023-02-02,GrowOut-B,Farming,Pangasius,Winter,17.2,Cloudy,0.0,7.2,0.06,10.5,0,11097,18.9,122.7,1846,721,200,272320,-3145,Low,No
2023-02-03,GrowOut-B,Farming,Pangasius,Winter,18.2,Partly Cloudy,0.0,7.4,0.07,11.7,3,11094,15.3,108.4,1493,745,202,242989,-941,Low,No
2023-02-04,GrowOut-B,Farming,Pangasius,Winter,15.4,Sunny,0.0,7.3,0.04,11.6,1,11093,17.4,112.4,1914,833,203,253134,-2671,Low,No
2023-02-05,GrowOut-B,Farming,Pangasius,Winter,15.3,Sunny,0.0,7.4,0.04,11.2,1,11092,15.9,101.4,1582,487,199,223841,-1018,Low,No
2023-02-06,GrowOut-B,Farming,Pangasius,Winter,15.2,Cloudy,0.0,7.4,0.07,11.5,2,11090,21.9,140.0,2180,533,206,319893,-2594,Low,No
2023-02-07,GrowOut-B,Farming,Pangasius,Winter,16.5,Sunny,0.0,7.1,0.08,10.7,0,11090,22.7,147.7,2393,710,198,324323,-3277,Low,No
2023-02-08,GrowOut-B,Farming,Pangasius,Winter,16.1,Cold,0.0,7.7,0.04,11.1,0,11090,16.9,118.2,1655,781,206,270033,-3172,Low,No
2023-02-09,GrowOut-B,Farming,Pangasius,Winter,15.0,Cloudy,0.0,7.7,0.06,11.0,1,11089,19.1,137.0,2189,456,198,300827,-3121,Low,No
2023-02-10,GrowOut-B,Farming,Pangasius,Winter,15.6,Cold,0.0,7.7,0.02,11.2,0,11089,15.8,111.1,1682,668,209,257485,-2306,Low,No
2023-02-11,GrowOut-B,Farming,Pangasius,Winter,17.4,Sunny,0.0,7.2,0.04,11.0,1,11088,20.5,128.5,2133,568,203,289262,-2823,Low,No
2023-02-12,GrowOut-B,Farming,Pangasius,Winter,16.4,Cloudy,0.0,7.4,0.05,11.3,0,11088,21.7,152.0,2208,899,202,340446,-2548,Low,No
2023-02-13,GrowOut-B,Farming,Pangasius,Winter,16.2,Cloudy,0.0,7.5,0.06,11.1,0,11088,23.7,160.7,2297,835,205,365278,-2420,Low,No
2023-02-14,GrowOut-B,Farming,Pangasius,Winter,15.5,Cold,0.0,7.3,0.04,10.5,2,11086,25.2,156.7,2407,694,201,349235,-2493,Low,No
2023-02-15,GrowOut-B,Farming,Pangasius,Winter,15.4,Cloudy,0.0,7.0,0.05,10.4,0,11086,22.5,159.2,2458,507,203,358273,-2392,Low,No
2023-02-16,GrowOut-B,Farming,Pangasius,Winter,17.0,Cloudy,0.0,7.4,0.07,11.0,0,11086,24.4,157.0,2790,887,204,355062,-2720,Low,No
2023-02-17,GrowOut-B,Farming,Pangasius,Winter,17.5,Sunny,0.0,7.2,0.06,10.5,0,11086,20.4,133.7,2029,458,206,305333,-1541,Low,No
2023-02-18,GrowOut-B,Farming,Pangasius,Winter,16.5,Sunny,0.0,7.3,0.06,10.9,2,11084,22.7,152.8,2547,686,198,335400,-2665,Low,No
2023-02-19,GrowOut-B,Farming,Pangasius,Winter,17.0,Sunny,0.0,7.8,0.02,11.5,2,11082,21.2,153.1,2239,619,203,344483,-1175,Low,No
2023-02-20,GrowOut-B,Farming,Pangasius,Winter,18.2,Cloudy,0.0,7.4,0.04,10.8,0,11082,24.6,163.1,2752,788,210,379570,-2078,Low,No
2023-02-21,GrowOut-B,Farming,Pangasius,Winter,18.9,Cloudy,0.0,7.5,0.05,10.4,1,11081,22.3,150.9,2140,886,205,342816,-2582,Low,No
2023-02-22,GrowOut-B,Farming,Pangasius,Winter,17.8,Sunny,0.0,7.0,0.07,10.7,0,11081,25.4,200.7,2651,511,212,471479,-2860,Low,No
2023-02-23,GrowOut-B,Farming,Pangasius,Winter,17.0,Cold,0.0,7.4,0.05,10.5,1,11080,21.2,147.5,2146,865,203,331793,-2127,Low,No
2023-02-24,GrowOut-B,Farming,Pangasius,Winter,17.7,Cold,0.0,7.5,0.04,10.9,2,11078,20.4,145.8,1997,820,209,337632,-1164,Low,No
2023-02-25,GrowOut-B,Farming,Pangasius,Winter,14.7,Cold,0.0,7.5,0.02,11.5,1,11077,26.1,171.7,2698,716,207,393733,-1175,Low,No
2023-02-26,GrowOut-B,Farming,Pangasius,Winter,16.8,Cold,0.0,7.5,0.06,11.7,1,11076,26.1,176.3,2553,631,205,400339,-1654,Low,No
2023-02-27,GrowOut-B,Farming,Pangasius,Winter,17.5,Sunny,0.0,7.4,0.08,11.5,2,11074,21.3,153.1,2310,792,210,356104,-1370,Low,No
2023-02-28,GrowOut-B,Farming,Pangasius,Winter,19.0,Cloudy,0.0,7.5,0.06,10.0,2,11072,27.6,174.6,2969,662,209,404106,-2863,Low,No
2023-03-01,GrowOut-B,Farming,Pangasius,Spring,16.5,Cold,0.0,7.5,0.06,11.0,1,11071,30.2,193.8,2962,846,197,422713,-1663,Low,No
2023-03-02,GrowOut-B,Farming,Pangasius,Spring,17.0,Cloudy,0.0,7.1,0.06,11.2,1,11070,28.6,235.3,2740,827,218,567891,-3012,Low,No
2023-03-03,GrowOut-B,Farming,Pangasius,Spring,19.8,Partly Cloudy,0.0,6.9,0.07,10.5,2,11068,25.7,208.6,2806,839,207,478005,-1327,Low,No
2023-03-04,GrowOut-B,Farming,Pangasius,Spring,17.7,Cold,0.0,7.4,0.04,10.3,0,11068,26.3,203.0,2883,882,209,469582,-3189,Low,No
2023-03-05,GrowOut-B,Farming,Pangasius,Spring,17.6,Sunny,0.0,7.2,0.03,10.5,1,11067,25.5,207.7,2643,475,216,496546,79,Low,No
2023-03-06,GrowOut-B,Farming,Pangasius,Spring,18.0,Partly Cloudy,0.0,7.1,0.05,11.6,4,11063,30.9,246.3,3495,738,209,569693,-2526,Low,No
2023-03-07,GrowOut-B,Farming,Pangasius,Spring,16.7,Cloudy,0.0,7.8,0.06,11.8,1,11062,31.3,255.0,3037,813,202,569855,-1391,Low,No
2023-03-08,GrowOut-B,Farming,Pangasius,Spring,17.2,Cold,0.0,7.5,0.09,10.7,3,11059,28.4,231.0,2757,801,205,523841,-2170,Low,No
2023-03-09,GrowOut-B,Farming,Pangasius,Spring,17.3,Sunny,0.0,7.5,0.09,11.2,0,11059,31.3,245.6,3298,866,221,600256,-3978,Low,No
2023-03-10,GrowOut-B,Farming,Pangasius,Spring,17.8,Cold,0.0,7.5,0.08,11.0,0,11059,29.7,232.1,3388,709,210,539027,-230,Low,No
2023-03-11,GrowOut-B,Farming,Pangasius,Spring,19.9,Sunny,0.0,7.3,0.05,10.7,1,11058,30.5,227.8,3449,640,213,536598,-1457,Low,No
2023-03-12,GrowOut-B,Farming,Pangasius,Spring,19.9,Sunny,0.0,7.5,0.07,10.4,1,11057,29.7,243.4,3328,708,213,573293,-4048,Low,No
2023-03-13,GrowOut-B,Farming,Pangasius,Spring,19.8,Partly Cloudy,0.0,7.8,0.08,10.4,4,11053,36.7,282.1,4057,751,210,655028,-3388,Low,No
2023-03-14,GrowOut-B,Farming,Pangasius,Spring,18.6,Sunny,0.0,7.4,0.05,10.6,0,11053,27.0,207.0,2618,864,213,487338,-3919,Low,No
2023-03-15,GrowOut-B,Farming,Pangasius,Spring,18.4,Partly Cloudy,0.0,7.8,0.11,10.7,1,11052,33.8,282.2,3764,605,216,673738,-337,Low,No
2023-03-16,GrowOut-B,Farming,Pangasius,Spring,20.3,Partly Cloudy,0.0,7.5,0.09,9.9,0,11052,42.7,269.8,4448,896,222,661966,-1589,Low,No
2023-03-17,GrowOut-B,Farming,Pangasius,Spring,17.4,Cold,0.0,8.0,0.03,10.6,0,11052,25.7,222.9,2723,595,214,527187,-621,Low,No
2023-03-18,GrowOut-B,Farming,Pangasius,Spring,19.1,Sunny,0.0,7.4,0.06,10.4,1,11051,37.3,306.5,3792,727,206,697812,-845,Low,No
2023-03-19,GrowOut-B,Farming,Pangasius,Spring,18.2,Sunny,0.0,7.7,0.07,9.8,0,11051,32.6,256.6,3693,491,216,612508,-2845,Low,No
2023-03-20,GrowOut-B,Farming,Pangasius,Spring,22.0,Partly Cloudy,0.0,7.2,0.09,10.6,1,11050,59.4,339.7,5883,835,210,788345,-4692,Low,No
2023-03-21,GrowOut-B,Farming,Pangasius,Spring,21.0,Partly Cloudy,0.0,7.2,0.09,10.4,2,11048,59.8,341.3,6828,595,215,810843,-5849,Low,No
2023-03-22,GrowOut-B,Farming,Pangasius,Spring,19.4,Partly Cloudy,0.0,7.7,0.09,10.5,0,11048,44.0,334.6,4673,791,218,805872,-4406,Low,No
2023-03-23,GrowOut-B,Farming,Pangasius,Spring,18.7,Cloudy,0.0,7.0,0.09,10.4,3,11045,37.9,306.0,3669,719,213,720087,-1422,Low,No
2023-03-24,GrowOut-B,Farming,Pangasius,Spring,21.0,Partly Cloudy,0.0,7.7,0.07,9.9,1,11044,46.6,296.6,4757,510,220,720708,-4618,Low,No
2023-03-25,GrowOut-B,Farming,Pangasius,Spring,19.1,Cloudy,0.0,7.8,0.09,11.0,0,11044,43.3,325.5,4368,707,210,754913,-2893,Low,No
2023-03-26,GrowOut-B,Farming,Pangasius,Spring,20.7,Sunny,0.0,7.1,0.09,10.6,1,11043,60.1,342.6,6368,750,208,787004,-6666,Low,No
2023-03-27,GrowOut-B,Farming,Pangasius,Spring,20.6,Sunny,0.0,7.9,0.12,10.0,0,11043,64.5,365.9,6444,552,214,864696,-2082,Low,No
2023-03-28,GrowOut-B,Farming,Pangasius,Spring,20.2,Sunny,0.0,7.2,0.06,10.3,1,11042,44.7,278.4,4265,725,211,648692,-3406,Low,No
2023-03-29,GrowOut-B,Farming,Pangasius,Spring,22.0,Cloudy,0.0,7.6,0.1,10.6,0,11042,60.9,367.8,6288,832,212,860984,-4645,Low,No
2023-03-30,GrowOut-B,Farming,Pangasius,Spring,24.5,Cloudy,0.0,7.4,0.09,9.7,1,11041,76.3,459.8,8388,768,214,1086502,-2531,Medium,No
2023-03-31,GrowOut-B,Farming,Pangasius,Spring,24.0,Partly Cloudy,0.0,7.1,0.09,8.8,0,11041,62.2,405.9,7060,556,211,945605,-5060,Low,No
2023-04-01,GrowOut-B,Farming,Pangasius,Spring,22.7,Cloudy,0.0,7.2,0.09,9.7,1,11040,56.8,349.6,6516,561,211,814446,-3713,Low,No
2023-04-02,GrowOut-B,Farming,Pangasius,Spring,23.1,Sunny,0.0,7.6,0.13,10.0,0,11040,76.4,471.7,8033,664,210,1093589,-7322,Medium,No
2023-04-03,GrowOut-B,Farming,Pangasius,Spring,22.0,Cloudy,0.0,7.3,0.13,9.9,0,11040,57.5,366.3,6270,889,215,869450,-1334,Low,No
2023-04-04,GrowOut-B,Farming,Pangasius,Spring,22.1,Partly Cloudy,0.0,7.6,0.1,8.8,1,11039,61.0,371.7,6356,647,217,890474,-4199,Low,No
2023-04-05,GrowOut-B,Farming,Pangasius,Spring,18.5,Sunny,0.0,7.6,0.07,10.3,2,11037,39.6,305.6,4277,853,221,745548,-545,Low,No
2023-04-06,GrowOut-B,Farming,Pangasius,Spring,21.4,Sunny,0.0,7.5,0.11,9.4,0,11037,60.1,343.6,6857,574,216,819140,-1638,Low,No
2023-04-07,GrowOut-B,Farming,Pangasius,Spring,21.4,Cloudy,0.0,7.2,0.1,10.3,1,11036,58.2,336.3,6030,794,221,820295,-677,Low,No
2023-04-08,GrowOut-B,Farming,Pangasius,Spring,23.3,Sunny,0.0,7.1,0.12,9.1,0,11036,80.2,480.2,8737,587,221,1171187,-3919,Medium,No
2023-04-09,GrowOut-B,Farming,Pangasius,Spring,21.9,Cloudy,0.0,7.4,0.1,10.3,1,11035,82.0,503.2,8675,757,217,1205069,-1471,Medium,No
2023-04-10,GrowOut-B,Farming,Pangasius,Spring,21.9,Cloudy,0.0,7.4,0.1,10.0,0,11035,59.6,358.6,6362,799,213,842873,-2968,Low,No
2023-04-11,GrowOut-B,Farming,Pangasius,Spring,22.3,Cloudy,0.0,7.7,0.12,9.5,0,11035,74.2,442.2,7338,891,208,1014973,-2815,Medium,No
2023-04-12,GrowOut-B,Farming,Pangasius,Spring,24.1,Sunny,0.0,7.4,0.13,8.8,2,11033,90.6,561.5,10290,778,210,1301192,-9494,Medium,No
2023-04-13,GrowOut-B,Farming,Pangasius,Spring,24.7,Partly Cloudy,0.0,7.3,0.14,10.1,1,11032,91.3,532.1,9381,633,213,1250450,-5524,Medium,No
2023-04-14,GrowOut-B,Farming,Pangasius,Spring,25.2,Partly Cloudy,0.0,7.3,0.11,9.8,0,11032,75.3,459.2,7421,644,212,1073970,-3693,Medium,No
2023-04-15,GrowOut-B,Farming,Pangasius,Spring,22.5,Sunny,0.0,7.8,0.12,10.1,2,11030,80.1,449.1,8172,741,218,1080075,-5547,Medium,No
2023-04-16,GrowOut-B,Farming,Pangasius,Spring,23.7,Sunny,0.0,7.6,0.1,10.1,0,11030,79.9,519.8,8559,892,208,1192546,-2819,Medium,No
2023-04-17,GrowOut-B,Farming,Pangasius,Spring,24.4,Sunny,0.0,7.2,0.11,8.9,1,11029,76.0,474.6,8024,452,222,1162134,-5415,Medium,No
2023-04-18,GrowOut-B,Farming,Pangasius,Spring,23.7,Cloudy,0.0,7.7,0.13,9.7,2,11027,94.1,545.2,10738,535,214,1286784,-6334,Medium,No
2023-04-19,GrowOut-B,Farming,Pangasius,Spring,24.5,Cloudy,0.0,7.3,0.15,9.7,0,11027,83.9,521.2,9434,861,213,1224169,-6679,Medium,No
2023-04-20,GrowOut-B,Farming,Pangasius,Spring,26.7,Sunny,0.0,8.1,0.15,8.6,2,11025,97.5,709.5,10978,530,215,1682086,-589,Medium,No
2023-04-21,GrowOut-B,Farming,Pangasius,Spring,24.0,Partly Cloudy,0.0,7.4,0.12,9.4,0,11025,78.9,461.6,8344,881,215,1094165,-8373,Medium,No
2023-04-22,GrowOut-B,Farming,Pangasius,Spring,23.9,Partly Cloudy,0.0,7.8,0.17,9.0,0,11025,112.0,661.3,12170,716,223,1625856,-1386,Medium,No
2023-04-23,GrowOut-B,Farming,Pangasius,Spring,22.1,Partly Cloudy,0.0,7.4,0.13,9.8,0,11025,73.2,474.2,7852,602,208,1087435,-963,Medium,No
2023-04-24,GrowOut-B,Farming,Pangasius,Spring,23.5,Cloudy,0.0,7.5,0.17,9.7,1,11024,105.1,636.1,11969,751,216,1514809,-7885,Medium,No
2023-04-25,GrowOut-B,Farming,Pangasius,Spring,25.1,Partly Cloudy,0.0,7.3,0.14,9.9,0,11024,88.4,557.6,9266,807,218,1340042,-5614,Medium,No
2023-04-26,GrowOut-B,Farming,Pangasius,Spring,23.1,Partly Cloudy,0.0,7.6,0.16,9.1,1,11023,100.7,643.2,10992,828,216,1531578,-1500,Medium,No
2023-04-27,GrowOut-B,Farming,Pangasius,Spring,22.7,Sunny,0.0,7.1,0.16,9.4,1,11022,95.4,617.7,10069,709,227,1545622,-4332,Medium,No
2023-04-28,GrowOut-B,Farming,Pangasius,Spring,23.8,Cloudy,0.0,7.0,0.16,10.7,1,11021,100.1,630.4,9781,794,221,1535567,611,Medium,No
2023-04-29,GrowOut-B,Farming,Pangasius,Spring,23.7,Partly Cloudy,0.0,7.7,0.13,9.6,1,11020,103.4,586.1,10837,671,216,1395232,-5160,Medium,No
2023-04-30,GrowOut-B,Farming,Pangasius,Spring,25.0,Cloudy,0.0,7.4,0.16,9.0,0,11020,111.2,625.8,12313,579,217,1496501,-4974,Medium,No
2023-05-01,GrowOut-B,Farming,Pangasius,Spring,24.6,Cloudy,0.0,7.4,0.18,9.4,2,11018,99.9,735.4,9669,851,213,1726175,1119,Medium,No
2023-05-02,GrowOut-B,Farming,Pangasius,Spring,28.0,Cloudy,0.0,7.0,0.14,9.0,2,11016,112.3,658.7,10776,463,218,1582147,-7491,Medium,No
2023-05-03,GrowOut-B,Farming,Pangasius,Spring,28.0,Sunny,0.0,7.4,0.14,8.3,1,11015,95.2,717.3,10612,758,213,1683078,-1630,Medium,No
2023-05-04,GrowOut-B,Farming,Pangasius,Spring,28.8,Cloudy,0.0,6.9,0.19,8.7,0,11015,121.6,885.8,13209,470,209,2039231,-10651,High,No
2023-05-05,GrowOut-B,Farming,Pangasius,Spring,27.0,Sunny,0.0,7.0,0.18,9.3,1,11014,107.2,853.2,10340,542,223,2095754,-818,Medium,No
2023-05-06,GrowOut-B,Farming,Pangasius,Spring,24.5,Cloudy,0.0,7.6,0.15,9.7,2,11012,93.1,564.8,9228,760,228,1418321,-6832,Medium,No
2023-05-07,GrowOut-B,Farming,Pangasius,Spring,26.0,Sunny,0.0,7.6,0.17,9.2,2,11010,104.4,775.5,10609,530,219,1870218,953,Medium,No
2023-05-08,GrowOut-B,Farming,Pangasius,Spring,26.6,Partly Cloudy,0.0,7.2,0.18,8.0,0,11010,115.5,857.0,11333,719,217,2047519,-1259,Medium,No
2023-05-09,GrowOut-B,Farming,Pangasius,Spring,26.6,Partly Cloudy,0.0,7.4,0.18,8.6,2,11008,104.9,822.1,11858,589,220,1991291,630,Medium,No
2023-05-10,GrowOut-B,Farming,Pangasius,Spring,26.6,Cloudy,0.0,7.3,0.23,9.7,3,11005,126.1,902.5,12005,821,229,2275051,-6708,High,No
2023-05-11,GrowOut-B,Farming,Pangasius,Spring,25.7,Sunny,0.0,7.2,0.18,9.0,3,11002,116.4,856.7,12455,732,211,1989305,-11220,Medium,No
2023-05-12,GrowOut-B,Farming,Pangasius,Spring,26.0,Partly Cloudy,0.0,7.3,0.19,9.0,1,11001,113.4,663.6,10933,501,223,1628107,114,Medium,No
2023-05-13,GrowOut-B,Farming,Pangasius,Spring,27.7,Partly Cloudy,0.0,7.2,0.15,8.5,1,11000,94.3,706.6,9274,783,217,1686808,-1508,Medium,No
2023-05-14,GrowOut-B,Farming,Pangasius,Spring,27.2,Cloudy,0.0,7.5,0.16,8.7,1,10999,102.3,811.2,10301,707,217,1936334,932,Medium,No
2023-05-15,GrowOut-B,Farming,Pangasius,Spring,28.7,Partly Cloudy,0.0,7.2,0.23,8.8,0,10999,121.5,981.9,13852,700,220,2375982,-9546,High,No
2023-05-16,GrowOut-B,Farming,Pangasius,Spring,27.4,Cloudy,0.0,7.5,0.22,9.0,1,10998,131.7,1001.5,12800,553,221,2434425,-5359,High,No
2023-05-17,GrowOut-B,Farming,Pangasius,Spring,26.9,Sunny,0.0,7.4,0.19,9.0,0,10998,124.4,922.9,12419,727,215,2182262,-333,High,No
2023-05-18,GrowOut-B,Farming,Pangasius,Spring,26.3,Partly Cloudy,0.0,7.3,0.18,9.5,0,10998,106.3,842.2,12083,795,211,1954391,-802,Medium,No
2023-05-19,GrowOut-B,Farming,Pangasius,Spring,28.1,Cloudy,0.0,7.4,0.17,8.3,1,10997,109.3,824.9,12457,604,217,1968678,-8809,Medium,No
2023-05-20,GrowOut-B,Farming,Pangasius,Spring,27.4,Sunny,0.0,7.3,0.15,8.7,1,10996,106.0,821.7,11436,626,228,2060262,3297,Medium,No
2023-05-21,GrowOut-B,Farming,Pangasius,Spring,27.0,Cloudy,0.0,6.9,0.17,8.5,1,10995,96.4,733.8,9533,746,214,1726737,-8895,Medium,No
2023-05-22,GrowOut-B,Farming,Pangasius,Spring,28.1,Partly Cloudy,0.0,7.2,0.16,8.4,1,10994,105.6,761.9,11148,701,211,1767566,-3658,Medium,No
2023-05-23,GrowOut-B,Farming,Pangasius,Spring,29.4,Partly Cloudy,0.0,7.2,0.18,8.8,2,10992,108.7,808.9,11218,690,219,1947577,-971,Medium,No
2023-05-24,GrowOut-B,Farming,Pangasius,Spring,28.7,Cloudy,0.0,7.5,0.23,8.0,1,10991,144.9,1096.2,14181,497,204,2458084,-12557,High,No
2023-05-25,GrowOut-B,Farming,Pangasius,Spring,28.4,Sunny,0.0,7.2,0.18,8.3,2,10989,137.4,973.6,15165,504,216,2311381,-1455,High,No
2023-05-26,GrowOut-B,Farming,Pangasius,Spring,29.5,Sunny,0.0,7.7,0.21,8.1,0,10989,136.5,1006.6,14739,860,213,2356105,-4976,High,No
2023-05-27,GrowOut-B,Farming,Pangasius,Spring,29.6,Partly Cloudy,0.0,7.4,0.2,8.0,0,10989,114.3,931.1,11886,787,216,2210081,-3773,High,No
2023-05-28,GrowOut-B,Farming,Pangasius,Spring,27.1,Partly Cloudy,0.0,7.8,0.21,9.2,2,10987,124.8,878.2,12992,864,210,2026613,-5742,High,No
2023-05-29,GrowOut-B,Farming,Pangasius,Spring,31.0,Hot,0.0,7.5,0.18,7.9,1,10986,120.5,962.3,13209,883,215,2273150,3483,High,No
2023-05-30,GrowOut-B,Farming,Pangasius,Spring,31.7,Sunny,0.0,7.5,0.2,7.4,1,10985,144.0,1016.9,16000,515,209,2334878,-8143,High,No
2023-05-31,GrowOut-B,Farming,Pangasius,Spring,31.8,Sunny,0.2,7.7,0.3,7.5,0,10985,165.8,1286.7,17828,544,223,3151971,-6543,High,No
2023-06-01,GrowOut-B,Farming,Pangasius,Monsoon,28.9,Partly Cloudy,0.9,7.0,0.22,8.4,1,10984,134.1,1006.3,15294,659,214,2365600,-8734,High,No
2023-06-02,GrowOut-B,Farming,Pangasius,Monsoon,29.4,Partly Cloudy,0.4,7.2,0.18,8.0,1,10983,114.1,906.5,11401,771,210,2090969,-8015,High,No
2023-06-03,GrowOut-B,Farming,Pangasius,Monsoon,27.7,Cloudy,0.8,7.4,0.23,8.3,1,10982,127.4,1049.9,14397,697,224,2582956,828,High,No
2023-06-04,GrowOut-B,Farming,Pangasius,Monsoon,30.4,Hot,1.5,7.0,0.27,8.3,1,10981,155.8,1134.9,15241,499,222,2766891,-5079,High,No
2023-06-05,GrowOut-B,Farming,Pangasius,Monsoon,29.8,Cloudy,0.5,7.0,0.21,7.9,2,10979,128.0,1039.4,13024,850,219,2499590,-5525,High,No
2023-06-06,GrowOut-B,Farming,Pangasius,Monsoon,31.9,Hot,0.7,7.2,0.2,8.3,2,10977,131.6,994.4,14329,624,218,2380019,-10585,High,No
2023-06-07,GrowOut-B,Farming,Pangasius,Monsoon,29.8,Cloudy,2.1,7.0,0.24,7.9,0,10977,153.9,1148.5,16594,709,219,2760952,-11739,High,No
2023-06-08,GrowOut-B,Farming,Pangasius,Monsoon,30.1,Hot,2.2,7.4,0.21,7.7,1,10976,131.9,1044.8,14479,793,217,2488723,-7972,High,No
2023-06-09,GrowOut-B,Farming,Pangasius,Monsoon,29.8,Cloudy,2.2,7.2,0.25,9.0,2,10974,136.2,1104.6,13035,494,219,2655176,-9546,High,No
2023-06-10,GrowOut-B,Farming,Pangasius,Monsoon,32.9,Sunny,2.4,7.6,0.27,7.3,2,10972,168.3,1352.7,17104,490,213,3161885,4375,High,No
2023-06-11,GrowOut-B,Farming,Pangasius,Monsoon,29.9,Sunny,2.3,7.3,0.25,7.8,0,10972,165.3,1232.8,16720,480,210,2840519,2882,High,No
2023-06-12,GrowOut-B,Farming,Pangasius,Monsoon,28.1,Cloudy,2.3,7.7,0.24,8.8,0,10972,162.5,1213.8,16538,529,214,2850012,-12702,High,No
2023-06-13,GrowOut-B,Farming,Pangasius,Monsoon,30.3,Sunny,3.1,7.2,0.27,8.2,1,10971,170.8,1316.9,17644,690,216,3120990,-7096,High,No
2023-06-14,GrowOut-B,Farming,Pangasius,Monsoon,30.3,Cloudy,5.1,7.3,0.26,7.8,1,10970,152.7,1249.4,17096,562,220,3015577,-945,High,No
2023-06-15,GrowOut-B,Farming,Pangasius,Monsoon,31.5,Sunny,3.1,7.6,0.3,7.7,0,10970,174.5,1367.0,16715,846,215,3224138,-6459,High,No
2023-06-16,GrowOut-B,Farming,Pangasius,Monsoon,29.5,Sunny,2.7,7.8,0.25,9.4,0,10970,173.4,1250.2,19899,613,213,2921230,-6282,High,No
2023-06-17,GrowOut-B,Farming,Pangasius,Monsoon,30.3,Sunny,2.7,7.8,0.25,7.3,3,10967,151.2,1146.6,15851,752,207,2603688,1590,High,No
2023-06-18,GrowOut-B,Farming,Pangasius,Monsoon,30.5,Sunny,2.4,7.4,0.3,8.5,1,10966,193.3,1379.5,18885,585,219,3313246,4502,High,No
2023-06-19,GrowOut-B,Farming,Pangasius,Monsoon,31.3,Sunny,3.4,7.5,0.28,7.7,2,10964,177.2,1437.5,19205,883,219,3452234,-10099,High,No
2023-06-20,GrowOut-B,Farming,Pangasius,Monsoon,27.9,Sunny,0.5,7.3,0.25,8.6,1,10963,141.2,1042.0,14811,730,215,2456265,-6706,High,No
2023-06-21,GrowOut-B,Farming,Pangasius,Monsoon,30.8,Sunny,3.6,7.5,0.23,8.8,0,10963,148.0,1156.6,15580,892,210,2662759,2138,High,No
2023-06-22,GrowOut-B,Farming,Pangasius,Monsoon,30.9,Hot,2.5,7.5,0.23,7.8,1,10962,151.2,1148.8,16328,765,221,2783339,-6032,High,No
2023-06-23,GrowOut-B,Farming,Pangasius,Monsoon,31.8,Hot,4.5,7.8,0.26,7.2,0,10962,147.4,1187.0,16937,746,209,2719486,-14311,High,No
2023-06-24,GrowOut-B,Farming,Pangasius,Monsoon,30.7,Sunny,1.6,7.3,0.21,7.9,2,10960,134.7,1055.7,14478,781,210,2430243,-7898,High,No
2023-06-25,GrowOut-B,Farming,Pangasius,Monsoon,30.6,Rainy,5.3,7.3,0.31,7.7,1,10959,187.2,1410.9,17919,752,208,3216401,-7921,High,No
2023-06-26,GrowOut-B,Farming,Pangasius,Monsoon,32.6,Cloudy,5.8,7.7,0.3,8.0,1,10958,184.5,1390.0,20421,633,215,3275097,-15295,High,No
2023-06-27,GrowOut-B,Farming,Pangasius,Monsoon,32.3,Hot,1.6,7.3,0.3,7.5,0,10958,176.8,1356.5,18525,570,218,3240467,-6785,High,No
2023-06-28,GrowOut-B,Farming,Pangasius,Monsoon,31.2,Rainy,8.2,7.4,0.3,8.1,0,10958,177.7,1415.5,19943,853,212,3288342,932,High,No
2023-06-29,GrowOut-B,Farming,Pangasius,Monsoon,32.9,Sunny,1.6,7.8,0.25,7.5,2,10956,149.0,1153.2,14349,707,216,2729541,2113,High,No
2023-06-30,GrowOut-B,Farming,Pangasius,Monsoon,30.0,Rainy,11.9,7.2,0.44,5.4,31,10925,128.1,1023.7,13751,520,213,2388935,3425,High,No
2023-07-01,GrowOut-B,Farming,Pangasius,Monsoon,33.9,Cloudy,6.5,7.1,0.29,7.7,0,10925,173.3,1357.1,18768,726,210,3113527,-1291,High,No
2023-07-02,GrowOut-B,Farming,Pangasius,Monsoon,30.7,Rainy,7.5,7.0,0.32,8.9,0,10925,193.9,1480.4,19140,773,208,3364061,-16751,High,No
2023-07-03,GrowOut-B,Farming,Pangasius,Monsoon,32.9,Sunny,4.6,7.0,0.25,8.4,0,10925,157.6,1154.5,16192,731,210,2648712,-5845,High,No
2023-07-04,GrowOut-B,Farming,Pangasius,Monsoon,31.8,Rainy,12.8,7.4,0.29,7.9,1,10924,191.1,1398.3,20854,661,212,3238603,-3897,High,No
2023-07-05,GrowOut-B,Farming,Pangasius,Monsoon,29.7,Rainy,16.0,7.5,0.22,8.1,0,10924,159.4,1237.0,15397,888,210,2837727,-11058,High,No
2023-07-06,GrowOut-B,Farming,Pangasius,Monsoon,32.2,Rainy,14.4,7.4,0.31,8.0,0,10924,197.4,1399.0,19052,534,208,3178797,-108,High,No
2023-07-07,GrowOut-B,Farming,Pangasius,Monsoon,33.2,Heavy Rain,25.2,7.6,0.25,8.4,0,10924,141.7,1161.3,15140,721,209,2651383,-2038,High,No
2023-07-08,GrowOut-B,Farming,Pangasius,Monsoon,30.9,Sunny,4.6,7.8,0.26,8.4,1,10923,155.1,1283.3,17016,689,209,2929923,2620,High,No
2023-07-09,GrowOut-B,Farming,Pangasius,Monsoon,30.8,Cloudy,12.3,7.3,0.26,8.1,0,10923,166.0,1203.9,15975,672,219,2879894,-116,High,No
2023-07-10,GrowOut-B,Farming,Pangasius,Monsoon,30.6,Cloudy,8.7,7.5,0.25,8.0,0,10923,147.3,1116.7,16103,455,212,2585915,-2725,High,No
2023-07-11,GrowOut-B,Farming,Pangasius,Monsoon,31.0,Cloudy,5.4,7.2,0.28,7.6,2,10921,172.9,1380.8,17675,756,209,3152238,4995,High,No
2023-07-12,GrowOut-B,Farming,Pangasius,Monsoon,32.7,Hot,1.8,7.3,0.31,7.8,2,10919,187.5,1445.5,19155,815,219,3457201,-4999,High,No
2023-07-13,GrowOut-B,Farming,Pangasius,Monsoon,31.6,Hot,2.2,7.5,0.25,8.4,3,10916,159.0,1244.4,15710,714,211,2866984,65,High,No
2023-07-14,GrowOut-B,Farming,Pangasius,Monsoon,31.4,Cloudy,6.1,7.4,0.27,8.2,1,10915,171.1,1332.1,19415,831,214,3111818,-9545,High,No
2023-07-15,GrowOut-B,Farming,Pangasius,Monsoon,30.0,Cloudy,7.1,7.4,0.28,7.7,3,10912,167.4,1291.0,18416,639,208,2930983,1570,High,No
2023-07-16,GrowOut-B,Farming,Pangasius,Monsoon,30.7,Hot,1.1,7.3,0.3,8.4,1,10911,179.6,1279.1,17599,615,210,2931083,310,High,No
2023-07-17,GrowOut-B,Farming,Pangasius,Monsoon,30.3,Sunny,2.4,7.0,0.24,8.9,0,10911,144.2,1167.4,14325,457,213,2713088,-9905,High,No
2023-07-18,GrowOut-B,Farming,Pangasius,Monsoon,33.1,Cloudy,7.6,7.5,0.25,7.0,0,10911,160.2,1205.7,15726,823,211,2775788,-4173,High,No
2023-07-19,GrowOut-B,Farming,Pangasius,Monsoon,33.0,Rainy,8.0,7.7,0.25,7.5,0,10911,152.4,1224.1,15999,646,206,2751368,-11888,High,No
2023-07-20,GrowOut-B,Farming,Pangasius,Monsoon,31.1,Rainy,5.5,7.2,0.31,8.6,0,10911,175.5,1312.7,20017,768,207,2964834,-12638,High,No
2023-07-21,GrowOut-B,Farming,Pangasius,Monsoon,32.0,Heavy Rain,25.2,7.0,0.26,7.6,2,10909,168.5,1381.7,16737,671,199,3000070,-9119,High,No
2023-07-22,GrowOut-B,Farming,Pangasius,Monsoon,32.4,Rainy,10.8,7.5,0.28,7.8,0,10909,179.2,1289.0,19241,725,211,2967019,-15124,High,No
2023-07-23,GrowOut-B,Farming,Pangasius,Monsoon,31.9,Cloudy,20.3,7.2,0.27,8.0,0,10909,168.0,1307.7,18273,508,212,3024328,4010,High,No
2023-07-24,GrowOut-B,Farming,Pangasius,Monsoon,31.7,Rainy,9.3,7.4,0.28,7.8,2,10907,162.0,1153.5,16187,875,205,2579624,-11171,High,No
2023-07-25,GrowOut-B,Farming,Pangasius,Monsoon,30.6,Cloudy,8.2,7.7,0.29,8.4,3,10904,172.6,1432.2,18041,576,201,3139822,-3339,High,No
2023-07-26,GrowOut-B,Farming,Pangasius,Monsoon,31.6,Cloudy,9.3,7.4,0.32,7.3,0,10904,186.1,1490.8,21273,802,198,3218625,2238,High,No
2023-07-27,GrowOut-B,Farming,Pangasius,Monsoon,33.6,Rainy,19.4,7.5,0.3,7.5,1,10903,189.7,1517.3,21107,562,203,3358562,-8043,High,No
2023-07-28,GrowOut-B,Farming,Pangasius,Monsoon,31.7,Rainy,9.2,7.6,0.27,7.8,0,10903,180.2,1300.0,18503,517,206,2919823,-14967,High,No
2023-07-29,GrowOut-B,Farming,Pangasius,Monsoon,31.1,Cloudy,11.9,7.4,0.27,8.2,0,10903,171.4,1382.4,19530,778,204,3074751,-7827,High,No
2023-07-30,GrowOut-B,Farming,Pangasius,Monsoon,31.9,Rainy,9.6,7.7,0.3,7.5,1,10902,202.3,1553.4,19797,831,198,3353471,-6414,High,No
2023-07-31,GrowOut-B,Farming,Pangasius,Monsoon,30.9,Rainy,13.4,7.2,0.31,8.6,1,10901,184.2,1480.8,20538,667,209,3374029,329,High,No
2023-08-01,GrowOut-B,Farming,Pangasius,Monsoon,30.7,Cloudy,16.9,7.6,0.3,8.3,2,10899,181.0,1388.0,20392,540,209,3162293,-4503,High,No
2023-08-02,GrowOut-B,Farming,Pangasius,Monsoon,33.0,Rainy,14.9,7.4,0.25,8.5,1,10898,178.5,1312.0,20116,686,203,2902796,-12876,High,No
2023-08-03,GrowOut-B,Farming,Pangasius,Monsoon,31.3,Cloudy,12.4,7.3,0.27,7.4,0,10898,177.0,1392.7,16854,567,216,3278371,-7694,High,No
2023-08-04,GrowOut-B,Farming,Pangasius,Monsoon,31.7,Rainy,5.8,7.7,0.32,7.9,1,10897,183.1,1496.8,17683,659,210,3425547,7763,High,No
2023-08-05,GrowOut-B,Farming,Pangasius,Monsoon,32.0,Cloudy,21.6,7.3,0.31,7.4,2,10895,199.6,1499.8,21333,791,204,3334037,2766,High,No
2023-08-06,GrowOut-B,Farming,Pangasius,Monsoon,31.5,Hot,3.1,7.6,0.3,7.7,1,10894,176.6,1295.1,18378,523,210,2963124,15951,High,Yes
2023-08-07,GrowOut-B,Farming,Pangasius,Monsoon,30.5,Sunny,4.0,7.5,0.24,7.9,0,10894,147.1,1208.2,15600,616,194,2553453,29177,High,Yes
2023-08-08,GrowOut-B,Farming,Pangasius,Monsoon,30.9,Cloudy,5.1,7.5,0.26,8.3,0,10894,187.2,1450.5,20204,628,204,3223556,28138,High,Yes
2023-08-09,GrowOut-B,Farming,Pangasius,Monsoon,29.7,Rainy,13.1,7.2,0.31,8.9,1,10893,195.9,1456.6,21574,468,207,3284717,5715,High,Yes
2023-08-10,GrowOut-B,Farming,Pangasius,Monsoon,30.8,Sunny,3.0,7.3,0.3,7.5,0,10893,172.4,1424.5,16860,496,206,3196518,43911,High,Yes
2023-08-11,GrowOut-B,Farming,Pangasius,Monsoon,31.5,Rainy,16.5,7.3,0.27,7.8,1,10892,162.8,1211.5,16629,487,206,2718555,28576,High,Yes
2023-08-12,GrowOut-B,Farming,Pangasius,Monsoon,32.2,Cloudy,6.7,7.7,0.28,7.1,0,10892,172.2,1379.1,17793,805,203,3049295,10556,High,Yes
2023-08-13,GrowOut-B,Farming,Pangasius,Monsoon,31.2,Rainy,23.5,7.4,0.32,8.2,1,10891,223.9,1620.8,21787,860,204,3601366,15524,High,Yes
2023-08-14,GrowOut-B,Farming,Pangasius,Monsoon,30.4,Rainy,6.0,7.4,0.34,7.5,1,10890,196.9,1491.4,18912,829,197,3199839,23809,High,Yes
2023-08-15,GrowOut-B,Farming,Pangasius,Monsoon,29.8,Rainy,10.7,6.7,0.25,8.1,0,10890,170.0,1236.1,16669,842,207,2786454,14751,High,Yes
2023-08-16,GrowOut-B,Farming,Pangasius,Monsoon,30.5,Hot,1.2,7.3,0.34,8.7,0,10890,211.4,1554.4,20164,794,201,3402411,6517,High,Yes
2023-08-17,GrowOut-B,Farming,Pangasius,Monsoon,30.0,Cloudy,3.0,7.3,0.34,7.7,0,10890,204.7,1508.4,19611,715,207,3400281,15828,High,Yes
2023-08-18,GrowOut-B,Farming,Pangasius,Monsoon,33.7,Cloudy,11.5,6.7,0.27,6.6,2,10888,154.5,1182.9,16475,616,212,2730938,30805,High,Yes
2023-08-19,GrowOut-B,Farming,Pangasius,Monsoon,32.4,Cloudy,7.1,7.4,0.26,7.8,1,10887,159.7,1305.1,18095,785,203,2884616,12904,High,Yes
2023-08-20,GrowOut-B,Farming,Pangasius,Monsoon,29.8,Partly Cloudy,4.6,7.7,0.3,8.2,0,10887,183.3,1413.5,18153,723,190,2923867,10842,High,Yes
2023-08-21,GrowOut-B,Farming,Pangasius,Monsoon,30.4,Cloudy,7.9,7.3,0.31,9.1,2,10885,189.3,1379.8,19693,650,206,3094508,27413,High,Yes
2023-08-22,GrowOut-B,Farming,Pangasius,Monsoon,32.2,Hot,4.1,7.3,0.26,7.7,1,10884,182.7,1305.2,18772,498,206,2926663,33691,High,Yes
2023-08-23,GrowOut-B,Farming,Pangasius,Monsoon,32.4,Rainy,8.1,7.2,0.35,7.6,0,10884,193.2,1606.3,19508,760,203,3549043,45467,High,Yes
2023-08-24,GrowOut-B,Farming,Pangasius,Monsoon,29.9,Cloudy,6.9,7.2,0.27,8.8,2,10882,184.1,1330.7,19795,705,205,2969084,32203,High,Yes
2023-08-25,GrowOut-B,Farming,Pangasius,Monsoon,30.8,Rainy,9.8,7.3,0.29,7.1,1,10881,194.1,1463.9,19280,531,199,3170102,12859,High,Yes
2023-08-26,GrowOut-B,Farming,Pangasius,Monsoon,30.2,Cloudy,20.1,7.5,0.32,8.0,1,10880,211.8,1543.7,21776,789,205,3443385,24157,High,Yes
2023-08-27,GrowOut-B,Farming,Pangasius,Monsoon,31.9,Cloudy,10.1,7.0,0.33,7.8,1,10879,208.5,1639.1,23718,485,197,3513181,40879,High,Yes
2023-08-28,GrowOut-B,Farming,Pangasius,Monsoon,30.8,Rainy,17.6,7.7,0.31,8.4,0,10879,184.5,1529.1,21021,869,210,3493367,24204,High,Yes
2023-08-29,GrowOut-B,Farming,Pangasius,Monsoon,30.5,Sunny,4.1,7.3,0.27,8.4,1,10878,160.6,1235.9,17331,887,204,2742853,31613,High,Yes
2023-08-30,GrowOut-B,Farming,Pangasius,Monsoon,29.9,Rainy,5.4,7.1,0.28,7.0,3,10875,168.4,1313.7,17000,466,208,2972409,16765,High,Yes
2023-08-31,GrowOut-B,Farming,Pangasius,Monsoon,29.6,Stormy,25.2,7.4,0.28,8.5,0,10875,177.4,1388.0,20342,862,196,2958522,34782,High,Yes
2023-09-01,GrowOut-B,Farming,Pangasius,Monsoon,30.6,Cloudy,32.8,7.1,0.35,8.0,1,10874,234.5,1719.4,26406,869,187,3496615,922,High,Yes
2023-09-02,GrowOut-B,Farming,Pangasius,Monsoon,30.1,Rainy,13.2,7.3,0.35,8.0,0,10874,212.9,1565.7,24000,763,198,3371034,12651,High,Yes
2023-09-03,GrowOut-B,Farming,Pangasius,Monsoon,29.4,Cloudy,7.1,7.6,0.24,7.3,1,10873,160.4,1186.0,15929,629,199,2566416,4308,High,Yes
2023-09-04,GrowOut-B,Farming,Pangasius,Monsoon,29.6,Cloudy,16.6,7.6,0.26,8.4,0,10873,169.7,1388.6,16716,456,207,3125337,8364,High,Yes
2023-09-05,GrowOut-B,Farming,Pangasius,Monsoon,30.5,Rainy,10.2,7.3,0.35,8.5,0,10873,231.2,1713.6,25247,773,201,3745027,39573,High,Yes
2023-09-06,GrowOut-B,Farming,Pangasius,Monsoon,27.9,Rainy,7.1,7.5,0.3,7.7,1,10872,189.9,1418.0,18755,760,198,3052747,3949,High,Yes
2023-09-07,GrowOut-B,Farming,Pangasius,Monsoon,28.7,Rainy,13.1,7.5,0.34,8.4,1,10871,205.1,1578.7,21270,878,199,3415562,36937,High,Yes
2023-09-08,GrowOut-B,Farming,Pangasius,Monsoon,30.5,Rainy,18.2,7.5,0.27,7.1,2,10869,179.7,1343.6,18392,819,200,2921255,9147,High,Yes
2023-09-09,GrowOut-B,Farming,Pangasius,Monsoon,29.0,Cloudy,4.9,7.3,0.32,8.0,2,10867,215.7,1612.8,22824,594,188,3295550,15807,High,Yes
2023-09-10,GrowOut-B,Farming,Pangasius,Monsoon,28.9,Rainy,5.6,7.5,0.29,8.3,0,10867,178.1,1428.6,20423,795,196,3042821,32504,High,Yes
2023-09-11,GrowOut-B,Farming,Pangasius,Monsoon,26.7,Cloudy,20.3,7.8,0.3,8.6,1,10866,168.0,1350.6,19190,489,201,2950071,34784,High,Yes
2023-09-12,GrowOut-B,Farming,Pangasius,Monsoon,29.6,Cloudy,11.6,7.3,0.31,8.7,2,10864,225.8,1649.2,23487,693,194,3476520,9589,High,Yes
2023-09-13,GrowOut-B,Farming,Pangasius,Monsoon,31.6,Rainy,23.9,7.4,0.29,8.5,1,10863,188.1,1416.0,21566,515,194,2984384,20591,High,Yes
2023-09-14,GrowOut-B,Farming,Pangasius,Monsoon,30.6,Rainy,8.1,7.3,0.35,7.9,1,10862,236.6,1685.1,27101,807,192,3514606,28401,High,Yes
2023-09-15,GrowOut-B,Farming,Pangasius,Monsoon,27.6,Sunny,3.6,7.8,0.32,8.0,2,10860,191.9,1502.4,22032,695,209,3410685,8075,High,Yes
2023-09-16,GrowOut-B,Farming,Pangasius,Monsoon,29.5,Sunny,1.1,7.7,0.27,8.5,1,10859,179.9,1290.0,20481,783,196,2745842,23189,High,Yes
2023-09-17,GrowOut-B,Farming,Pangasius,Monsoon,29.3,Stormy,30.7,7.0,0.28,7.9,0,10859,177.9,1407.2,19877,618,200,3056157,17280,High,Yes
2023-09-18,GrowOut-B,Farming,Pangasius,Monsoon,29.3,Rainy,22.8,7.1,0.0,8.6,1,11689,9.3,46.1,1011,895,200,107782,-1746,Low,No
2023-09-19,GrowOut-B,Farming,Pangasius,Monsoon,28.6,Cloudy,9.3,7.4,0.02,8.2,1,11688,6.8,31.7,748,772,199,73738,-2151,Low,No
2023-09-20,GrowOut-B,Farming,Pangasius,Monsoon,27.2,Rainy,11.0,7.2,0.05,8.4,1,11687,10.4,49.4,1133,588,196,113168,-2259,Low,No
2023-09-21,GrowOut-B,Farming,Pangasius,Monsoon,26.3,Rainy,15.3,7.6,0.03,8.4,1,11686,7.8,39.6,868,461,196,90710,-1281,Low,No
2023-09-22,GrowOut-B,Farming,Pangasius,Monsoon,26.9,Sunny,3.1,7.1,0.03,9.6,0,11686,10.2,47.1,984,564,200,110082,-2519,Low,No
2023-09-23,GrowOut-B,Farming,Pangasius,Monsoon,28.6,Cloudy,10.2,7.2,0.13,6.8,14,11672,8.4,39.6,861,587,203,93941,-1800,Low,No
2023-09-24,GrowOut-B,Farming,Pangasius,Monsoon,26.3,Cloudy,11.5,7.4,0.01,9.5,1,11671,10.0,46.5,1086,890,195,105836,-2344,Low,No
2023-09-25,GrowOut-B,Farming,Pangasius,Monsoon,25.3,Rainy,8.0,7.6,0.01,9.2,1,11670,6.5,29.6,721,789,193,66674,-2386,Low,No
2023-09-26,GrowOut-B,Farming,Pangasius,Monsoon,25.0,Cloudy,17.0,7.5,0.03,10.2,2,11668,11.1,52.4,1275,621,199,121690,-2544,Low,No
2023-09-27,GrowOut-B,Farming,Pangasius,Monsoon,27.9,Rainy,6.0,7.5,0.0,8.4,0,11668,9.9,49.9,957,776,194,112953,-2053,Low,No
2023-09-28,GrowOut-B,Farming,Pangasius,Monsoon,27.8,Rainy,12.1,7.3,0.04,9.3,1,11667,9.9,50.4,988,893,195,114673,-1742,Low,No
2023-09-29,GrowOut-B,Farming,Pangasius,Monsoon,27.0,Cloudy,5.3,7.3,0.02,9.3,0,11667,8.7,40.5,828,508,205,96865,-1864,Low,No
2023-09-30,GrowOut-B,Farming,Pangasius,Monsoon,27.4,Rainy,5.2,7.3,0.03,9.2,0,11667,15.1,75.3,1586,658,187,164284,-2343,Low,No
2023-10-01,GrowOut-B,Farming,Pangasius,Autumn,25.4,Rainy,7.1,7.5,0.03,9.8,3,11664,8.3,39.1,874,528,202,92148,-1783,Low,No
2023-10-02,GrowOut-B,Farming,Pangasius,Autumn,26.3,Rainy,8.1,7.3,0.03,9.5,0,11664,9.5,43.9,984,759,198,101386,-2238,Low,No
2023-10-03,GrowOut-B,Farming,Pangasius,Autumn,27.0,Sunny,1.9,7.1,0.04,8.9,1,11663,10.1,51.4,1038,785,198,118707,-1821,Low,No
2023-10-04,GrowOut-B,Farming,Pangasius,Autumn,26.4,Cloudy,10.9,7.2,0.06,9.0,1,11662,10.2,50.1,1038,757,203,118616,-2332,Low,No
2023-10-05,GrowOut-B,Farming,Pangasius,Autumn,25.3,Cloudy,3.3,7.1,0.03,10.0,0,11662,11.9,61.0,1347,496,190,135163,-1925,Low,No
2023-10-06,GrowOut-B,Farming,Pangasius,Autumn,22.4,Cloudy,5.0,7.2,0.04,10.3,1,11661,9.3,44.2,952,765,202,104123,-1318,Low,No
2023-10-07,GrowOut-B,Farming,Pangasius,Autumn,25.1,Cloudy,9.2,7.6,0.02,9.0,1,11660,11.5,52.7,1201,576,183,112460,-1882,Low,No
2023-10-08,GrowOut-B,Farming,Pangasius,Autumn,24.5,Rainy,19.8,7.1,0.04,9.5,2,11658,7.6,35.7,866,611,205,85334,-1699,Low,No
2023-10-09,GrowOut-B,Farming,Pangasius,Autumn,25.3,Sunny,4.9,7.1,0.02,9.4,0,11658,14.3,66.9,1393,523,186,145065,-2365,Low,No
2023-10-10,GrowOut-B,Farming,Pangasius,Autumn,26.2,Sunny,4.0,7.5,0.02,9.4,1,11657,14.5,65.4,1486,568,199,151724,-1139,Low,No
2023-10-11,GrowOut-B,Farming,Pangasius,Autumn,24.6,Cloudy,4.1,7.4,0.02,9.6,2,11655,11.9,55.6,1264,555,209,135459,-1749,Low,No
2023-10-12,GrowOut-B,Farming,Pangasius,Autumn,24.9,Cloudy,11.8,7.3,0.04,9.2,0,11655,11.8,59.7,1307,501,208,144727,-2275,Low,No
2023-10-13,GrowOut-B,Farming,Pangasius,Autumn,23.8,Rainy,11.4,7.4,0.05,9.3,3,11652,13.0,58.8,1318,560,191,130895,-1704,Low,No
2023-10-14,GrowOut-B,Farming,Pangasius,Autumn,25.9,Sunny,0.7,6.9,0.04,9.3,2,11650,11.5,54.4,1142,528,191,121069,-1778,Low,No
2023-10-15,GrowOut-B,Farming,Pangasius,Autumn,24.8,Rainy,8.2,7.1,0.05,10.1,0,11650,13.0,58.3,1368,838,189,128368,-1917,Low,No
2023-10-16,GrowOut-B,Farming,Pangasius,Autumn,25.4,Sunny,4.1,7.4,0.01,10.3,1,11649,17.1,82.3,1882,828,195,186965,-1866,Low,No
2023-10-17,GrowOut-B,Farming,Pangasius,Autumn,24.8,Cloudy,8.5,7.4,0.02,9.4,1,11648,13.4,66.3,1284,594,198,152921,-2299,Low,No
2023-10-18,GrowOut-B,Farming,Pangasius,Autumn,24.9,Cloudy,5.9,6.9,0.03,9.0,1,11647,17.0,77.5,1910,787,195,176030,-2260,Low,No
2023-10-19,GrowOut-B,Farming,Pangasius,Autumn,23.7,Cloudy,5.0,7.4,0.05,9.6,1,11646,17.6,90.2,1938,521,192,201707,-2334,Low,No
2023-10-20,GrowOut-B,Farming,Pangasius,Autumn,24.5,Cloudy,12.4,7.5,0.07,9.5,0,11646,15.8,79.1,1511,480,191,175949,-1233,Low,No
2023-10-21,GrowOut-B,Farming,Pangasius,Autumn,23.5,Rainy,5.7,7.2,0.02,9.7,1,11645,15.3,74.2,1538,576,197,170234,-1847,Low,No
2023-10-22,GrowOut-B,Farming,Pangasius,Autumn,24.0,Partly Cloudy,5.0,7.1,0.03,9.7,0,11645,13.3,67.2,1351,589,191,149466,-2470,Low,No
2023-10-23,GrowOut-B,Farming,Pangasius,Autumn,22.4,Partly Cloudy,4.9,7.0,0.05,10.1,0,11645,15.3,76.9,1664,763,193,172832,-2574,Low,No
2023-10-24,GrowOut-B,Farming,Pangasius,Autumn,22.9,Rainy,9.8,7.4,0.05,9.6,1,11644,15.0,68.1,1572,604,194,153847,-2087,Low,No
2023-10-25,GrowOut-B,Farming,Pangasius,Autumn,24.4,Rainy,6.7,7.7,0.02,9.9,2,11642,16.7,73.8,1677,580,195,167569,-2547,Low,No
2023-10-26,GrowOut-B,Farming,Pangasius,Autumn,22.1,Cloudy,5.3,7.6,0.05,10.1,0,11642,17.2,89.0,1754,588,196,203083,-2708,Low,No
2023-10-27,GrowOut-B,Farming,Pangasius,Autumn,22.9,Cloudy,13.8,7.3,0.03,9.1,1,11641,16.8,77.7,1821,535,198,179108,-1887,Low,No
2023-10-28,GrowOut-B,Farming,Pangasius,Autumn,22.9,Rainy,7.1,7.2,0.04,9.8,3,11638,21.1,99.8,2085,759,186,216090,-2736,Low,No
2023-10-29,GrowOut-B,Farming,Pangasius,Autumn,22.0,Partly Cloudy,2.6,7.5,0.02,10.2,2,11636,12.0,55.3,1265,503,194,124855,-1817,Low,No
2023-10-30,GrowOut-B,Farming,Pangasius,Autumn,21.9,Cloudy,1.9,7.3,0.06,10.6,0,11636,16.5,73.5,1777,602,197,168483,-2555,Low,No
2023-10-31,GrowOut-B,Farming,Pangasius,Autumn,21.1,Cloudy,5.8,7.4,0.05,10.0,1,11635,15.2,68.8,1662,870,194,155308,-2462,Low,No
2023-11-01,GrowOut-B,Farming,Pangasius,Autumn,22.2,Rainy,5.1,7.3,0.02,9.9,0,11635,13.2,63.7,1287,619,195,144524,-1529,Low,No
2023-11-02,GrowOut-B,Farming,Pangasius,Autumn,21.0,Sunny,0.8,8.0,0.05,10.2,1,11634,15.1,76.2,1511,673,193,171111,-1983,Low,No
2023-11-03,GrowOut-B,Farming,Pangasius,Autumn,21.8,Cloudy,2.7,7.4,0.04,10.1,0,11634,20.9,107.9,2161,570,201,252317,-2006,Low,No
2023-11-04,GrowOut-B,Farming,Pangasius,Autumn,19.6,Cloudy,5.7,7.2,0.05,10.7,0,11634,13.3,82.3,1366,504,198,189581,-1902,Low,No
2023-11-05,GrowOut-B,Farming,Pangasius,Autumn,20.2,Rainy,5.3,7.2,0.03,10.7,1,11633,16.6,76.1,1613,691,195,172643,-1514,Low,No
2023-11-06,GrowOut-B,Farming,Pangasius,Autumn,19.8,Cloudy,11.2,7.4,0.03,10.8,0,11633,11.1,72.7,1180,454,193,163224,-900,Low,No
2023-11-07,GrowOut-B,Farming,Pangasius,Autumn,23.3,Cloudy,4.2,7.3,0.02,10.0,0,11633,18.8,86.7,1873,728,199,200708,-2128,Low,No
2023-11-08,GrowOut-B,Farming,Pangasius,Autumn,22.8,Cloudy,7.0,7.3,0.02,9.6,0,11633,22.1,114.8,2344,593,201,268429,-2771,Low,No
2023-11-09,GrowOut-B,Farming,Pangasius,Autumn,22.1,Cloudy,5.1,7.4,0.04,10.5,2,11631,18.2,85.2,2076,491,195,193271,-2501,Low,No
2023-11-10,GrowOut-B,Farming,Pangasius,Autumn,24.0,Partly Cloudy,2.4,7.5,0.04,9.7,0,11631,25.4,123.0,2538,633,181,258941,-2526,Low,No
2023-11-11,GrowOut-B,Farming,Pangasius,Autumn,22.6,Sunny,3.3,7.1,0.04,9.6,0,11631,24.6,110.2,2474,451,185,237121,-3063,Low,No
2023-11-12,GrowOut-B,Farming,Pangasius,Autumn,18.9,Cloudy,2.3,7.5,0.06,10.1,2,11629,17.9,115.3,1860,554,190,254800,-3080,Low,No
2023-11-13,GrowOut-B,Farming,Pangasius,Autumn,20.5,Cloudy,3.9,7.8,0.08,9.3,0,11629,20.5,94.6,2312,833,188,206819,-3356,Low,No
2023-11-14,GrowOut-B,Farming,Pangasius,Autumn,19.0,Cloudy,8.1,7.9,0.04,10.7,1,11628,12.4,75.8,1286,844,191,168362,-2132,Low,No
2023-11-15,GrowOut-B,Farming,Pangasius,Autumn,21.1,Partly Cloudy,0.7,7.0,0.02,10.9,2,11626,21.2,100.9,2201,542,192,225267,-1755,Low,No
2023-11-16,GrowOut-B,Farming,Pangasius,Autumn,18.6,Cloudy,0.9,7.6,0.01,10.8,0,11626,16.2,112.0,1594,632,195,253912,-1837,Low,No
2023-11-17,GrowOut-B,Farming,Pangasius,Autumn,20.0,Partly Cloudy,2.7,7.5,0.03,10.0,2,11624,22.8,102.1,2576,621,193,229094,-3313,Low,No
2023-11-18,GrowOut-B,Farming,Pangasius,Autumn,20.7,Sunny,3.1,7.1,0.03,10.5,2,11622,25.7,119.2,2773,479,185,256332,-2490,Low,No
2023-11-19,GrowOut-B,Farming,Pangasius,Autumn,19.0,Partly Cloudy,3.3,7.3,0.05,10.0,1,11621,14.1,97.4,1345,646,196,221869,-1013,Low,No
2023-11-20,GrowOut-B,Farming,Pangasius,Autumn,17.8,Cold,0.7,7.0,0.04,11.1,1,11620,16.0,101.8,1606,860,191,225956,-1949,Low,No
2023-11-21,GrowOut-B,Farming,Pangasius,Autumn,21.4,Sunny,0.7,7.3,0.04,9.8,1,11619,21.5,104.6,2265,689,193,234582,-1730,Low,No
2023-11-22,GrowOut-B,Farming,Pangasius,Autumn,18.7,Partly Cloudy,0.9,7.4,0.03,10.0,1,11618,15.9,94.5,1539,862,196,215207,-1553,Low,No
2023-11-23,GrowOut-B,Farming,Pangasius,Autumn,19.1,Cloudy,0.6,7.2,0.04,10.9,2,11616,14.4,89.3,1636,654,192,199198,-2393,Low,No
2023-11-24,GrowOut-B,Farming,Pangasius,Autumn,18.0,Partly Cloudy,0.3,6.9,0.02,10.6,1,11615,17.6,104.8,1753,590,193,234950,-2731,Low,No
2023-11-25,GrowOut-B,Farming,Pangasius,Autumn,18.4,Sunny,0.2,7.5,0.03,10.5,2,11613,20.0,131.3,2213,842,190,289759,-1943,Low,No
2023-11-26,GrowOut-B,Farming,Pangasius,Autumn,21.6,Sunny,0.6,7.2,0.04,10.1,1,11612,27.3,129.5,2825,526,192,288746,-1647,Low,No
2023-11-27,GrowOut-B,Farming,Pangasius,Autumn,20.3,Sunny,0.0,8.0,0.07,10.0,0,11612,28.6,139.1,3159,571,190,306894,-4040,Low,No
2023-11-28,GrowOut-B,Farming,Pangasius,Autumn,18.0,Sunny,0.1,7.5,0.06,10.3,3,11609,20.0,126.6,2048,531,193,283725,-1190,Low,No
2023-11-29,GrowOut-B,Farming,Pangasius,Autumn,19.1,Sunny,0.0,7.2,0.04,10.5,2,11607,20.8,141.1,2047,573,185,303036,-3305,Low,No
2023-11-30,GrowOut-B,Farming,Pangasius,Autumn,17.5,Sunny,0.0,7.2,0.03,10.9,1,11606,19.6,135.7,1927,661,191,300838,-3075,Low,No
2023-12-01,GrowOut-B,Farming,Pangasius,Winter,18.7,Cloudy,0.0,7.5,0.05,10.3,1,11605,22.8,143.9,2293,561,195,325670,-1288,Low,No
2023-12-02,GrowOut-B,Farming,Pangasius,Winter,19.5,Cloudy,0.0,7.5,0.05,10.6,3,11602,19.6,131.7,2158,480,191,291920,-2654,Low,No
2023-12-03,GrowOut-B,Farming,Pangasius,Winter,17.8,Cloudy,0.0,7.3,0.03,10.3,0,11602,19.8,128.6,2149,628,202,301387,-1697,Low,No
2023-12-04,GrowOut-B,Farming,Pangasius,Winter,18.2,Cloudy,0.0,7.5,0.06,11.1,2,11600,18.8,129.4,1981,804,201,301761,-1757,Low,No
2023-12-05,GrowOut-B,Farming,Pangasius,Winter,18.7,Cloudy,0.0,7.2,0.04,10.0,3,11597,21.1,144.3,2400,525,201,336450,-2490,Low,No
2023-12-06,GrowOut-B,Farming,Pangasius,Winter,16.8,Cold,0.0,7.3,0.03,11.2,2,11595,20.6,139.2,2108,584,190,306717,-1262,Low,No
2023-12-07,GrowOut-B,Farming,Pangasius,Winter,19.4,Partly Cloudy,0.0,7.4,0.03,10.6,0,11595,23.5,145.7,2380,539,197,332810,-2300,Low,No
2023-12-08,GrowOut-B,Farming,Pangasius,Winter,18.6,Cloudy,0.0,7.9,0.02,9.8,2,11593,24.5,156.9,2617,791,196,356574,-1774,Low,No
2023-12-09,GrowOut-B,Farming,Pangasius,Winter,17.9,Cloudy,0.0,7.0,0.04,10.4,0,11593,23.8,149.0,2690,857,192,331653,-2543,Low,No
2023-12-10,GrowOut-B,Farming,Pangasius,Winter,17.5,Cloudy,0.0,7.4,0.04,10.7,0,11593,25.1,166.2,2487,509,191,368011,-3678,Low,No
2023-12-11,GrowOut-B,Farming,Pangasius,Winter,18.7,Sunny,0.0,7.2,0.05,10.4,0,11593,30.8,185.1,3108,474,197,422735,-1144,Low,No
2023-12-12,GrowOut-B,Farming,Pangasius,Winter,15.4,Sunny,0.0,6.9,0.07,11.7,0,11593,29.7,188.0,2996,819,199,433717,-2697,Low,No
2023-12-13,GrowOut-B,Farming,Pangasius,Winter,18.3,Partly Cloudy,0.0,7.5,0.02,10.2,1,11592,20.6,137.6,2085,678,188,299897,-591,Low,No
2023-12-14,GrowOut-B,Farming,Pangasius,Winter,17.3,Cold,0.0,7.4,0.05,11.0,1,11591,27.5,183.1,2645,679,189,401152,-2305,Low,No
2023-12-15,GrowOut-B,Farming,Pangasius,Winter,16.3,Cold,0.0,7.4,0.03,11.1,1,11590,26.2,166.6,2810,606,187,361108,-2869,Low,No
2023-12-16,GrowOut-B,Farming,Pangasius,Winter,18.0,Sunny,0.0,7.3,0.06,10.2,1,11589,27.6,190.8,3110,791,195,431218,-1808,Low,No
2023-12-17,GrowOut-B,Farming,Pangasius,Winter,17.7,Cold,0.0,7.6,0.07,10.6,1,11588,32.4,194.1,3563,678,197,443137,-4513,Low,No
2023-12-18,GrowOut-B,Farming,Pangasius,Winter,17.0,Cloudy,0.0,7.8,0.04,11.4,1,11587,25.5,161.7,2796,736,197,369135,-3142,Low,No
2023-12-19,GrowOut-B,Farming,Pangasius,Winter,17.9,Cold,0.0,7.7,0.04,11.1,0,11587,22.9,153.3,2356,469,197,349929,-2955,Low,No
2023-12-20,GrowOut-B,Farming,Pangasius,Winter,16.4,Cold,0.0,7.1,0.02,11.0,0,11587,25.1,163.0,2594,822,198,373959,-2280,Low,No
2023-12-21,GrowOut-B,Farming,Pangasius,Winter,18.7,Cloudy,0.0,7.3,0.05,10.9,2,11585,25.8,158.8,2451,480,200,368003,-3545,Low,No
2023-12-22,GrowOut-B,Farming,Pangasius,Winter,16.8,Sunny,0.0,7.6,0.06,10.9,0,11585,33.4,198.0,3486,892,204,467941,-2854,Low,No
2023-12-23,GrowOut-B,Farming,Pangasius,Winter,15.8,Cold,0.0,7.3,0.08,10.8,1,11584,31.2,186.1,3525,728,192,413946,-1955,Low,No
2023-12-24,GrowOut-B,Farming,Pangasius,Winter,16.1,Cloudy,0.0,7.2,0.06,10.7,2,11582,30.6,193.5,3459,784,202,452784,-2529,Low,No
2023-12-25,GrowOut-B,Farming,Pangasius,Winter,15.5,Sunny,0.0,7.0,0.1,11.4,1,11581,29.7,180.4,3247,684,205,428326,-1570,Low,No
2023-12-26,GrowOut-B,Farming,Pangasius,Winter,16.7,Cold,0.0,7.4,0.04,10.5,1,11580,29.0,192.1,3035,598,200,444942,-2973,Low,No
2023-12-27,GrowOut-B,Farming,Pangasius,Winter,16.0,Sunny,0.0,7.4,0.07,10.5,0,11580,30.2,240.7,3226,811,197,549099,-3542,Low,No
2023-12-28,GrowOut-B,Farming,Pangasius,Winter,15.2,Cold,0.0,7.2,0.09,11.0,2,11578,27.1,211.4,2693,880,201,492050,-638,Low,No
2023-12-29,GrowOut-B,Farming,Pangasius,Winter,14.7,Cold,0.0,7.7,0.07,11.7,0,11578,31.6,245.3,3263,630,190,539616,-2882,Low,No
2023-12-30,GrowOut-B,Farming,Pangasius,Winter,18.8,Sunny,0.0,7.1,0.03,10.1,1,11577,33.6,199.4,3829,748,195,450187,-4130,Low,No
2023-12-31,GrowOut-B,Farming,Pangasius,Winter,16.3,Cold,0.0,7.5,0.06,11.4,0,11577,26.5,216.7,2599,663,189,474151,-1911,Low,No
2024-01-01,GrowOut-B,Farming,Pangasius,Winter,15.9,Cloudy,0.0,7.8,0.05,11.1,1,11576,25.0,200.7,2815,671,192,446113,-2983,Low,No
2024-01-02,GrowOut-B,Farming,Pangasius,Winter,17.3,Cold,0.0,7.5,0.06,10.7,0,11576,31.3,227.6,3153,725,201,529574,-2470,Low,No
2024-01-03,GrowOut-B,Farming,Pangasius,Winter,14.9,Sunny,0.0,7.5,0.06,11.2,2,11574,30.9,223.3,2987,487,191,493720,-1447,Low,No
2024-01-04,GrowOut-B,Farming,Pangasius,Winter,15.2,Cold,0.0,6.9,0.09,11.9,1,11573,32.5,248.0,3148,887,197,565459,-1736,Low,No
2024-01-05,GrowOut-B,Farming,Pangasius,Winter,16.2,Cold,0.0,7.6,0.15,9.2,13,11560,35.0,286.4,4014,615,198,656272,-657,Low,No
2024-01-06,GrowOut-B,Farming,Pangasius,Winter,14.8,Sunny,0.0,7.2,0.05,11.0,1,11559,30.6,239.0,2932,852,193,533228,-3416,Low,No
2024-01-07,GrowOut-B,Farming,Pangasius,Winter,16.6,Sunny,0.0,7.2,0.05,11.1,0,11559,32.6,199.8,3097,865,197,454969,-3974,Low,No
2024-01-08,GrowOut-B,Farming,Pangasius,Winter,14.5,Cloudy,0.0,8.0,0.07,11.4,0,11559,35.0,282.3,3512,581,190,619990,-2246,Low,No
2024-01-09,GrowOut-B,Farming,Pangasius,Winter,14.6,Sunny,0.0,7.6,0.04,11.3,2,11557,30.1,236.9,3224,567,203,555880,-1073,Low,No
2024-01-10,GrowOut-B,Farming,Pangasius,Winter,14.8,Sunny,0.0,7.1,0.1,11.0,0,11557,28.1,230.2,3057,464,209,556028,-2719,Low,No
2024-01-11,GrowOut-B,Farming,Pangasius,Winter,15.9,Cold,0.0,7.4,0.07,11.5,1,11556,35.9,294.7,3668,679,204,694793,-974,Low,No
2024-01-12,GrowOut-B,Farming,Pangasius,Winter,17.2,Cloudy,0.0,7.5,0.06,11.2,0,11556,33.0,260.3,3659,831,202,607621,-3375,Low,No
2024-01-13,GrowOut-B,Farming,Pangasius,Winter,16.8,Cold,0.0,7.3,0.1,11.6,0,11556,37.1,276.8,3552,476,197,630144,-3975,Low,No
2024-01-14,GrowOut-B,Farming,Pangasius,Winter,17.9,Cold,0.0,7.9,0.1,10.5,3,11553,49.0,350.4,5363,577,199,805795,-1795,Low,No
2024-01-15,GrowOut-B,Farming,Pangasius,Winter,15.0,Sunny,0.0,7.4,0.07,10.9,1,11552,33.4,270.7,3447,868,196,612970,-542,Low,No
2024-01-16,GrowOut-B,Farming,Pangasius,Winter,14.5,Sunny,0.0,7.3,0.09,11.5,0,11552,41.1,321.8,4487,853,199,739769,-5296,Low,No
2024-01-17,GrowOut-B,Farming,Pangasius,Winter,16.5,Cold,0.0,7.0,0.07,10.7,0,11552,39.5,288.7,3791,829,209,697028,-3715,Low,No
2024-01-18,GrowOut-B,Farming,Pangasius,Winter,17.5,Cold,0.0,7.7,0.07,10.5,0,11552,40.7,325.1,4653,803,195,732333,-4148,Low,No
2024-01-19,GrowOut-B,Farming,Pangasius,Winter,16.1,Cold,0.0,7.5,0.1,10.6,0,11552,45.5,344.4,4966,746,195,775809,-1145,Low,No
2024-01-20,GrowOut-B,Farming,Pangasius,Winter,15.2,Sunny,0.0,7.6,0.08,12.0,0,11552,50.1,357.2,5630,524,192,792264,-3512,Low,No
2024-01-21,GrowOut-B,Farming,Pangasius,Winter,15.2,Cloudy,0.0,7.6,0.07,11.6,1,11551,49.0,357.8,4696,513,199,822528,-1634,Low,No
2024-01-22,GrowOut-B,Farming,Pangasius,Winter,15.1,Cloudy,0.0,7.5,0.06,11.0,1,11550,49.0,368.3,5065,797,207,880626,-3604,Low,No
2024-01-23,GrowOut-B,Farming,Pangasius,Winter,15.1,Cloudy,0.0,7.6,0.05,10.8,3,11547,47.7,362.9,4534,667,204,855065,412,Low,No
2024-01-24,GrowOut-B,Farming,Pangasius,Winter,16.2,Cold,0.0,7.3,0.08,11.2,0,11547,39.6,311.3,4284,781,196,704538,-3729,Low,No
2024-01-25,GrowOut-B,Farming,Pangasius,Winter,17.3,Cloudy,0.0,7.4,0.07,10.2,0,11547,48.4,383.3,5191,726,200,885193,-907,Low,No
2024-01-26,GrowOut-B,Farming,Pangasius,Winter,14.5,Sunny,0.0,7.2,0.11,11.3,1,11546,50.2,388.9,5491,696,196,880163,84,Low,No
2024-01-27,GrowOut-B,Farming,Pangasius,Winter,17.3,Cloudy,0.0,7.4,0.08,10.8,0,11546,36.5,278.3,3765,732,198,636224,-4591,Low,No
2024-01-28,GrowOut-B,Farming,Pangasius,Winter,16.5,Cloudy,0.0,7.2,0.1,11.8,0,11546,48.6,399.5,5209,554,204,940976,155,Medium,No
2024-01-29,GrowOut-B,Farming,Pangasius,Winter,16.1,Cold,0.0,7.3,0.08,11.6,0,11546,42.1,347.1,4549,467,202,809539,-853,Low,No
2024-01-30,GrowOut-B,Farming,Pangasius,Winter,16.7,Sunny,0.0,7.2,0.08,11.4,1,11545,41.0,314.6,4330,468,206,748269,-921,Low,No
2024-01-31,GrowOut-B,Farming,Pangasius,Winter,16.3,Cold,0.0,7.4,0.07,11.5,2,11543,43.8,346.7,5001,811,217,868575,-2169,Low,No
2024-02-01,GrowOut-B,Farming,Pangasius,Winter,16.7,Sunny,0.0,7.9,0.29,7.5,13,11530,58.8,422.3,6488,805,202,984671,-3158,Medium,No
2024-02-02,GrowOut-B,Farming,Pangasius,Winter,16.8,Cold,0.0,7.3,0.11,10.1,1,11529,49.2,375.0,5200,699,199,860426,-5339,Low,No
2024-02-03,GrowOut-B,Farming,Pangasius,Winter,17.0,Cold,0.0,7.9,0.12,10.7,2,11527,58.2,440.8,6374,530,199,1011315,-5346,Medium,No
2024-02-04,GrowOut-B,Farming,Pangasius,Winter,16.9,Sunny,0.0,7.5,0.08,11.9,1,11526,49.2,387.3,4916,666,197,879488,-4204,Low,No
2024-02-05,GrowOut-B,Farming,Pangasius,Winter,17.6,Sunny,0.0,7.6,0.12,10.8,3,11523,52.4,426.5,5284,566,202,992999,1075,Medium,No
2024-02-06,GrowOut-B,Farming,Pangasius,Winter,16.1,Cold,0.0,7.5,0.12,11.1,0,11523,53.3,444.3,5879,580,203,1039293,-1144,Medium,No
2024-02-07,GrowOut-B,Farming,Pangasius,Winter,16.9,Sunny,0.0,7.7,0.12,11.4,0,11523,44.3,325.5,4982,834,203,761400,-175,Low,No
2024-02-08,GrowOut-B,Farming,Pangasius,Winter,18.2,Sunny,0.0,7.5,0.09,10.6,0,11523,56.5,440.2,6435,884,207,1049992,-963,Medium,No
2024-02-09,GrowOut-B,Farming,Pangasius,Winter,17.3,Cloudy,0.0,7.3,0.1,11.4,1,11522,49.7,363.7,5496,659,201,842374,-2800,Low,No
2024-02-10,GrowOut-B,Farming,Pangasius,Winter,18.5,Cloudy,0.0,7.7,0.11,10.7,1,11521,53.1,402.5,5882,609,205,950709,-769,Medium,No
2024-02-11,GrowOut-B,Farming,Pangasius,Winter,16.7,Sunny,0.0,7.5,0.12,10.6,1,11520,64.5,497.6,7303,729,197,1129371,-1823,Medium,No
2024-02-12,GrowOut-B,Farming,Pangasius,Winter,15.7,Cold,0.0,7.2,0.18,11.1,0,11520,72.2,516.6,7353,685,194,1154539,-3467,Medium,No
2024-02-13,GrowOut-B,Farming,Pangasius,Winter,17.8,Cloudy,0.0,7.1,0.1,10.2,0,11520,69.8,514.4,7122,603,205,1214807,-368,Medium,No
2024-02-14,GrowOut-B,Farming,Pangasius,Winter,16.3,Cloudy,0.0,7.2,0.08,11.3,0,11520,49.6,376.5,5517,546,207,897817,-1656,Low,No
2024-02-15,GrowOut-B,Farming,Pangasius,Winter,15.2,Cloudy,0.0,7.3,0.12,10.9,1,11519,61.5,496.7,5925,897,213,1218783,1084,Medium,No
2024-02-16,GrowOut-B,Farming,Pangasius,Winter,16.7,Cloudy,0.0,7.4,0.1,11.5,0,11519,61.0,471.9,6188,616,210,1141521,-6448,Medium,No
2024-02-17,GrowOut-B,Farming,Pangasius,Winter,17.8,Cloudy,0.0,7.1,0.1,9.9,1,11518,50.7,411.6,4834,749,211,1000398,-621,Medium,No
2024-02-18,GrowOut-B,Farming,Pangasius,Winter,17.0,Cloudy,0.0,7.1,0.26,8.3,11,11507,63.4,517.5,6193,493,200,1192113,-1542,Medium,No
2024-02-19,GrowOut-B,Farming,Pangasius,Winter,17.9,Cold,0.0,7.4,0.1,10.5,0,11507,65.3,482.2,6926,698,210,1165222,-4659,Medium,No
2024-02-20,GrowOut-B,Farming,Pangasius,Winter,14.9,Sunny,0.0,7.3,0.12,11.4,3,11504,70.2,532.5,7565,561,206,1262260,-348,Medium,No
2024-02-21,GrowOut-B,Farming,Pangasius,Winter,14.5,Cloudy,0.0,7.6,0.09,11.6,2,11502,52.2,397.4,5939,749,201,918910,-1633,Medium,No
2024-02-22,GrowOut-B,Farming,Pangasius,Winter,18.1,Partly Cloudy,0.0,7.2,0.13,10.5,4,11498,78.3,582.3,8769,892,212,1419894,-4162,Medium,No
2024-02-23,GrowOut-B,Farming,Pangasius,Winter,17.9,Cold,0.0,7.6,0.08,10.4,1,11497,59.9,477.3,6178,462,199,1092111,-3533,Medium,No
2024-02-24,GrowOut-B,Farming,Pangasius,Winter,18.8,Cloudy,0.0,7.9,0.1,10.1,1,11496,56.4,417.9,5950,720,206,989747,-3471,Medium,No
2024-02-25,GrowOut-B,Farming,Pangasius,Winter,17.7,Cold,0.0,7.6,0.14,11.1,2,11494,70.9,575.9,7187,506,212,1403556,-4994,Medium,No
2024-02-26,GrowOut-B,Farming,Pangasius,Winter,16.3,Cold,0.0,7.6,0.09,10.7,0,11494,59.0,441.7,6598,698,218,1106764,130,Medium,No
2024-02-27,GrowOut-B,Farming,Pangasius,Winter,16.1,Cold,0.0,7.2,0.12,11.6,5,11489,72.9,559.3,7767,761,211,1356433,930,Medium,No
2024-02-28,GrowOut-B,Farming,Pangasius,Winter,17.1,Sunny,0.0,8.0,0.07,11.1,2,11487,61.7,485.6,6790,468,211,1177181,14,Medium,No
2024-02-29,GrowOut-B,Farming,Pangasius,Winter,17.6,Cold,0.0,7.3,0.11,11.5,1,11486,72.6,539.9,6973,481,213,1320990,1432,Medium,No
2024-03-01,GrowOut-B,Farming,Pangasius,Spring,16.4,Cold,0.0,7.2,0.12,11.8,3,11483,54.0,431.4,5637,613,210,1040563,-5185,Medium,No
2024-03-02,GrowOut-B,Farming,Pangasius,Spring,17.6,Cold,0.0,7.3,0.11,10.4,0,11483,71.5,557.2,7928,487,205,1311657,-5776,Medium,No
2024-03-03,GrowOut-B,Farming,Pangasius,Spring,20.8,Cloudy,0.0,8.0,0.18,10.3,0,11483,110.3,640.3,12270,662,209,1536686,-4724,Medium,No
2024-03-04,GrowOut-B,Farming,Pangasius,Spring,18.0,Sunny,0.0,7.2,0.12,10.7,0,11483,78.0,611.5,8475,557,215,1509699,-8083,Medium,No
2024-03-05,GrowOut-B,Farming,Pangasius,Spring,17.2,Sunny,0.0,8.0,0.14,10.9,1,11482,73.5,607.9,8055,829,214,1493830,-2368,Medium,No
2024-03-06,GrowOut-B,Farming,Pangasius,Spring,19.1,Sunny,0.0,7.3,0.13,10.3,3,11479,66.7,548.4,6855,821,220,1385280,-3451,Medium,No
2024-03-07,GrowOut-B,Farming,Pangasius,Spring,19.9,Partly Cloudy,0.0,7.7,0.15,10.2,0,11479,90.6,690.5,9655,571,215,1704144,860,Medium,No
2024-03-08,GrowOut-B,Farming,Pangasius,Spring,19.5,Sunny,0.0,7.3,0.15,10.4,0,11479,77.2,623.9,8269,451,212,1518291,-3209,Medium,No
2024-03-09,GrowOut-B,Farming,Pangasius,Spring,18.0,Sunny,0.0,7.6,0.13,10.6,1,11478,79.2,610.6,8437,817,221,1549006,-7198,Medium,No
2024-03-10,GrowOut-B,Farming,Pangasius,Spring,21.4,Cloudy,0.0,7.7,0.16,9.7,0,11478,99.7,607.3,9932,562,215,1498677,-1571,Medium,No
2024-03-11,GrowOut-B,Farming,Pangasius,Spring,18.0,Cloudy,0.0,7.6,0.15,10.3,1,11477,69.7,546.3,7007,501,215,1348143,-210,Medium,No
2024-03-12,GrowOut-B,Farming,Pangasius,Spring,21.9,Cloudy,0.0,7.3,0.16,10.3,2,11475,98.1,567.2,10131,604,208,1354029,-8669,Medium,No
2024-03-13,GrowOut-B,Farming,Pangasius,Spring,17.9,Sunny,0.0,7.1,0.13,10.8,0,11475,81.7,615.2,8364,890,213,1503656,-1396,Medium,No
2024-03-14,GrowOut-B,Farming,Pangasius,Spring,18.8,Cloudy,0.0,7.4,0.1,10.4,0,11475,67.5,554.1,7570,516,201,1278018,-4246,Medium,No
2024-03-15,GrowOut-B,Farming,Pangasius,Spring,19.3,Cloudy,0.0,7.6,0.17,10.0,1,11474,89.9,696.9,9421,877,210,1679355,-8690,Medium,No
2024-03-16,GrowOut-B,Farming,Pangasius,Spring,19.4,Sunny,0.0,7.3,0.14,10.2,0,11474,74.3,610.4,8220,825,210,1470783,-3817,Medium,No
2024-03-17,GrowOut-B,Farming,Pangasius,Spring,17.3,Cloudy,0.0,7.4,0.12,11.0,3,11471,68.3,529.8,6881,578,215,1306969,-2634,Medium,No
2024-03-18,GrowOut-B,Farming,Pangasius,Spring,21.5,Sunny,0.0,7.3,0.17,9.8,0,11471,120.2,684.8,11576,654,209,1641766,-3694,Medium,No
2024-03-19,GrowOut-B,Farming,Pangasius,Spring,19.5,Partly Cloudy,0.0,7.5,0.13,10.1,0,11471,71.0,571.0,7937,884,209,1368938,-6390,Medium,No
2024-03-20,GrowOut-B,Farming,Pangasius,Spring,20.6,Sunny,0.0,7.3,0.18,10.4,1,11470,114.7,652.1,12688,740,224,1675574,-9778,Medium,No
2024-03-21,GrowOut-B,Farming,Pangasius,Spring,20.6,Cloudy,0.0,7.6,0.18,10.2,0,11470,117.3,682.4,11401,775,212,1659351,-8291,Medium,No
2024-03-22,GrowOut-B,Farming,Pangasius,Spring,21.1,Sunny,0.0,7.6,0.16,9.9,1,11469,109.3,658.6,12131,786,207,1563707,-10884,Medium,No
2024-03-23,GrowOut-B,Farming,Pangasius,Spring,22.1,Sunny,0.0,7.0,0.15,9.9,0,11469,108.3,668.9,12042,791,210,1611039,-1603,Medium,No
2024-03-24,GrowOut-B,Farming,Pangasius,Spring,19.2,Cloudy,0.0,7.4,0.14,10.6,1,11468,87.5,660.6,9926,732,220,1666813,-4027,Medium,No
2024-03-25,GrowOut-B,Farming,Pangasius,Spring,20.5,Sunny,0.0,7.3,0.17,10.5,0,11468,115.7,813.6,12587,699,216,2015359,-7237,Medium,No
2024-03-26,GrowOut-B,Farming,Pangasius,Spring,19.7,Partly Cloudy,0.0,7.7,0.13,10.1,3,11465,70.2,591.7,7099,794,213,1445336,137,Medium,No
2024-03-27,GrowOut-B,Farming,Pangasius,Spring,20.7,Partly Cloudy,0.0,7.5,0.16,10.0,0,11465,97.0,739.6,10514,882,210,1780698,-3363,Medium,No
2024-03-28,GrowOut-B,Farming,Pangasius,Spring,23.0,Sunny,0.0,7.9,0.16,9.8,1,11464,111.5,755.5,12578,596,207,1792994,-8240,Medium,No
2024-03-29,GrowOut-B,Farming,Pangasius,Spring,21.1,Partly Cloudy,0.0,7.4,0.19,9.4,0,11464,117.8,805.9,12353,644,219,2023305,-11516,Medium,No
2024-03-30,GrowOut-B,Farming,Pangasius,Spring,19.6,Sunny,0.0,7.6,0.13,10.2,0,11464,79.6,583.1,7930,840,211,1410463,-3157,Medium,No
2024-03-31,GrowOut-B,Farming,Pangasius,Spring,22.6,Cloudy,0.0,7.4,0.22,9.8,0,11464,132.1,950.0,14349,889,212,2308850,-1969,High,No
2024-04-01,GrowOut-B,Farming,Pangasius,Spring,22.9,Sunny,0.0,7.2,0.22,9.8,0,11464,128.8,885.1,12486,565,218,2211999,-2882,High,No
2024-04-02,GrowOut-B,Farming,Pangasius,Spring,24.1,Sunny,0.0,7.2,0.25,9.0,0,11464,129.2,1019.0,14573,852,216,2523272,-7177,High,No
2024-04-03,GrowOut-B,Farming,Pangasius,Spring,20.9,Sunny,0.0,7.6,0.19,10.2,0,11464,101.9,772.9,10191,719,226,2002479,-1053,Medium,No
2024-04-04,GrowOut-B,Farming,Pangasius,Spring,22.1,Sunny,0.0,7.6,0.17,9.8,2,11462,115.7,669.6,12244,746,213,1635051,-3927,Medium,No
2024-04-05,GrowOut-B,Farming,Pangasius,Spring,20.5,Partly Cloudy,0.0,7.4,0.18,9.5,0,11462,119.8,849.2,12368,599,210,2044041,-4006,High,No
2024-04-06,GrowOut-B,Farming,Pangasius,Spring,23.9,Sunny,0.0,7.1,0.25,9.5,1,11461,148.7,1014.8,15397,607,212,2465907,-1100,High,No
2024-04-07,GrowOut-B,Farming,Pangasius,Spring,23.7,Cloudy,0.0,7.7,0.24,9.8,0,11461,141.3,959.1,13699,732,212,2330356,-1436,High,No
2024-04-08,GrowOut-B,Farming,Pangasius,Spring,22.6,Sunny,0.0,7.4,0.18,9.7,0,11461,103.8,739.6,11392,780,213,1805506,-311,Medium,No
2024-04-09,GrowOut-B,Farming,Pangasius,Spring,23.4,Sunny,0.0,7.5,0.18,10.8,0,11461,109.0,766.6,11797,552,217,1906563,-10359,Medium,No
2024-04-10,GrowOut-B,Farming,Pangasius,Spring,24.9,Cloudy,0.0,7.1,0.23,9.2,1,11460,147.3,1083.6,15841,846,212,2632858,824,High,No
2024-04-11,GrowOut-B,Farming,Pangasius,Spring,23.6,Partly Cloudy,0.0,7.8,0.18,9.5,0,11460,106.9,805.2,12082,663,216,1993160,-8568,Medium,No
2024-04-12,GrowOut-B,Farming,Pangasius,Spring,22.8,Sunny,0.0,7.8,0.19,9.8,2,11458,130.6,891.2,14739,499,208,2124336,-11753,High,No
2024-04-13,GrowOut-B,Farming,Pangasius,Spring,21.7,Sunny,0.0,7.2,0.15,9.3,1,11457,101.5,728.9,10108,816,222,1854085,-279,Medium,No
2024-04-14,GrowOut-B,Farming,Pangasius,Spring,24.2,Cloudy,0.0,7.3,0.19,9.7,1,11456,128.3,967.9,14626,869,210,2328738,1394,High,No
2024-04-15,GrowOut-B,Farming,Pangasius,Spring,23.9,Cloudy,0.0,7.2,0.23,9.2,2,11454,149.9,1096.2,14712,899,223,2800449,-607,High,No
2024-04-16,GrowOut-B,Farming,Pangasius,Spring,23.6,Sunny,0.0,7.6,0.25,10.2,0,11454,140.0,1067.1,15011,808,219,2676741,-7711,High,No
2024-04-17,GrowOut-B,Farming,Pangasius,Spring,24.1,Cloudy,0.0,7.5,0.18,9.2,1,11453,118.3,850.1,13065,459,217,2112939,-7655,High,No
2024-04-18,GrowOut-B,Farming,Pangasius,Spring,21.3,Cloudy,0.0,7.3,0.19,9.8,4,11449,115.3,841.1,12294,808,205,1974789,996,High,No
2024-04-19,GrowOut-B,Farming,Pangasius,Spring,25.8,Sunny,0.0,7.6,0.28,9.3,2,11447,154.4,1106.6,17315,702,218,2761943,1722,High,No
2024-04-20,GrowOut-B,Farming,Pangasius,Spring,24.1,Cloudy,0.0,7.4,0.25,9.0,2,11445,136.2,1023.6,13083,531,226,2648076,-7765,High,No
2024-04-21,GrowOut-B,Farming,Pangasius,Spring,24.2,Sunny,0.0,7.6,0.18,8.9,0,11445,117.0,871.8,13123,695,211,2105305,-8429,High,No
2024-04-22,GrowOut-B,Farming,Pangasius,Spring,24.6,Cloudy,0.0,7.6,0.19,9.7,0,11445,121.0,844.9,11721,568,219,2117704,-8915,High,No
2024-04-23,GrowOut-B,Farming,Pangasius,Spring,23.2,Sunny,0.0,7.3,0.2,10.0,1,11444,103.4,769.9,11556,513,217,1912097,-8213,Medium,No
2024-04-24,GrowOut-B,Farming,Pangasius,Spring,25.3,Cloudy,0.0,7.2,0.17,8.8,0,11444,113.2,879.4,11755,640,211,2123473,-2994,High,No
2024-04-25,GrowOut-B,Farming,Pangasius,Spring,24.2,Cloudy,0.0,7.3,0.23,8.9,0,11444,142.8,1081.5,15512,897,225,2784754,-13585,High,No
2024-04-26,GrowOut-B,Farming,Pangasius,Spring,23.3,Sunny,0.0,7.6,0.25,9.0,0,11444,151.4,1067.8,16475,838,211,2578400,-15127,High,No
2024-04-27,GrowOut-B,Farming,Pangasius,Spring,22.6,Partly Cloudy,0.0,7.7,0.21,10.4,0,11444,103.4,808.5,11140,486,223,2063302,-7716,Medium,No
2024-04-28,GrowOut-B,Farming,Pangasius,Spring,24.8,Sunny,0.0,7.3,0.24,9.4,0,11444,140.8,1006.9,15199,476,217,2500483,-919,High,No
2024-04-29,GrowOut-B,Farming,Pangasius,Spring,24.8,Cloudy,0.0,7.7,0.18,9.2,0,11444,111.0,842.2,11329,621,220,2120390,1649,High,No
2024-04-30,GrowOut-B,Farming,Pangasius,Spring,25.5,Cloudy,0.0,7.1,0.23,9.2,0,11444,142.4,1114.4,14271,488,219,2792949,-10106,High,No
2024-05-01,GrowOut-B,Farming,Pangasius,Spring,24.7,Cloudy,0.0,7.5,0.24,8.6,2,11442,140.6,1060.6,14738,860,221,2682389,-10366,High,No
2024-05-02,GrowOut-B,Farming,Pangasius,Spring,25.1,Partly Cloudy,0.0,7.1,0.24,9.0,1,11441,146.1,1059.0,14797,661,214,2593055,-5694,High,No
2024-05-03,GrowOut-B,Farming,Pangasius,Spring,25.0,Sunny,0.0,7.4,0.21,9.5,2,11439,124.8,878.5,13508,849,223,2241355,-7283,High,No
2024-05-04,GrowOut-B,Farming,Pangasius,Spring,26.4,Partly Cloudy,0.0,7.3,0.2,8.9,2,11437,129.3,956.9,12995,517,223,2440953,-2037,High,No
2024-05-05,GrowOut-B,Farming,Pangasius,Spring,25.4,Sunny,0.0,7.6,0.25,10.1,0,11437,151.0,1039.3,15890,896,218,2591251,-2777,High,No
2024-05-06,GrowOut-B,Farming,Pangasius,Spring,25.0,Partly Cloudy,0.0,7.6,0.22,8.7,0,11437,146.0,985.6,15554,778,211,2378457,-2826,High,No
2024-05-07,GrowOut-B,Farming,Pangasius,Spring,27.8,Cloudy,0.0,7.9,0.27,8.8,2,11435,159.8,1165.8,15949,721,216,2879983,-3364,High,No
2024-05-08,GrowOut-B,Farming,Pangasius,Spring,27.6,Cloudy,0.0,7.3,0.27,8.4,0,11435,159.8,1115.7,17649,800,213,2717460,948,High,No
2024-05-09,GrowOut-B,Farming,Pangasius,Spring,26.6,Cloudy,0.0,7.6,0.26,9.1,1,11434,142.1,1008.8,14261,471,217,2503231,2608,High,No
2024-05-10,GrowOut-B,Farming,Pangasius,Spring,24.0,Partly Cloudy,0.0,7.4,0.28,9.5,0,11434,152.0,1160.1,16130,688,217,2878415,-8873,High,No
2024-05-11,GrowOut-B,Farming,Pangasius,Spring,26.2,Cloudy,0.0,7.7,0.25,8.9,0,11434,146.7,1030.9,14457,877,216,2546059,2194,High,No
2024-05-12,GrowOut-B,Farming,Pangasius,Spring,29.0,Sunny,0.0,7.4,0.27,8.4,0,11434,180.3,1265.7,19883,688,226,3270675,-8414,High,No
2024-05-13,GrowOut-B,Farming,Pangasius,Spring,26.2,Sunny,0.0,7.1,0.22,9.5,1,11433,143.3,987.2,15610,729,209,2359118,-2493,High,No
2024-05-14,GrowOut-B,Farming,Pangasius,Spring,25.6,Cloudy,0.0,7.3,0.23,9.2,0,11433,143.7,1134.8,15751,633,206,2672679,-13686,High,No
2024-05-15,GrowOut-B,Farming,Pangasius,Spring,26.6,Partly Cloudy,0.0,7.4,0.26,8.6,0,11433,171.5,1270.6,18770,830,221,3210416,-12224,High,No
2024-05-16,GrowOut-B,Farming,Pangasius,Spring,27.1,Partly Cloudy,0.0,7.7,0.29,8.7,0,11433,175.6,1373.3,18304,468,207,3250094,-9486,High,No
2024-05-17,GrowOut-B,Farming,Pangasius,Spring,27.4,Cloudy,0.0,7.2,0.25,8.7,0,11433,150.9,1150.4,16600,791,218,2867250,1920,High,No
2024-05-18,GrowOut-B,Farming,Pangasius,Spring,27.3,Sunny,0.0,7.1,0.26,8.2,0,11433,170.3,1151.6,18480,603,220,2896573,-13295,High,No
2024-05-19,GrowOut-B,Farming,Pangasius,Spring,27.1,Sunny,0.0,7.6,0.33,9.0,0,11433,208.9,1414.6,19943,488,213,3444875,-10151,High,No
2024-05-20,GrowOut-B,Farming,Pangasius,Spring,27.4,Partly Cloudy,0.0,7.4,0.32,8.5,1,11432,187.6,1375.0,21424,689,218,3427042,2199,High,No
2024-05-21,GrowOut-B,Farming,Pangasius,Spring,29.0,Sunny,0.0,7.9,0.33,8.1,1,11431,201.0,1403.0,21330,675,211,3384249,670,High,No
2024-05-22,GrowOut-B,Farming,Pangasius,Spring,27.4,Partly Cloudy,0.0,7.2,0.29,9.1,0,11431,161.3,1148.4,16826,824,213,2796128,-1931,High,No
2024-05-23,GrowOut-B,Farming,Pangasius,Spring,26.4,Partly Cloudy,0.0,7.7,0.21,9.2,0,11431,141.3,969.4,13586,834,216,2393542,-9042,High,No
2024-05-24,GrowOut-B,Farming,Pangasius,Spring,29.5,Sunny,0.0,7.6,0.26,8.6,1,11430,148.8,1177.0,15193,823,216,2906126,-1629,High,No
2024-05-25,GrowOut-B,Farming,Pangasius,Spring,30.0,Cloudy,0.0,7.5,0.26,8.2,0,11430,169.1,1157.5,18793,813,222,2937110,-15016,High,No
2024-05-26,GrowOut-B,Farming,Pangasius,Spring,28.1,Cloudy,0.0,7.7,0.28,8.6,1,11429,173.5,1239.3,19531,506,216,3059683,-4237,High,No
2024-05-27,GrowOut-B,Farming,Pangasius,Spring,29.8,Sunny,0.0,7.3,0.26,7.6,0,11429,173.6,1200.3,18849,672,211,2894546,-8758,High,No
2024-05-28,GrowOut-B,Farming,Pangasius,Spring,29.9,Partly Cloudy,0.0,7.5,0.35,8.8,0,11429,207.4,1600.4,21390,466,223,4078887,9247,High,No
2024-05-29,GrowOut-B,Farming,Pangasius,Spring,27.1,Cloudy,0.0,7.3,0.27,8.5,1,11428,173.5,1346.2,19820,896,225,3461787,-6363,High,No
2024-05-30,GrowOut-B,Farming,Pangasius,Spring,30.1,Hot,0.1,7.7,0.31,8.6,0,11428,218.5,1498.6,23049,454,214,3664964,-16229,High,No
2024-05-31,GrowOut-B,Farming,Pangasius,Spring,29.6,Sunny,0.2,7.4,0.36,8.5,1,11427,216.2,1594.9,21001,800,213,3882248,-3293,High,No
2024-06-01,GrowOut-B,Farming,Pangasius,Monsoon,30.7,Sunny,0.7,7.1,0.29,8.1,0,11427,186.8,1264.0,19510,766,216,3119845,-1700,High,No
2024-06-02,GrowOut-B,Farming,Pangasius,Monsoon,28.5,Cloudy,0.7,7.1,0.26,8.2,2,11425,154.9,1105.3,16003,451,216,2728137,-1573,High,No
2024-06-03,GrowOut-B,Farming,Pangasius,Monsoon,30.0,Partly Cloudy,1.5,7.5,0.3,8.2,0,11425,181.7,1312.8,17748,476,214,3209730,-1968,High,No
2024-06-04,GrowOut-B,Farming,Pangasius,Monsoon,29.2,Sunny,0.6,7.3,0.31,8.2,1,11424,218.3,1510.9,23249,499,208,3590503,-14980,High,No
2024-06-05,GrowOut-B,Farming,Pangasius,Monsoon,28.6,Partly Cloudy,0.9,7.8,0.29,8.7,0,11424,184.8,1327.8,17653,513,221,3352302,-10862,High,No
2024-06-06,GrowOut-B,Farming,Pangasius,Monsoon,30.6,Sunny,1.6,7.5,0.35,7.9,0,11424,218.2,1641.1,22937,483,212,3974560,-12456,High,No
2024-06-07,GrowOut-B,Farming,Pangasius,Monsoon,30.9,Hot,1.5,7.3,0.28,7.6,0,11424,176.9,1382.6,20109,763,217,3427476,-990,High,No
2024-06-08,GrowOut-B,Farming,Pangasius,Monsoon,29.1,Sunny,1.4,7.1,0.31,8.6,0,11424,191.2,1341.0,21021,823,213,3263071,4248,High,Yes
2024-06-09,GrowOut-B,Farming,Pangasius,Monsoon,30.7,Hot,1.7,7.5,0.29,8.0,2,11422,187.2,1282.8,19389,885,220,3224036,6351,High,Yes
2024-06-10,GrowOut-B,Farming,Pangasius,Monsoon,32.2,Sunny,1.2,7.4,0.27,7.5,0,11422,169.5,1232.3,18748,458,213,2998045,38492,High,Yes
2024-06-11,GrowOut-B,Farming,Pangasius,Monsoon,30.9,Sunny,3.3,7.5,0.3,8.0,1,11421,195.7,1435.7,20120,848,214,3509293,41271,High,Yes
2024-06-12,GrowOut-B,Farming,Pangasius,Monsoon,31.0,Sunny,2.5,7.5,0.26,8.0,1,11420,183.4,1380.0,17690,873,218,3435894,12628,High,Yes
2024-06-13,GrowOut-B,Farming,Pangasius,Monsoon,29.0,Sunny,0.6,8.0,0.32,7.8,0,11420,189.9,1476.6,19334,473,223,3760398,32608,High,Yes
2024-06-14,GrowOut-B,Farming,Pangasius,Monsoon,32.0,Sunny,1.6,7.1,0.32,8.1,2,11418,196.8,1406.6,21161,668,216,3469688,28321,High,Yes
2024-06-15,GrowOut-B,Farming,Pangasius,Monsoon,31.0,Sunny,2.6,7.6,0.32,8.3,0,11418,192.6,1517.2,21500,581,217,3759176,8626,High,Yes
2024-06-16,GrowOut-B,Farming,Pangasius,Monsoon,31.9,Sunny,4.4,7.8,0.29,7.6,0,11418,182.6,1328.6,20246,893,217,3291880,11864,High,Yes
2024-06-17,GrowOut-B,Farming,Pangasius,Monsoon,32.7,Hot,2.8,7.5,0.35,7.8,0,11418,190.9,1324.4,21620,781,208,3145376,7173,High,Yes
2024-06-18,GrowOut-B,Farming,Pangasius,Monsoon,32.0,Sunny,3.1,7.5,0.28,7.4,1,11417,181.0,1292.3,19420,506,214,3157673,30306,High,Yes
2024-06-19,GrowOut-B,Farming,Pangasius,Monsoon,31.3,Cloudy,7.1,7.0,0.34,7.4,1,11416,226.3,1539.6,25220,678,209,3673721,28320,High,Yes
2024-06-20,GrowOut-B,Farming,Pangasius,Monsoon,29.8,Sunny,2.0,7.1,0.33,8.3,0,11416,207.5,1543.2,20467,457,214,3770075,53448,High,Yes
2024-06-21,GrowOut-B,Farming,Pangasius,Monsoon,30.5,Rainy,6.3,7.4,0.32,7.9,0,11416,183.2,1379.1,19503,874,218,3432150,38024,High,Yes
2024-06-22,GrowOut-B,Farming,Pangasius,Monsoon,30.6,Cloudy,9.6,7.4,0.36,8.5,1,11415,237.9,1628.4,26551,739,212,3941041,31652,High,Yes
2024-06-23,GrowOut-B,Farming,Pangasius,Monsoon,30.7,Cloudy,5.6,7.7,0.24,7.8,2,11413,164.0,1221.8,16056,803,212,2956732,19630,High,Yes
2024-06-24,GrowOut-B,Farming,Pangasius,Monsoon,31.4,Sunny,0.8,7.4,0.29,8.0,0,11413,181.2,1280.0,18281,798,216,3155466,16780,High,Yes
2024-06-25,GrowOut-B,Farming,Pangasius,Monsoon,31.8,Sunny,3.7,7.2,0.36,7.1,1,11412,226.7,1702.4,22028,828,215,4177341,50610,High,Yes
2024-06-26,GrowOut-B,Farming,Pangasius,Monsoon,30.8,Cloudy,18.5,7.0,0.37,7.2,0,11412,235.4,1609.8,24387,704,214,3931402,49407,High,Yes
2024-06-27,GrowOut-B,Farming,Pangasius,Monsoon,34.5,Cloudy,16.0,7.6,0.33,8.1,2,11410,218.6,1528.0,23206,520,211,3679320,10051,High,Yes
2024-06-28,GrowOut-B,Farming,Pangasius,Monsoon,32.2,Hot,2.3,7.5,0.35,7.9,3,11407,221.6,1727.0,23011,787,209,4118360,36390,High,Yes
2024-06-29,GrowOut-B,Farming,Pangasius,Monsoon,31.6,Rainy,10.8,7.2,0.31,7.8,0,11407,213.5,1490.7,23144,721,208,3536918,31456,High,Yes
2024-06-30,GrowOut-B,Farming,Pangasius,Monsoon,30.7,Sunny,3.5,7.5,0.34,8.4,3,11404,214.0,1549.9,20405,818,220,3889536,48049,High,Yes
2024-07-01,GrowOut-B,Farming,Pangasius,Monsoon,32.2,Hot,1.4,7.2,0.39,7.3,4,11400,245.9,1723.9,23940,514,214,4207102,36880,High,Yes
2024-07-02,GrowOut-B,Farming,Pangasius,Monsoon,30.6,Cloudy,7.0,7.7,0.3,8.1,0,11400,175.1,1377.2,19608,516,211,3312717,35909,High,Yes
2024-07-03,GrowOut-B,Farming,Pangasius,Monsoon,31.4,Rainy,7.2,7.7,0.29,7.6,2,11398,182.8,1449.6,20231,622,213,3519919,21280,High,Yes
2024-07-04,GrowOut-B,Farming,Pangasius,Monsoon,30.9,Rainy,12.3,7.5,0.37,8.0,2,11396,225.7,1706.0,23977,814,201,3908443,37695,High,Yes
2024-07-05,GrowOut-B,Farming,Pangasius,Monsoon,31.5,Sunny,5.0,7.6,0.34,7.5,2,11394,214.0,1636.8,21673,602,208,3879818,42557,High,Yes
2024-07-06,GrowOut-B,Farming,Pangasius,Monsoon,31.3,Cloudy,15.9,7.4,0.36,7.8,2,11392,234.1,1663.8,24106,517,212,4018955,45130,High,Yes
2024-07-07,GrowOut-B,Farming,Pangasius,Monsoon,33.9,Cloudy,8.9,7.5,0.38,7.4,0,11392,226.6,1674.0,25601,835,210,4004744,50647,High,Yes
2024-07-08,GrowOut-B,Farming,Pangasius,Monsoon,33.8,Hot,2.3,7.3,0.51,3.9,64,11328,207.8,1630.4,22236,858,204,3788997,9466,High,Yes
2024-07-09,GrowOut-B,Farming,Pangasius,Monsoon,31.6,Rainy,6.6,7.2,0.27,8.6,1,11327,164.5,1283.2,16901,541,210,3052579,31177,High,Yes
2024-07-10,GrowOut-B,Farming,Pangasius,Monsoon,30.3,Hot,2.6,7.1,0.34,8.3,2,11325,231.5,1632.1,22110,875,210,3882227,32078,High,Yes
2024-07-11,GrowOut-B,Farming,Pangasius,Monsoon,30.3,Hot,2.2,7.5,0.27,8.0,0,11325,163.5,1236.5,15772,782,216,3024726,23836,High,Yes
2024-07-12,GrowOut-B,Farming,Pangasius,Monsoon,31.9,Rainy,11.2,7.8,0.37,7.7,1,11324,212.3,1696.1,23870,877,202,3880083,24580,High,Yes
2024-07-13,GrowOut-B,Farming,Pangasius,Monsoon,29.9,Rainy,6.3,7.2,0.24,8.3,3,11321,174.3,1194.8,18781,572,208,2814222,18769,High,Yes
2024-07-14,GrowOut-B,Farming,Pangasius,Monsoon,32.0,Hot,3.9,7.5,0.36,7.7,3,11318,208.6,1557.6,20060,874,206,3632519,13111,High,Yes
2024-07-15,GrowOut-B,Farming,Pangasius,Monsoon,30.9,Cloudy,10.3,7.5,0.35,7.9,2,11316,216.7,1644.7,21150,512,207,3853246,34629,High,Yes
2024-07-16,GrowOut-B,Farming,Pangasius,Monsoon,32.2,Sunny,4.5,7.2,0.34,7.9,0,11316,210.5,1649.4,22630,663,216,4031556,53024,High,Yes
2024-07-17,GrowOut-B,Farming,Pangasius,Monsoon,33.8,Rainy,9.7,7.1,0.33,8.4,0,11316,209.1,1534.7,20144,800,211,3664366,25617,High,Yes
2024-07-18,GrowOut-B,Farming,Pangasius,Monsoon,31.8,Cloudy,15.6,7.2,0.29,7.9,1,11315,174.8,1262.5,17315,554,208,2971582,9475,High,Yes
2024-07-19,GrowOut-B,Farming,Pangasius,Monsoon,31.4,Cloudy,15.4,7.8,0.29,8.0,0,11315,190.3,1417.2,18850,862,205,3287302,10265,High,Yes
2024-07-20,GrowOut-B,Farming,Pangasius,Monsoon,30.8,Sunny,2.7,7.1,0.33,8.3,1,11314,205.6,1467.8,23628,858,206,3421280,6164,High,Yes
2024-07-21,GrowOut-B,Farming,Pangasius,Monsoon,31.1,Sunny,3.9,7.1,0.26,8.1,1,11313,159.6,1225.0,17557,557,209,2896667,38383,High,Yes
2024-07-22,GrowOut-B,Farming,Pangasius,Monsoon,33.5,Hot,5.0,7.4,0.27,8.0,0,11313,171.8,1304.1,18291,605,209,3083436,12492,High,Yes
2024-07-23,GrowOut-B,Farming,Pangasius,Monsoon,30.5,Hot,3.8,7.6,0.29,7.8,2,11311,182.6,1253.9,18431,569,212,3007299,31007,High,Yes
2024-07-24,GrowOut-B,Farming,Pangasius,Monsoon,34.2,Stormy,28.1,7.1,0.0,8.0,0,9690,7.4,42.1,747,469,201,81998,-2117,Low,No
2024-07-25,GrowOut-B,Farming,Pangasius,Monsoon,32.4,Cloudy,21.6,7.3,0.0,8.1,0,9690,8.0,48.8,832,757,206,97412,-2473,Low,No
2024-07-26,GrowOut-B,Farming,Pangasius,Monsoon,32.2,Cloudy,6.3,7.6,0.01,7.7,1,9689,10.3,56.7,1165,783,208,114280,-2011,Low,No
2024-07-27,GrowOut-B,Farming,Pangasius,Monsoon,33.5,Rainy,13.0,7.1,0.02,7.9,3,9686,9.5,54.9,1061,738,222,118088,-2374,Low,No
2024-07-28,GrowOut-B,Farming,Pangasius,Monsoon,31.7,Rainy,13.4,7.4,0.0,8.8,0,9686,4.9,29.7,516,888,218,62713,-1465,Low,No
2024-07-29,GrowOut-B,Farming,Pangasius,Monsoon,29.5,Cloudy,11.9,7.2,0.01,8.1,0,9686,8.2,45.4,899,723,210,92346,-1479,Low,No
2024-07-30,GrowOut-B,Farming,Pangasius,Monsoon,31.9,Rainy,21.4,7.5,0.01,8.8,2,9684,10.1,61.0,1137,832,207,122305,-1762,Low,No
2024-07-31,GrowOut-B,Farming,Pangasius,Monsoon,30.3,Cloudy,7.6,7.5,0.04,8.2,1,9683,11.5,61.9,1224,652,204,122286,-2690,Low,No
2024-08-01,GrowOut-B,Farming,Pangasius,Monsoon,33.0,Cloudy,17.2,7.2,0.03,7.5,1,9682,8.3,46.2,808,665,208,93050,-1380,Low,No
2024-08-02,GrowOut-B,Farming,Pangasius,Monsoon,31.6,Cloudy,11.9,7.3,0.02,8.5,0,9682,10.4,56.7,1150,516,204,111990,-2553,Low,No
2024-08-03,GrowOut-B,Farming,Pangasius,Monsoon,32.1,Rainy,6.3,7.5,0.0,7.9,1,9681,9.4,57.6,1017,527,199,110979,-1373,Low,No
2024-08-04,GrowOut-B,Farming,Pangasius,Monsoon,31.5,Cloudy,24.9,7.5,0.01,8.0,0,9681,8.8,50.2,905,843,210,102057,-2209,Low,No
2024-08-05,GrowOut-B,Farming,Pangasius,Monsoon,30.4,Hot,3.4,7.1,0.04,8.6,0,9681,7.7,42.8,748,569,214,88670,-1918,Low,No
2024-08-06,GrowOut-B,Farming,Pangasius,Monsoon,29.6,Rainy,9.7,7.4,0.0,8.8,0,9681,13.0,69.6,1280,892,211,142171,-2046,Low,No
2024-08-07,GrowOut-B,Farming,Pangasius,Monsoon,31.8,Cloudy,11.6,7.7,0.04,8.9,2,9679,13.9,80.8,1586,701,204,159574,-2011,Low,No
2024-08-08,GrowOut-B,Farming,Pangasius,Monsoon,31.1,Cloudy,20.2,7.2,0.03,7.9,2,9677,11.0,60.7,1164,803,206,121028,-2920,Low,No
2024-08-09,GrowOut-B,Farming,Pangasius,Monsoon,31.1,Sunny,3.8,7.5,0.04,8.8,1,9676,12.5,68.9,1400,809,210,140017,-2650,Low,No
2024-08-10,GrowOut-B,Farming,Pangasius,Monsoon,32.2,Sunny,5.0,6.9,0.03,7.7,1,9675,11.7,67.6,1340,719,201,131474,-2605,Low,No
2024-08-11,GrowOut-B,Farming,Pangasius,Monsoon,32.6,Cloudy,13.8,7.4,0.0,8.0,1,9674,11.3,69.5,1210,831,194,130448,-2267,Low,No
2024-08-12,GrowOut-B,Farming,Pangasius,Monsoon,31.1,Rainy,14.3,7.1,0.03,8.1,0,9674,12.8,71.0,1332,696,205,140805,-1607,Low,No
2024-08-13,GrowOut-B,Farming,Pangasius,Monsoon,30.6,Rainy,15.6,7.3,0.02,7.7,0,9674,12.5,68.9,1277,531,210,139973,-2251,Low,No
2024-08-14,GrowOut-B,Farming,Pangasius,Monsoon,32.3,Cloudy,22.0,7.3,0.04,7.9,0,9674,14.1,75.5,1556,746,203,148269,-1410,Low,No
2024-08-15,GrowOut-B,Farming,Pangasius,Monsoon,30.1,Hot,1.6,7.5,0.04,8.7,0,9674,12.0,64.4,1371,479,208,129585,-1960,Low,No
2024-08-16,GrowOut-B,Farming,Pangasius,Monsoon,31.1,Cloudy,6.8,7.4,0.03,7.7,1,9673,13.4,82.5,1376,517,207,165208,-1901,Low,No
2024-08-17,GrowOut-B,Farming,Pangasius,Monsoon,32.4,Hot,2.3,7.1,0.03,7.9,3,9670,13.2,71.6,1295,825,205,141980,-1992,Low,No
2024-08-18,GrowOut-B,Farming,Pangasius,Monsoon,31.2,Rainy,14.9,7.3,0.05,7.4,2,9668,11.5,66.6,1274,689,207,133313,-2237,Low,No
2024-08-19,GrowOut-B,Farming,Pangasius,Monsoon,29.6,Cloudy,15.0,8.0,0.04,8.5,0,9668,14.5,87.8,1607,616,208,176561,-2626,Low,No
2024-08-20,GrowOut-B,Farming,Pangasius,Monsoon,29.4,Rainy,12.3,7.0,0.04,9.1,0,9668,13.8,78.1,1520,626,194,146484,-2309,Low,No
2024-08-21,GrowOut-B,Farming,Pangasius,Monsoon,29.4,Cloudy,7.6,7.1,0.04,8.6,1,9667,13.9,79.3,1355,576,196,150268,-2350,Low,No
2024-08-22,GrowOut-B,Farming,Pangasius,Monsoon,30.9,Hot,4.4,6.9,0.03,8.9,0,9667,17.6,99.0,1736,686,195,186621,-2131,Low,No
2024-08-23,GrowOut-B,Farming,Pangasius,Monsoon,31.9,Rainy,6.2,7.4,0.03,8.3,2,9665,14.7,79.1,1576,534,204,155991,-1714,Low,No
2024-08-24,GrowOut-B,Farming,Pangasius,Monsoon,31.8,Rainy,7.3,7.5,0.03,8.7,1,9664,17.2,98.5,1925,805,196,186592,-2462,Low,No
2024-08-25,GrowOut-B,Farming,Pangasius,Monsoon,30.3,Rainy,18.0,7.7,0.03,8.8,1,9663,15.7,91.7,1671,496,206,182555,-2388,Low,No
2024-08-26,GrowOut-B,Farming,Pangasius,Monsoon,30.7,Rainy,15.0,7.2,0.02,8.4,0,9663,15.5,87.0,1530,793,199,167296,-1936,Low,No
2024-08-27,GrowOut-B,Farming,Pangasius,Monsoon,29.8,Cloudy,9.8,7.4,0.04,8.0,1,9662,13.2,75.3,1357,886,204,148435,-2050,Low,No
2024-08-28,GrowOut-B,Farming,Pangasius,Monsoon,31.4,Rainy,9.3,7.3,0.05,7.8,0,9662,18.2,97.0,1922,802,209,195878,-2966,Low,No
2024-08-29,GrowOut-B,Farming,Pangasius,Monsoon,30.0,Cloudy,2.8,7.6,0.03,8.5,0,9662,14.0,84.6,1433,462,198,161846,-2039,Low,No
2024-08-30,GrowOut-B,Farming,Pangasius,Monsoon,31.7,Hot,3.9,7.5,0.06,8.3,0,9662,21.0,115.3,2230,457,203,226148,-1792,Low,No
2024-08-31,GrowOut-B,Farming,Pangasius,Monsoon,30.4,Cloudy,18.3,7.7,0.01,8.3,1,9661,18.2,108.9,1800,733,204,214647,-1322,Low,No
2024-09-01,GrowOut-B,Farming,Pangasius,Monsoon,28.5,Cloudy,2.7,7.0,0.02,9.1,0,9661,15.7,95.6,1753,861,199,183795,-2620,Low,No
2024-09-02,GrowOut-B,Farming,Pangasius,Monsoon,28.8,Rainy,13.6,7.5,0.04,9.3,0,9661,14.1,82.1,1434,556,199,157840,-2803,Low,No
2024-09-03,GrowOut-B,Farming,Pangasius,Monsoon,30.2,Cloudy,9.5,7.4,0.02,9.0,0,9661,15.5,91.6,1573,654,205,181414,-1529,Low,No
2024-09-04,GrowOut-B,Farming,Pangasius,Monsoon,28.7,Rainy,6.5,7.7,0.02,8.8,0,9661,10.4,64.2,1064,849,206,127769,-2447,Low,No
2024-09-05,GrowOut-B,Farming,Pangasius,Monsoon,30.7,Rainy,14.9,7.9,0.03,8.4,0,9661,12.0,72.0,1344,471,195,135640,-2272,Low,No
2024-09-06,GrowOut-B,Farming,Pangasius,Monsoon,27.6,Rainy,10.8,7.2,0.05,9.3,0,9661,19.6,110.5,1905,878,198,211373,-3454,Low,No
2024-09-07,GrowOut-B,Farming,Pangasius,Monsoon,30.6,Cloudy,11.6,7.0,0.01,8.5,1,9660,13.8,84.5,1457,899,204,166536,-2412,Low,No
2024-09-08,GrowOut-B,Farming,Pangasius,Monsoon,27.1,Partly Cloudy,4.7,7.4,0.04,9.4,0,9660,22.2,121.3,2480,791,206,241382,-2777,Low,No
2024-09-09,GrowOut-B,Farming,Pangasius,Monsoon,29.9,Rainy,8.7,7.4,0.03,8.3,1,9659,18.0,102.2,1911,795,198,195476,-2899,Low,No
2024-09-10,GrowOut-B,Farming,Pangasius,Monsoon,29.9,Rainy,15.3,7.5,0.03,7.9,1,9658,21.7,128.5,2458,799,200,248236,-3533,Low,No
2024-09-11,GrowOut-B,Farming,Pangasius,Monsoon,28.2,Cloudy,5.9,7.2,0.03,8.9,2,9656,20.7,114.6,2139,789,199,220255,-2777,Low,No
2024-09-12,GrowOut-B,Farming,Pangasius,Monsoon,28.3,Cloudy,15.6,7.2,0.01,9.0,1,9655,24.7,133.3,2695,680,195,250993,-2513,Low,No
2024-09-13,GrowOut-B,Farming,Pangasius,Monsoon,29.0,Cloudy,10.5,7.0,0.03,9.0,2,9653,22.0,119.1,2349,884,201,231132,-2614,Low,No
2024-09-14,GrowOut-B,Farming,Pangasius,Monsoon,28.7,Cloudy,9.3,7.8,0.02,8.7,2,9651,20.5,110.3,2340,860,196,208686,-4060,Low,No
2024-09-15,GrowOut-B,Farming,Pangasius,Monsoon,30.0,Cloudy,9.5,7.5,0.05,8.1,2,9649,27.2,148.6,3091,453,199,285394,-3413,Low,No
2024-09-16,GrowOut-B,Farming,Pangasius,Monsoon,27.7,Cloudy,14.6,7.6,0.05,8.8,0,9649,19.3,110.9,2083,554,199,212945,-3253,Low,No
2024-09-17,GrowOut-B,Farming,Pangasius,Monsoon,30.5,Rainy,9.4,7.7,0.06,8.1,1,9648,26.5,142.9,2554,453,195,268874,-2382,Low,No
2024-09-18,GrowOut-B,Farming,Pangasius,Monsoon,28.0,Rainy,5.9,6.8,0.07,9.1,1,9647,20.7,126.6,2272,757,197,240623,-2768,Low,No
2024-09-19,GrowOut-B,Farming,Pangasius,Monsoon,26.5,Cloudy,8.7,7.6,0.05,9.8,0,9647,18.2,108.2,1990,515,199,207717,-2247,Low,No
2024-09-20,GrowOut-B,Farming,Pangasius,Monsoon,27.8,Rainy,17.6,7.6,0.01,8.9,1,9646,23.2,125.5,2570,774,204,246982,-2484,Low,No
2024-09-21,GrowOut-B,Farming,Pangasius,Monsoon,27.6,Rainy,5.9,7.1,0.02,9.2,2,9644,25.9,138.9,2899,893,198,265286,-4135,Low,No
2024-09-22,GrowOut-B,Farming,Pangasius,Monsoon,27.6,Partly Cloudy,3.2,7.6,0.04,9.5,0,9644,19.4,111.6,1870,548,189,203415,-3001,Low,No
2024-09-23,GrowOut-B,Farming,Pangasius,Monsoon,27.1,Rainy,6.3,7.4,0.06,8.9,1,9643,23.8,138.9,2291,540,201,269250,-1252,Low,No
2024-09-24,GrowOut-B,Farming,Pangasius,Monsoon,29.3,Cloudy,3.0,7.4,0.03,9.3,1,9642,19.6,111.4,1898,620,202,216995,-1164,Low,No
2024-09-25,GrowOut-B,Farming,Pangasius,Monsoon,27.7,Rainy,10.3,7.6,0.03,9.5,0,9642,23.2,132.6,2299,699,198,253149,-3255,Low,No
2024-09-26,GrowOut-B,Farming,Pangasius,Monsoon,24.0,Rainy,13.8,7.6,0.02,10.3,1,9641,20.2,119.9,2204,749,196,226591,-1859,Low,No
2024-09-27,GrowOut-B,Farming,Pangasius,Monsoon,26.6,Partly Cloudy,1.5,7.3,0.03,9.4,2,9639,27.0,145.3,2968,613,194,271762,-3646,Low,No
2024-09-28,GrowOut-B,Farming,Pangasius,Monsoon,26.7,Rainy,11.8,7.8,0.05,9.7,0,9639,21.4,117.5,2436,596,196,221986,-3503,Low,No
2024-09-29,GrowOut-B,Farming,Pangasius,Monsoon,26.5,Cloudy,11.2,7.6,0.05,9.3,1,9638,25.3,141.0,2525,496,188,255511,-2037,Low,No
2024-09-30,GrowOut-B,Farming,Pangasius,Monsoon,26.2,Rainy,5.1,7.0,0.07,8.7,0,9638,25.1,146.7,2709,529,195,275709,-2303,Low,No
2024-10-01,GrowOut-B,Farming,Pangasius,Autumn,25.9,Sunny,2.1,7.4,0.03,10.1,1,9637,28.0,149.8,2782,704,199,287311,-2051,Low,No
2024-10-02,GrowOut-B,Farming,Pangasius,Autumn,25.6,Sunny,4.1,7.5,0.04,9.6,0,9637,21.9,132.6,2333,705,194,247906,-3248,Low,No
2024-10-03,GrowOut-B,Farming,Pangasius,Autumn,24.5,Cloudy,16.2,7.7,0.05,9.4,0,9637,31.7,179.1,3476,810,195,336567,-2811,Low,No
2024-10-04,GrowOut-B,Farming,Pangasius,Autumn,25.6,Sunny,4.0,7.1,0.05,9.7,2,9635,28.9,159.5,3064,556,195,299735,-3008,Low,No
2024-10-05,GrowOut-B,Farming,Pangasius,Autumn,27.2,Cloudy,7.4,7.5,0.04,9.3,0,9635,30.1,182.3,3207,853,192,337240,-3375,Low,No
2024-10-06,GrowOut-B,Farming,Pangasius,Autumn,26.6,Partly Cloudy,3.0,7.3,0.06,8.5,0,9635,26.8,157.2,2934,658,185,280205,-2542,Low,No
2024-10-07,GrowOut-B,Farming,Pangasius,Autumn,25.2,Rainy,5.8,7.5,0.04,8.5,0,9635,24.2,138.8,2419,459,191,255432,-2696,Low,No
2024-10-08,GrowOut-B,Farming,Pangasius,Autumn,26.3,Cloudy,6.0,7.2,0.03,8.9,0,9635,30.9,181.5,3243,772,193,337509,-3570,Low,No
2024-10-09,GrowOut-B,Farming,Pangasius,Autumn,24.5,Cloudy,6.2,7.5,0.05,9.6,1,9634,29.6,172.6,3157,451,188,312644,-3698,Low,No
2024-10-10,GrowOut-B,Farming,Pangasius,Autumn,24.1,Rainy,6.9,7.1,0.04,10.0,0,9634,23.8,137.7,2578,718,189,250728,-3097,Low,No
2024-10-11,GrowOut-B,Farming,Pangasius,Autumn,23.7,Cloudy,16.4,7.3,0.03,10.0,2,9632,30.9,180.8,3373,818,193,336173,-2832,Low,No
2024-10-12,GrowOut-B,Farming,Pangasius,Autumn,25.2,Rainy,9.5,7.3,0.06,9.6,0,9632,27.2,151.8,2951,887,189,276344,-2364,Low,No
2024-10-13,GrowOut-B,Farming,Pangasius,Autumn,25.3,Cloudy,7.9,7.5,0.04,9.0,1,9631,34.3,198.6,3296,535,199,380670,-1334,Low,No
2024-10-14,GrowOut-B,Farming,Pangasius,Autumn,25.3,Cloudy,7.2,7.5,0.04,9.1,0,9631,33.8,193.8,3759,759,189,352766,-3561,Low,No
2024-10-15,GrowOut-B,Farming,Pangasius,Autumn,24.4,Cloudy,6.6,7.7,0.03,9.2,1,9630,27.0,155.1,2965,767,206,307716,-2568,Low,No
2024-10-16,GrowOut-B,Farming,Pangasius,Autumn,22.3,Cloudy,10.8,7.3,0.05,10.1,0,9630,26.7,151.1,2747,477,199,289564,-2121,Low,No
2024-10-17,GrowOut-B,Farming,Pangasius,Autumn,23.6,Rainy,15.7,7.2,0.05,10.5,0,9630,28.9,171.7,2920,865,195,322427,-4137,Low,No
2024-10-18,GrowOut-B,Farming,Pangasius,Autumn,25.1,Cloudy,1.9,7.8,0.06,9.6,0,9630,31.6,219.5,3071,480,202,426985,-1573,Low,No
2024-10-19,GrowOut-B,Farming,Pangasius,Autumn,22.7,Sunny,2.5,7.4,0.06,10.1,1,9629,35.4,199.3,4020,492,190,364659,-4763,Low,No
2024-10-20,GrowOut-B,Farming,Pangasius,Autumn,24.7,Rainy,5.4,7.4,0.03,9.3,0,9629,30.3,224.5,3234,607,188,406402,-3396,Low,No
2024-10-21,GrowOut-B,Farming,Pangasius,Autumn,27.1,Sunny,2.8,7.4,0.06,9.1,0,9629,34.9,229.9,3828,537,195,431673,-2272,Low,No
2024-10-22,GrowOut-B,Farming,Pangasius,Autumn,23.5,Sunny,4.0,7.3,0.05,8.8,0,9629,28.4,202.1,2745,759,185,360014,-3621,Low,No
2024-10-23,GrowOut-B,Farming,Pangasius,Autumn,25.7,Rainy,19.5,7.6,0.05,9.4,1,9628,34.1,190.8,3342,518,187,343559,-3550,Low,No
2024-10-24,GrowOut-B,Farming,Pangasius,Autumn,20.4,Cloudy,2.0,7.3,0.05,10.2,0,9628,29.0,202.3,2993,789,193,375915,-3607,Low,No
2024-10-25,GrowOut-B,Farming,Pangasius,Autumn,22.5,Rainy,7.8,7.2,0.06,9.6,0,9628,33.6,180.9,3262,861,195,339633,-3738,Low,No
2024-10-26,GrowOut-B,Farming,Pangasius,Autumn,21.9,Rainy,8.7,7.8,0.03,10.3,0,9628,33.3,196.5,3604,866,184,348110,-4033,Low,No
2024-10-27,GrowOut-B,Farming,Pangasius,Autumn,23.9,Rainy,13.4,7.9,0.04,9.4,1,9627,34.7,190.9,3803,467,184,338189,-4261,Low,No
2024-10-28,GrowOut-B,Farming,Pangasius,Autumn,21.8,Cloudy,6.2,7.5,0.05,10.7,3,9624,33.5,194.1,3625,655,194,362509,-3327,Low,No
2024-10-29,GrowOut-B,Farming,Pangasius,Autumn,21.4,Partly Cloudy,2.1,7.5,0.05,9.8,3,9621,34.0,222.7,3750,577,200,428653,-3930,Low,No
2024-10-30,GrowOut-B,Farming,Pangasius,Autumn,19.7,Rainy,6.0,7.8,0.07,9.6,2,9619,23.0,217.7,2473,513,199,416804,-605,Low,No
2024-10-31,GrowOut-B,Farming,Pangasius,Autumn,19.9,Cloudy,5.0,7.4,0.04,10.7,0,9619,23.0,205.7,2254,579,191,377918,-2741,Low,No
2024-11-01,GrowOut-B,Farming,Pangasius,Autumn,21.8,Cloudy,2.5,7.6,0.06,10.0,1,9618,34.6,186.6,3975,607,190,341032,-2826,Low,No
2024-11-02,GrowOut-B,Farming,Pangasius,Autumn,23.1,Rainy,7.7,7.1,0.08,9.7,3,9615,37.5,263.4,3563,869,198,501609,-2521,Low,No
2024-11-03,GrowOut-B,Farming,Pangasius,Autumn,20.9,Cloudy,12.4,7.3,0.05,10.0,1,9614,28.2,170.9,2959,458,192,315495,-2895,Low,No
2024-11-04,GrowOut-B,Farming,Pangasius,Autumn,20.1,Partly Cloudy,1.6,7.5,0.06,10.9,0,9614,30.4,189.6,3146,612,187,340866,-2664,Low,No
2024-11-05,GrowOut-B,Farming,Pangasius,Autumn,21.9,Partly Cloudy,3.5,6.9,0.06,9.6,0,9614,34.8,223.6,3454,462,201,432088,-4421,Low,No
2024-11-06,GrowOut-B,Farming,Pangasius,Autumn,22.9,Cloudy,0.7,7.3,0.09,10.3,1,9613,41.9,280.6,4810,869,193,520654,-5342,Low,No
2024-11-07,GrowOut-B,Farming,Pangasius,Autumn,20.1,Cloudy,4.2,7.1,0.05,10.3,1,9612,30.1,187.1,3157,477,193,347128,-2595,Low,No
2024-11-08,GrowOut-B,Farming,Pangasius,Autumn,20.5,Cloudy,5.4,6.9,0.06,9.9,0,9612,36.5,240.8,3782,838,199,460599,-3052,Low,No
2024-11-09,GrowOut-B,Farming,Pangasius,Autumn,21.0,Sunny,2.5,7.4,0.05,10.0,1,9611,32.5,192.2,3510,856,192,354706,-3768,Low,No
2024-11-10,GrowOut-B,Farming,Pangasius,Autumn,20.9,Sunny,3.5,7.2,0.06,10.4,1,9610,41.2,274.8,4443,550,196,517656,-2263,Low,No
2024-11-11,GrowOut-B,Farming,Pangasius,Autumn,20.0,Sunny,4.4,7.2,0.07,9.8,1,9609,32.6,210.6,3499,859,191,386558,-1998,Low,No
2024-11-12,GrowOut-B,Farming,Pangasius,Autumn,23.5,Cloudy,0.7,7.6,0.09,9.3,0,9609,46.2,320.4,4730,852,190,584957,-2961,Low,No
2024-11-13,GrowOut-B,Farming,Pangasius,Autumn,20.3,Partly Cloudy,3.0,7.2,0.08,10.6,2,9607,33.3,238.8,3828,617,200,458926,-1911,Low,No
2024-11-14,GrowOut-B,Farming,Pangasius,Autumn,19.2,Rainy,6.5,7.3,0.04,10.4,0,9607,24.0,217.7,2346,815,185,386917,-2270,Low,No
2024-11-15,GrowOut-B,Farming,Pangasius,Autumn,22.3,Sunny,4.7,7.3,0.05,10.3,0,9607,36.4,236.8,3544,803,192,436788,-4117,Low,No
2024-11-16,GrowOut-B,Farming,Pangasius,Autumn,20.9,Sunny,1.4,7.3,0.03,10.5,2,9605,43.5,289.6,4491,553,195,542527,-3648,Low,No
2024-11-17,GrowOut-B,Farming,Pangasius,Autumn,20.4,Sunny,2.6,7.3,0.1,10.5,0,9605,37.6,260.1,3604,456,188,469673,-1219,Low,No
2024-11-18,GrowOut-B,Farming,Pangasius,Autumn,18.1,Cloudy,0.5,7.4,0.08,11.0,1,9604,23.9,232.0,2554,841,196,436759,-290,Low,No
2024-11-19,GrowOut-B,Farming,Pangasius,Autumn,18.7,Cloudy,1.8,7.5,0.08,10.3,0,9604,24.7,220.7,2598,634,195,413323,-2409,Low,No
2024-11-20,GrowOut-B,Farming,Pangasius,Autumn,19.7,Cloudy,5.1,7.4,0.07,10.2,1,9603,29.0,284.1,3317,816,207,564799,-2634,Low,No
2024-11-21,GrowOut-B,Farming,Pangasius,Autumn,18.7,Cloudy,1.5,7.4,0.09,10.1,0,9603,30.9,305.1,3059,630,191,559606,-687,Low,No
2024-11-22,GrowOut-B,Farming,Pangasius,Autumn,19.7,Sunny,1.2,7.3,0.06,11.1,2,9601,27.7,237.8,2825,837,206,470420,-2913,Low,No
2024-11-23,GrowOut-B,Farming,Pangasius,Autumn,21.0,Partly Cloudy,0.2,7.4,0.09,10.8,1,9600,47.2,318.4,4952,542,197,602221,-5643,Low,No
2024-11-24,GrowOut-B,Farming,Pangasius,Autumn,18.2,Sunny,1.5,7.4,0.08,10.3,0,9600,33.4,309.9,3692,723,192,571208,-915,Low,No
2024-11-25,GrowOut-B,Farming,Pangasius,Autumn,19.6,Partly Cloudy,1.1,7.0,0.08,10.7,4,9596,38.3,335.3,4320,647,194,624463,-4350,Low,No
2024-11-26,GrowOut-B,Farming,Pangasius,Autumn,17.9,Sunny,0.5,7.3,0.06,10.5,0,9596,25.0,248.0,2444,834,201,478341,-2911,Low,No
2024-11-27,GrowOut-B,Farming,Pangasius,Autumn,19.0,Partly Cloudy,0.0,7.5,0.07,10.9,1,9595,29.0,284.6,2935,599,192,524356,-3721,Low,No
2024-11-28,GrowOut-B,Farming,Pangasius,Autumn,18.7,Sunny,0.0,7.4,0.09,11.2,3,9592,33.2,303.6,3545,750,194,565130,-441,Low,No
2024-11-29,GrowOut-B,Farming,Pangasius,Autumn,16.8,Cold,0.0,7.4,0.05,10.8,3,9589,27.2,253.2,2903,695,203,493025,-2364,Low,No
2024-11-30,GrowOut-B,Farming,Pangasius,Autumn,18.0,Cloudy,0.0,7.4,0.06,10.6,2,9587,32.3,288.5,3526,763,197,544986,-4519,Low,No
2024-12-01,GrowOut-B,Farming,Pangasius,Winter,20.7,Sunny,0.0,7.5,0.05,10.6,1,9586,50.9,338.4,5158,527,198,642360,-2758,Low,No
2024-12-02,GrowOut-B,Farming,Pangasius,Winter,18.8,Cloudy,0.0,7.7,0.04,10.2,0,9586,28.2,257.7,3044,719,196,484181,-837,Low,No
2024-12-03,GrowOut-B,Farming,Pangasius,Winter,19.3,Partly Cloudy,0.0,7.3,0.06,10.9,2,9584,35.0,339.6,3670,551,191,621782,-3001,Low,No
2024-12-04,GrowOut-B,Farming,Pangasius,Winter,17.2,Sunny,0.0,7.5,0.07,10.9,0,9584,34.6,307.3,3574,721,193,568416,-3529,Low,No
2024-12-05,GrowOut-B,Farming,Pangasius,Winter,17.0,Cloudy,0.0,7.4,0.07,10.8,1,9583,37.4,359.5,3664,668,191,658081,-4623,Low,No
2024-12-06,GrowOut-B,Farming,Pangasius,Winter,17.9,Cloudy,0.0,7.8,0.08,12.0,0,9583,34.9,322.7,3895,793,198,612302,-3938,Low,No
2024-12-07,GrowOut-B,Farming,Pangasius,Winter,17.1,Sunny,0.0,7.6,0.07,11.0,1,9582,36.2,348.2,3867,580,192,640666,-498,Low,No
2024-12-08,GrowOut-B,Farming,Pangasius,Winter,18.3,Cloudy,0.0,7.3,0.3,8.4,8,9574,33.1,328.4,3254,644,201,632492,-1520,Low,No
2024-12-09,GrowOut-B,Farming,Pangasius,Winter,16.7,Cold,0.0,7.7,0.09,11.1,1,9573,30.6,288.8,3189,857,193,533639,-3936,Low,No
2024-12-10,GrowOut-B,Farming,Pangasius,Winter,18.0,Sunny,0.0,7.4,0.07,10.4,2,9571,35.8,325.3,3874,747,192,597907,-1506,Low,No
2024-12-11,GrowOut-B,Farming,Pangasius,Winter,17.7,Sunny,0.0,7.5,0.05,11.0,0,9571,32.1,312.5,3629,696,204,610151,-1497,Low,No
2024-12-12,GrowOut-B,Farming,Pangasius,Winter,16.6,Cold,0.0,7.1,0.05,10.9,1,9570,31.8,320.3,3412,681,193,591659,-552,Low,No
2024-12-13,GrowOut-B,Farming,Pangasius,Winter,16.8,Sunny,0.0,7.4,0.09,9.7,1,9569,33.8,339.9,3287,889,193,627799,-4635,Low,No
2024-12-14,GrowOut-B,Farming,Pangasius,Winter,16.1,Sunny,0.0,7.1,0.08,10.6,0,9569,39.1,348.9,3941,748,196,654370,-531,Low,No
2024-12-15,GrowOut-B,Farming,Pangasius,Winter,17.1,Cold,0.0,7.1,0.09,10.9,1,9568,42.4,415.2,4786,587,201,798583,-4017,Low,No
2024-12-16,GrowOut-B,Farming,Pangasius,Winter,17.7,Cold,0.0,7.2,0.08,10.9,1,9567,36.7,363.0,3748,681,197,684217,-3777,Low,No
2024-12-17,GrowOut-B,Farming,Pangasius,Winter,17.0,Cloudy,0.0,7.3,0.08,10.2,1,9566,46.1,431.1,5239,693,199,820742,-710,Low,No
2024-12-18,GrowOut-B,Farming,Pangasius,Winter,17.2,Cloudy,0.0,7.7,0.08,10.8,1,9565,44.8,391.2,4543,750,205,767155,-1049,Low,No
2024-12-19,GrowOut-B,Farming,Pangasius,Winter,17.3,Cold,0.0,7.3,0.05,11.9,0,9565,38.8,360.6,4148,491,193,665684,-1724,Low,No
2024-12-20,GrowOut-B,Farming,Pangasius,Winter,15.4,Cold,0.0,7.1,0.1,10.5,1,9564,40.7,395.1,4532,572,194,733152,-1661,Low,No
2024-12-21,GrowOut-B,Farming,Pangasius,Winter,17.4,Cloudy,0.0,7.5,0.09,10.7,0,9564,40.9,386.7,4265,788,197,728585,-306,Low,No
2024-12-22,GrowOut-B,Farming,Pangasius,Winter,16.8,Sunny,0.0,7.3,0.1,11.2,0,9564,47.4,461.0,5105,570,191,842120,-3544,Low,No
2024-12-23,GrowOut-B,Farming,Pangasius,Winter,14.8,Sunny,0.0,7.7,0.09,10.5,0,9564,33.4,334.0,3232,711,201,642070,-2022,Low,No
2024-12-24,GrowOut-B,Farming,Pangasius,Winter,16.3,Cold,0.0,7.1,0.08,10.5,1,9563,42.8,400.3,4278,669,192,735066,-503,Low,No
2024-12-25,GrowOut-B,Farming,Pangasius,Winter,15.6,Sunny,0.0,7.8,0.09,10.1,0,9563,44.9,410.3,4915,609,211,827900,-298,Low,No
2024-12-26,GrowOut-B,Farming,Pangasius,Winter,15.5,Sunny,0.0,7.8,0.09,11.0,1,9562,46.7,471.0,5062,629,201,905339,-1229,Medium,No
2024-12-27,GrowOut-B,Farming,Pangasius,Winter,17.6,Sunny,0.0,7.7,0.11,10.2,1,9561,51.3,480.2,5164,724,195,895376,-2157,Medium,No
2024-12-28,GrowOut-B,Farming,Pangasius,Winter,16.3,Sunny,0.0,7.7,0.09,11.2,0,9561,43.7,381.9,4174,654,198,722966,-3856,Low,No
2024-12-29,GrowOut-B,Farming,Pangasius,Winter,17.3,Cloudy,0.0,7.6,0.08,10.4,4,9557,38.2,344.3,3707,514,196,645203,-3125,Low,No
2024-12-30,GrowOut-B,Farming,Pangasius,Winter,15.5,Cold,0.0,7.5,0.07,12.0,1,9556,56.2,489.3,5949,506,191,893162,-226,Medium,No
2024-12-31,GrowOut-B,Farming,Pangasius,Winter,18.1,Sunny,0.0,7.6,0.08,10.8,2,9554,42.3,384.7,4608,553,200,735239,-137,Low,No
2025-01-01,GrowOut-B,Farming,Pangasius,Winter,15.8,Cold,0.0,6.9,0.12,10.8,0,9554,54.7,519.9,5362,894,195,968589,-3008,Medium,No
2025-01-02,GrowOut-B,Farming,Pangasius,Winter,16.1,Sunny,0.0,7.7,0.09,10.9,0,9554,37.6,371.6,4198,490,198,702953,-3205,Low,No
2025-01-03,GrowOut-B,Farming,Pangasius,Winter,14.5,Cold,0.0,7.9,0.1,10.7,1,9553,51.0,477.2,5584,611,204,930070,189,Medium,No
2025-01-04,GrowOut-B,Farming,Pangasius,Winter,16.3,Sunny,0.0,7.1,0.1,11.3,1,9552,50.5,505.4,5679,772,205,989758,-4159,Medium,No
2025-01-05,GrowOut-B,Farming,Pangasius,Winter,18.4,Partly Cloudy,0.0,7.2,0.11,10.0,1,9551,56.5,490.8,5754,891,193,904807,-168,Medium,No
2025-01-06,GrowOut-B,Farming,Pangasius,Winter,16.2,Cloudy,0.0,7.1,0.11,11.2,1,9550,53.0,477.9,5387,824,193,880934,60,Medium,No
2025-01-07,GrowOut-B,Farming,Pangasius,Winter,15.7,Cloudy,0.0,7.5,0.12,11.3,1,9549,55.1,537.9,5567,515,189,970883,-1250,Medium,No
2025-01-08,GrowOut-B,Farming,Pangasius,Winter,17.7,Cloudy,0.0,7.1,0.1,11.2,1,9548,47.1,440.4,4657,580,190,799022,-260,Low,No
2025-01-09,GrowOut-B,Farming,Pangasius,Winter,14.6,Cloudy,0.0,7.8,0.12,11.3,0,9548,50.5,457.9,5561,668,199,870034,-820,Low,No
2025-01-10,GrowOut-B,Farming,Pangasius,Winter,16.0,Cold,0.0,7.8,0.12,10.8,0,9548,57.7,540.9,5780,692,197,1017409,-2533,Medium,No
2025-01-11,GrowOut-B,Farming,Pangasius,Winter,15.9,Cold,0.0,7.4,0.11,11.3,2,9546,53.6,503.8,5874,840,212,1019780,-418,Medium,No
2025-01-12,GrowOut-B,Farming,Pangasius,Winter,16.1,Cold,0.0,7.5,0.1,11.0,2,9544,47.6,428.6,4780,683,197,806009,-522,Low,No
2025-01-13,GrowOut-B,Farming,Pangasius,Winter,17.6,Cloudy,0.0,7.4,0.12,11.1,1,9543,58.4,525.3,6280,876,203,1017733,-3890,Medium,No
2025-01-14,GrowOut-B,Farming,Pangasius,Winter,16.2,Sunny,0.0,8.0,0.08,11.1,1,9542,56.0,515.0,5599,889,199,978014,-1347,Medium,No
2025-01-15,GrowOut-B,Farming,Pangasius,Winter,15.2,Sunny,0.0,7.7,0.11,12.0,0,9542,53.5,489.6,5490,591,201,939024,-558,Medium,No
2025-01-16,GrowOut-B,Farming,Pangasius,Winter,14.5,Cloudy,0.0,7.8,0.09,11.5,0,9542,51.8,488.4,5246,747,196,913421,-4599,Medium,No
2025-01-17,GrowOut-B,Farming,Pangasius,Winter,14.5,Cold,0.0,7.3,0.13,10.8,0,9542,63.8,553.2,6136,759,202,1066284,907,Medium,No
2025-01-18,GrowOut-B,Farming,Pangasius,Winter,15.0,Cold,0.0,7.6,0.14,10.9,0,9542,60.6,554.0,6599,608,194,1025536,-3047,Medium,No
2025-01-19,GrowOut-B,Farming,Pangasius,Winter,15.6,Cloudy,0.0,7.2,0.11,11.8,0,9542,61.7,561.2,6889,692,206,1103124,-3179,Medium,No
2025-01-20,GrowOut-B,Farming,Pangasius,Winter,17.3,Cloudy,0.0,7.4,0.07,10.9,2,9540,49.6,470.3,5120,769,199,893033,-4699,Low,No
2025-01-21,GrowOut-B,Farming,Pangasius,Winter,14.9,Sunny,0.0,7.6,0.1,10.5,2,9538,49.9,491.0,4796,668,199,932144,-4620,Medium,No
2025-01-22,GrowOut-B,Farming,Pangasius,Winter,15.1,Sunny,0.0,7.1,0.14,11.5,1,9537,65.6,570.2,6410,689,194,1055082,-4990,Medium,No
2025-01-23,GrowOut-B,Farming,Pangasius,Winter,14.5,Cold,0.0,6.8,0.07,10.8,0,9537,51.4,505.0,5269,839,203,977686,46,Medium,No
2025-01-24,GrowOut-B,Farming,Pangasius,Winter,15.0,Sunny,0.0,7.4,0.12,11.5,1,9536,63.1,597.3,6513,597,207,1179165,-4413,Medium,No
2025-01-25,GrowOut-B,Farming,Pangasius,Winter,15.9,Cold,0.0,7.4,0.11,10.7,0,9536,68.2,630.4,6908,839,207,1244379,-616,Medium,No
2025-01-26,GrowOut-B,Farming,Pangasius,Winter,14.5,Cloudy,0.0,7.5,0.11,11.1,1,9535,59.9,563.1,6230,879,200,1073944,-4623,Medium,No
2025-01-27,GrowOut-B,Farming,Pangasius,Winter,16.3,Cold,0.0,7.4,0.12,11.1,2,9533,49.9,497.5,5348,641,206,977194,403,Medium,No
2025-01-28,GrowOut-B,Farming,Pangasius,Winter,14.5,Cloudy,0.0,7.1,0.12,11.5,1,9532,54.9,529.3,5634,509,212,1069713,-4541,Medium,No
2025-01-29,GrowOut-B,Farming,Pangasius,Winter,16.4,Cloudy,0.0,7.1,0.11,10.4,1,9531,54.8,542.4,5325,735,206,1065052,-1278,Medium,No
2025-01-30,GrowOut-B,Farming,Pangasius,Winter,14.5,Cold,0.0,7.3,0.25,7.4,13,9518,62.9,701.4,7052,503,205,1370434,-3718,Medium,No
2025-01-31,GrowOut-B,Farming,Pangasius,Winter,16.6,Cloudy,0.0,7.6,0.09,10.6,0,9518,56.0,566.5,6097,663,194,1046038,-5340,Medium,No
2025-02-01,GrowOut-B,Farming,Pangasius,Winter,16.0,Cloudy,0.0,7.4,0.09,10.8,1,9517,61.9,614.8,6009,530,209,1222998,2178,Medium,No
2025-02-02,GrowOut-B,Farming,Pangasius,Winter,16.4,Cold,0.0,7.6,0.11,10.8,3,9514,56.3,570.6,5915,880,213,1156675,68,Medium,No
2025-02-03,GrowOut-B,Farming,Pangasius,Winter,16.8,Sunny,0.0,7.6,0.11,10.5,1,9513,60.1,574.5,6624,891,207,1131419,-5740,Medium,No
2025-02-04,GrowOut-B,Farming,Pangasius,Winter,16.3,Sunny,0.0,7.7,0.1,11.6,2,9511,64.1,604.9,7001,896,200,1150883,-5498,Medium,No
2025-02-05,GrowOut-B,Farming,Pangasius,Winter,15.9,Cold,0.0,7.8,0.09,10.8,3,9508,53.3,532.5,6067,650,196,992663,-494,Medium,No
2025-02-06,GrowOut-B,Farming,Pangasius,Winter,15.9,Cloudy,0.0,7.0,0.14,11.5,0,9508,69.2,611.6,7139,568,200,1163019,-1713,Medium,No
2025-02-07,GrowOut-B,Farming,Pangasius,Winter,18.0,Partly Cloudy,0.0,6.9,0.1,10.9,4,9504,57.1,518.6,6475,474,207,1020686,-4874,Medium,No
2025-02-08,GrowOut-B,Farming,Pangasius,Winter,16.7,Sunny,0.0,7.5,0.13,11.1,1,9503,70.0,691.3,6969,606,204,1340304,-192,Medium,No
2025-02-09,GrowOut-B,Farming,Pangasius,Winter,17.4,Sunny,0.0,7.3,0.09,11.0,1,9502,50.9,516.7,5827,736,203,996771,718,Medium,No
2025-02-10,GrowOut-B,Farming,Pangasius,Winter,16.6,Sunny,0.0,7.5,0.1,10.5,0,9502,60.8,554.7,6593,763,206,1085776,-2882,Medium,No
2025-02-11,GrowOut-B,Farming,Pangasius,Winter,15.6,Cloudy,0.0,7.4,0.12,11.3,1,9501,69.0,608.6,7866,471,195,1127669,-645,Medium,No
2025-02-12,GrowOut-B,Farming,Pangasius,Winter,17.9,Cloudy,0.0,7.6,0.1,10.8,0,9501,63.6,596.1,6872,602,211,1195008,649,Medium,No
2025-02-13,GrowOut-B,Farming,Pangasius,Winter,16.1,Cold,0.0,7.2,0.11,10.8,2,9499,59.1,543.2,5797,771,207,1068315,-4023,Medium,No
2025-02-14,GrowOut-B,Farming,Pangasius,Winter,18.6,Cloudy,0.0,7.4,0.13,10.7,0,9499,73.2,678.5,8385,757,207,1334130,-1793,Medium,No
2025-02-15,GrowOut-B,Farming,Pangasius,Winter,16.4,Cold,0.0,7.4,0.13,10.8,1,9498,66.5,648.3,6847,543,210,1293222,-4320,Medium,No
2025-02-16,GrowOut-B,Farming,Pangasius,Winter,16.3,Sunny,0.0,7.5,0.13,11.1,0,9498,58.5,712.2,5756,536,213,1440833,-305,Medium,No
2025-02-17,GrowOut-B,Farming,Pangasius,Winter,18.0,Partly Cloudy,0.0,7.6,0.12,10.5,0,9498,65.1,716.4,7353,609,212,1442526,-117,Medium,No
2025-02-18,GrowOut-B,Farming,Pangasius,Winter,15.9,Cold,0.0,7.2,0.14,11.4,0,9498,68.4,743.5,7571,883,207,1461785,-7611,Medium,No
2025-02-19,GrowOut-B,Farming,Pangasius,Winter,14.7,Cloudy,0.0,7.4,0.13,10.6,2,9496,65.6,718.2,6739,897,208,1418864,-3424,Medium,No
2025-02-20,GrowOut-B,Farming,Pangasius,Winter,19.0,Cloudy,0.0,7.9,0.12,11.2,1,9495,77.5,685.8,8330,553,208,1354570,-6420,Medium,No
2025-02-21,GrowOut-B,Farming,Pangasius,Winter,17.0,Cloudy,0.0,7.5,0.12,11.1,0,9495,65.6,569.6,7365,805,205,1108712,-7213,Medium,No
2025-02-22,GrowOut-B,Farming,Pangasius,Winter,17.1,Cold,0.0,7.5,0.15,9.9,0,9495,65.9,726.4,6885,579,205,1413919,-6513,Medium,No
2025-02-23,GrowOut-B,Farming,Pangasius,Winter,16.9,Cloudy,0.0,7.0,0.13,11.2,1,9494,67.2,643.9,6726,863,207,1265563,-4317,Medium,No
2025-02-24,GrowOut-B,Farming,Pangasius,Winter,17.3,Cloudy,0.0,7.2,0.12,10.5,0,9494,68.7,661.4,6815,691,212,1331218,-330,Medium,No
2025-02-25,GrowOut-B,Farming,Pangasius,Winter,17.6,Cloudy,0.0,7.2,0.14,11.1,0,9494,64.1,727.5,6993,699,208,1436632,-16,Medium,No
2025-02-26,GrowOut-B,Farming,Pangasius,Winter,20.0,Cloudy,0.0,7.3,0.18,9.7,0,9494,85.5,802.6,9267,558,213,1623035,-7611,Medium,No
2025-02-27,GrowOut-B,Farming,Pangasius,Winter,18.1,Cloudy,0.0,7.2,0.13,10.9,1,9493,72.3,686.9,7824,843,218,1421671,-4356,Medium,No
2025-02-28,GrowOut-B,Farming,Pangasius,Winter,17.1,Sunny,0.0,7.2,0.12,10.2,0,9493,60.3,731.1,6436,682,203,1408887,2659,Medium,No
2025-03-01,GrowOut-B,Farming,Pangasius,Spring,18.5,Cloudy,0.0,7.2,0.15,10.8,0,9493,64.9,753.3,7444,667,205,1465971,-6201,Medium,No
2025-03-02,GrowOut-B,Farming,Pangasius,Spring,18.8,Partly Cloudy,0.0,6.9,0.14,9.9,2,9491,65.1,609.3,7071,564,209,1208874,-6556,Medium,No
2025-03-03,GrowOut-B,Farming,Pangasius,Spring,21.5,Sunny,0.0,7.6,0.17,10.3,0,9491,104.4,929.4,11046,884,217,1914143,-7558,Medium,No
2025-03-04,GrowOut-B,Farming,Pangasius,Spring,16.1,Cloudy,0.0,7.3,0.1,11.4,2,9489,66.9,625.0,7100,552,210,1245694,-5647,Medium,No
2025-03-05,GrowOut-B,Farming,Pangasius,Spring,17.1,Cold,0.0,7.3,0.14,11.0,3,9486,67.5,670.9,6616,501,210,1336896,-469,Medium,No
2025-03-06,GrowOut-B,Farming,Pangasius,Spring,18.2,Partly Cloudy,0.0,7.3,0.11,11.4,0,9486,64.5,606.5,6330,847,223,1282977,2523,Medium,No
2025-03-07,GrowOut-B,Farming,Pangasius,Spring,16.2,Sunny,0.0,7.0,0.12,10.2,1,9485,65.0,826.6,7100,701,216,1693684,-4535,Medium,No
2025-03-08,GrowOut-B,Farming,Pangasius,Spring,19.1,Sunny,0.0,7.7,0.11,10.6,0,9485,65.0,608.5,6416,529,213,1229356,-5778,Medium,No
2025-03-09,GrowOut-B,Farming,Pangasius,Spring,17.6,Sunny,0.0,7.9,0.14,10.3,0,9485,61.8,755.1,6340,470,209,1496884,-221,Medium,No
2025-03-10,GrowOut-B,Farming,Pangasius,Spring,20.1,Cloudy,0.0,7.7,0.15,10.4,1,9484,90.0,807.9,10205,755,210,1609216,-5932,Medium,No
2025-03-11,GrowOut-B,Farming,Pangasius,Spring,20.0,Sunny,0.0,6.9,0.15,10.6,0,9484,86.4,807.6,8535,623,212,1623767,-4547,Medium,No
2025-03-12,GrowOut-B,Farming,Pangasius,Spring,20.4,Cloudy,0.0,7.3,0.12,10.3,0,9484,77.8,729.4,8836,742,215,1487290,875,Medium,No
2025-03-13,GrowOut-B,Farming,Pangasius,Spring,20.1,Cloudy,0.0,7.3,0.17,11.0,0,9484,88.7,803.7,9283,640,216,1646415,-413,Medium,No
2025-03-14,GrowOut-B,Farming,Pangasius,Spring,18.9,Cloudy,0.0,7.4,0.14,10.1,0,9484,71.4,791.0,7225,840,208,1560384,-3851,Medium,No
2025-03-15,GrowOut-B,Farming,Pangasius,Spring,20.1,Cloudy,0.0,6.9,0.18,9.7,1,9483,95.1,888.1,9412,798,211,1777198,-2964,Medium,No
2025-03-16,GrowOut-B,Farming,Pangasius,Spring,19.4,Partly Cloudy,0.0,7.3,0.26,6.9,15,9468,72.0,903.3,7314,784,204,1747463,-1587,Medium,No
2025-03-17,GrowOut-B,Farming,Pangasius,Spring,20.9,Sunny,0.0,7.4,0.17,10.3,0,9468,86.6,786.4,8307,645,209,1556138,-1233,Medium,No
2025-03-18,GrowOut-B,Farming,Pangasius,Spring,18.7,Partly Cloudy,0.0,7.1,0.12,10.5,0,9468,73.0,693.6,8256,627,212,1392205,-5155,Medium,No
2025-03-19,GrowOut-B,Farming,Pangasius,Spring,18.3,Sunny,0.0,7.6,0.13,10.2,0,9468,69.8,818.2,7876,874,213,1650051,-7570,Medium,No
2025-03-20,GrowOut-B,Farming,Pangasius,Spring,19.3,Partly Cloudy,0.0,7.5,0.13,10.0,1,9467,64.5,816.4,6920,865,211,1630961,-3889,Medium,No
2025-03-21,GrowOut-B,Farming,Pangasius,Spring,19.6,Cloudy,0.0,6.6,0.11,10.2,1,9466,64.0,789.4,6099,798,205,1532016,-4256,Medium,No
2025-03-22,GrowOut-B,Farming,Pangasius,Spring,21.1,Partly Cloudy,0.0,7.9,0.2,10.1,2,9464,105.0,879.1,10271,690,221,1839065,-2635,Medium,No
2025-03-23,GrowOut-B,Farming,Pangasius,Spring,20.4,Partly Cloudy,0.0,7.9,0.16,10.6,0,9464,86.3,742.6,9553,688,215,1511013,-4897,Medium,No
2025-03-24,GrowOut-B,Farming,Pangasius,Spring,19.0,Cloudy,0.0,7.3,0.11,10.2,0,9464,67.9,797.4,6611,688,205,1547052,502,Medium,No
2025-03-25,GrowOut-B,Farming,Pangasius,Spring,21.8,Partly Cloudy,0.0,7.1,0.19,9.9,2,9462,106.5,1000.9,10183,811,213,2017646,-7065,Medium,No
2025-03-26,GrowOut-B,Farming,Pangasius,Spring,20.9,Partly Cloudy,0.0,7.2,0.17,9.4,1,9461,110.0,995.0,12423,461,217,2042988,-8263,Medium,No
2025-03-27,GrowOut-B,Farming,Pangasius,Spring,20.3,Sunny,0.0,7.1,0.19,9.5,1,9460,107.9,995.9,12152,794,217,2044620,-4963,Medium,No
2025-03-28,GrowOut-B,Farming,Pangasius,Spring,21.3,Cloudy,0.0,7.3,0.17,10.0,1,9459,97.7,902.1,10987,621,210,1792112,1941,Medium,No
2025-03-29,GrowOut-B,Farming,Pangasius,Spring,19.6,Cloudy,0.0,7.5,0.16,10.7,0,9459,82.4,926.2,9444,707,217,1901121,-7553,Medium,No
2025-03-30,GrowOut-B,Farming,Pangasius,Spring,22.1,Sunny,0.0,7.4,0.2,9.8,0,9459,123.0,1038.0,12941,887,220,2160057,-5024,High,No
2025-03-31,GrowOut-B,Farming,Pangasius,Spring,22.7,Partly Cloudy,0.0,7.4,0.17,9.9,0,9459,94.1,894.7,10347,670,212,1794149,-2255,Medium,No
2025-04-01,GrowOut-B,Farming,Pangasius,Spring,22.6,Sunny,0.0,7.7,0.16,9.7,1,9458,97.1,824.2,10846,698,217,1691755,-9251,Medium,No
2025-04-02,GrowOut-B,Farming,Pangasius,Spring,19.9,Cloudy,0.0,7.3,0.17,10.1,1,9457,80.5,886.2,8349,530,204,1709863,-294,Medium,No
2025-04-03,GrowOut-B,Farming,Pangasius,Spring,19.9,Partly Cloudy,0.0,7.1,0.11,10.0,0,9457,67.8,810.8,7050,815,203,1556550,3439,Medium,No
2025-04-04,GrowOut-B,Farming,Pangasius,Spring,23.6,Partly Cloudy,0.0,7.3,0.22,9.5,1,9456,130.0,1089.9,14732,497,214,2205737,-8438,High,No
2025-04-05,GrowOut-B,Farming,Pangasius,Spring,21.4,Partly Cloudy,0.0,8.1,0.16,9.6,0,9456,93.1,878.4,8929,646,209,1735985,-7020,Medium,No
2025-04-06,GrowOut-B,Farming,Pangasius,Spring,24.5,Cloudy,0.0,7.3,0.18,9.4,2,9454,103.3,928.6,10572,824,220,1931785,-2622,Medium,No
2025-04-07,GrowOut-B,Farming,Pangasius,Spring,21.3,Cloudy,0.0,7.8,0.16,10.2,0,9454,85.8,776.1,8528,767,218,1599520,-3655,Medium,No
2025-04-08,GrowOut-B,Farming,Pangasius,Spring,21.3,Sunny,0.0,7.6,0.17,10.5,4,9450,96.0,914.6,9381,831,212,1833085,3667,Medium,No
2025-04-09,GrowOut-B,Farming,Pangasius,Spring,21.4,Cloudy,0.0,7.2,0.16,9.3,0,9450,95.9,818.8,9740,775,212,1640384,-6665,Medium,No
2025-04-10,GrowOut-B,Farming,Pangasius,Spring,21.6,Sunny,0.0,6.9,0.17,10.3,1,9449,85.2,810.5,9705,818,205,1570141,-7571,Medium,No
2025-04-11,GrowOut-B,Farming,Pangasius,Spring,25.0,Partly Cloudy,0.0,7.4,0.22,9.4,0,9449,126.7,1184.2,12382,639,219,2450502,4983,High,No
2025-04-12,GrowOut-B,Farming,Pangasius,Spring,23.4,Cloudy,0.0,7.6,0.19,9.5,2,9447,135.2,1191.2,13853,667,210,2363686,594,High,No
2025-04-13,GrowOut-B,Farming,Pangasius,Spring,22.7,Cloudy,0.0,7.6,0.21,10.0,0,9447,116.2,1054.9,11176,502,216,2152578,4582,High,No
2025-04-14,GrowOut-B,Farming,Pangasius,Spring,21.7,Cloudy,0.0,7.2,0.16,9.7,1,9446,92.1,854.3,10236,891,222,1791667,-9127,Medium,No
2025-04-15,GrowOut-B,Farming,Pangasius,Spring,23.9,Sunny,0.0,7.1,0.22,9.5,1,9445,123.1,1033.7,11802,613,214,2089567,455,High,No
2025-04-16,GrowOut-B,Farming,Pangasius,Spring,26.4,Partly Cloudy,0.0,7.5,0.2,8.4,1,9444,111.1,969.6,10998,465,225,2060521,2004,Medium,No
2025-04-17,GrowOut-B,Farming,Pangasius,Spring,22.1,Cloudy,0.0,7.2,0.25,6.0,10,9434,111.1,914.6,12111,895,214,1848421,-95,Medium,No
2025-04-18,GrowOut-B,Farming,Pangasius,Spring,23.1,Cloudy,0.0,7.1,0.19,9.4,0,9434,123.4,1150.9,12531,582,218,2366955,-1075,High,No
2025-04-19,GrowOut-B,Farming,Pangasius,Spring,26.9,Cloudy,0.0,7.4,0.23,9.2,1,9433,145.7,1205.7,15460,546,213,2422784,-7672,High,No
2025-04-20,GrowOut-B,Farming,Pangasius,Spring,23.1,Sunny,0.0,7.4,0.18,9.3,1,9432,114.6,1070.6,11969,502,219,2211674,28,High,No
2025-04-21,GrowOut-B,Farming,Pangasius,Spring,23.4,Cloudy,0.0,7.2,0.22,9.8,1,9431,132.7,1174.5,12981,663,221,2448212,-6893,High,No
2025-04-22,GrowOut-B,Farming,Pangasius,Spring,25.8,Cloudy,0.0,7.3,0.18,8.9,2,9429,108.2,988.6,11849,482,213,1985903,-6190,Medium,No
2025-04-23,GrowOut-B,Farming,Pangasius,Spring,24.2,Sunny,0.0,7.2,0.18,9.4,3,9426,108.7,1039.2,11654,550,216,2116501,-9456,High,No
2025-04-24,GrowOut-B,Farming,Pangasius,Spring,24.5,Partly Cloudy,0.0,7.7,0.2,9.2,1,9425,105.2,986.2,11658,612,224,2082286,-3012,Medium,No
2025-04-25,GrowOut-B,Farming,Pangasius,Spring,24.0,Sunny,0.0,6.9,0.17,9.6,0,9425,116.7,1033.3,12068,477,212,2064637,-7617,High,No
2025-04-26,GrowOut-B,Farming,Pangasius,Spring,23.0,Cloudy,0.0,7.4,0.18,9.7,0,9425,123.0,1006.8,12787,715,214,2030665,2173,Medium,No
2025-04-27,GrowOut-B,Farming,Pangasius,Spring,26.4,Partly Cloudy,0.0,7.3,0.22,8.4,0,9425,150.8,1367.6,15844,696,212,2732602,-11614,High,No
2025-04-28,GrowOut-B,Farming,Pangasius,Spring,26.1,Sunny,0.0,7.3,0.22,9.1,1,9424,134.9,1124.5,15265,886,217,2299856,-7822,High,No
2025-04-29,GrowOut-B,Farming,Pangasius,Spring,25.2,Sunny,0.0,7.7,0.23,9.3,0,9424,128.6,1181.7,12354,817,213,2372041,-7354,High,No
2025-04-30,GrowOut-B,Farming,Pangasius,Spring,25.8,Sunny,0.0,7.1,0.21,9.4,1,9423,132.7,1141.3,13497,486,215,2312456,-6426,High,No
2025-05-01,GrowOut-B,Farming,Pangasius,Spring,21.8,Sunny,0.0,7.4,0.2,9.4,0,9423,113.2,1022.5,10776,465,213,2052259,-5560,High,No
2025-05-02,GrowOut-B,Farming,Pangasius,Spring,25.5,Partly Cloudy,0.0,7.4,0.21,9.0,0,9423,107.0,998.5,11663,779,214,2013497,2645,Medium,No
2025-05-03,GrowOut-B,Farming,Pangasius,Spring,27.0,Sunny,0.0,7.6,0.27,8.8,1,9422,167.4,1416.3,16182,495,212,2829309,-4793,High,No
2025-05-04,GrowOut-B,Farming,Pangasius,Spring,23.0,Partly Cloudy,0.0,7.2,0.19,9.7,1,9421,108.5,901.1,10349,598,204,1731993,17042,Medium,Yes
2025-05-05,GrowOut-B,Farming,Pangasius,Spring,26.8,Partly Cloudy,0.0,7.4,0.27,9.4,2,9419,146.7,1306.4,15998,526,213,2621518,17000,High,Yes
2025-05-06,GrowOut-B,Farming,Pangasius,Spring,25.8,Cloudy,0.0,7.3,0.23,8.9,1,9418,123.0,1131.8,13696,869,220,2345293,29751,High,Yes
2025-05-07,GrowOut-B,Farming,Pangasius,Spring,25.0,Cloudy,0.0,7.3,0.28,7.5,8,9410,117.6,1012.9,12202,591,213,2031912,24397,High,Yes
2025-05-08,GrowOut-B,Farming,Pangasius,Spring,25.5,Partly Cloudy,0.0,7.3,0.25,8.5,3,9407,142.8,1350.2,14017,638,216,2744363,29310,High,Yes
2025-05-09,GrowOut-B,Farming,Pangasius,Spring,25.4,Sunny,0.0,7.8,0.19,8.7,1,9406,105.4,990.9,10465,774,215,2004100,26208,Medium,Yes
2025-05-10,GrowOut-B,Farming,Pangasius,Spring,27.8,Partly Cloudy,0.0,6.9,0.28,8.5,1,9405,162.6,1498.4,17679,567,220,3100669,38849,High,Yes
2025-05-11,GrowOut-B,Farming,Pangasius,Spring,25.0,Partly Cloudy,0.0,7.4,0.18,9.4,1,9404,109.3,969.8,12473,672,223,2033976,12955,Medium,Yes
2025-05-12,GrowOut-B,Farming,Pangasius,Spring,29.5,Sunny,0.0,7.6,0.29,8.6,0,9404,164.6,1548.6,17450,869,219,3189305,34713,High,Yes
2025-05-13,GrowOut-B,Farming,Pangasius,Spring,25.9,Cloudy,0.0,7.7,0.19,9.1,2,9402,132.8,1158.1,13228,788,214,2330625,5708,High,Yes
2025-05-14,GrowOut-B,Farming,Pangasius,Spring,28.3,Partly Cloudy,0.0,7.3,0.2,8.9,0,9402,141.7,1219.9,14074,587,211,2420064,4116,High,Yes
2025-05-15,GrowOut-B,Farming,Pangasius,Spring,28.6,Cloudy,0.0,7.5,0.26,8.5,0,9402,177.8,1533.1,17878,507,211,3041398,37769,High,Yes
2025-05-16,GrowOut-B,Farming,Pangasius,Spring,27.8,Partly Cloudy,0.0,7.3,0.2,8.6,0,9402,126.6,1094.7,14489,578,214,2202567,16626,High,Yes
2025-05-17,GrowOut-B,Farming,Pangasius,Spring,29.4,Cloudy,0.0,7.5,0.26,8.7,0,9402,172.7,1440.4,17171,744,226,3060637,28070,High,Yes
2025-05-18,GrowOut-B,Farming,Pangasius,Spring,28.5,Sunny,0.0,7.3,0.33,8.6,0,9402,185.1,1555.7,20398,560,220,3217872,30693,High,Yes
2025-05-19,GrowOut-B,Farming,Pangasius,Spring,27.5,Partly Cloudy,0.0,7.1,0.2,8.2,0,9402,122.9,1128.1,11849,477,209,2216737,17174,High,Yes
2025-05-20,GrowOut-B,Farming,Pangasius,Spring,29.3,Cloudy,0.0,7.7,0.21,7.9,0,9402,131.7,1132.6,14016,874,212,2257526,24369,High,Yes
2025-05-21,GrowOut-B,Farming,Pangasius,Spring,26.7,Sunny,0.0,7.5,0.21,9.2,1,9401,123.0,1065.0,12766,568,222,2222915,22004,High,Yes
2025-05-22,GrowOut-B,Farming,Pangasius,Spring,26.8,Sunny,0.0,7.5,0.3,8.2,0,9401,181.1,1500.7,19720,506,219,3089670,38841,High,Yes
2025-05-23,GrowOut-B,Farming,Pangasius,Spring,29.4,Cloudy,0.0,7.7,0.22,8.0,0,9401,130.9,1236.3,13239,765,214,2487206,31035,High,Yes
2025-05-24,GrowOut-B,Farming,Pangasius,Spring,27.7,Sunny,0.0,7.2,0.23,9.1,1,9400,129.7,1071.8,13299,832,215,2166338,11527,High,Yes
2025-05-25,GrowOut-B,Farming,Pangasius,Spring,28.9,Sunny,0.0,7.4,0.23,8.7,1,9399,140.5,1211.0,15675,483,214,2436048,31718,High,Yes
2025-05-26,GrowOut-B,Farming,Pangasius,Spring,30.8,Hot,0.0,7.7,0.25,8.0,2,9397,161.9,1338.7,15975,498,206,2591983,11437,High,Yes
2025-05-27,GrowOut-B,Farming,Pangasius,Spring,28.4,Cloudy,0.0,7.1,0.2,8.8,1,9396,117.6,1126.5,13399,766,214,2265344,9554,High,Yes
2025-05-28,GrowOut-B,Farming,Pangasius,Spring,29.1,Sunny,0.0,7.7,0.26,8.1,0,9396,152.9,1279.1,14739,782,219,2632035,23348,High,Yes
2025-05-29,GrowOut-B,Farming,Pangasius,Spring,30.4,Hot,0.0,7.5,0.29,8.1,0,9396,186.2,1631.2,18599,737,213,3264599,26793,High,Yes
2025-05-30,GrowOut-B,Farming,Pangasius,Spring,28.5,Partly Cloudy,0.0,7.1,0.25,8.5,0,9396,145.6,1368.8,14273,856,213,2739445,19121,High,Yes
2025-05-31,GrowOut-B,Farming,Pangasius,Spring,29.2,Partly Cloudy,0.5,7.1,0.21,8.4,1,9395,137.8,1235.8,15647,577,215,2496489,12875,High,Yes
2025-06-01,GrowOut-B,Farming,Pangasius,Monsoon,28.9,Partly Cloudy,0.3,7.4,0.23,8.3,0,9395,151.8,1284.7,16129,805,218,2631207,17604,High,Yes
2025-06-02,GrowOut-B,Farming,Pangasius,Monsoon,30.8,Sunny,0.8,7.6,0.2,8.5,0,9395,131.1,1250.7,14011,641,210,2467569,16421,High,Yes
2025-06-03,GrowOut-B,Farming,Pangasius,Monsoon,29.4,Sunny,1.3,7.6,0.28,8.6,1,9394,190.6,1639.6,20665,847,205,3157829,3056,High,Yes
2025-06-04,GrowOut-B,Farming,Pangasius,Monsoon,28.4,Cloudy,3.1,7.2,0.21,8.7,1,9393,132.9,1181.1,14009,485,220,2440956,33163,High,Yes
2025-06-05,GrowOut-B,Farming,Pangasius,Monsoon,29.7,Sunny,0.2,7.8,0.26,8.5,0,9393,171.9,1526.8,19450,502,215,3083365,16432,High,Yes
2025-06-06,GrowOut-B,Farming,Pangasius,Monsoon,32.7,Sunny,2.9,6.9,0.27,6.7,1,9392,160.3,1334.8,15248,535,216,2708160,36080,High,Yes
2025-06-07,GrowOut-B,Farming,Pangasius,Monsoon,31.7,Sunny,3.0,7.6,0.27,7.6,0,9392,171.3,1580.5,18536,480,217,3221160,40815,High,Yes
2025-06-08,GrowOut-B,Farming,Pangasius,Monsoon,29.6,Sunny,0.9,7.0,0.24,7.8,0,9392,168.6,1441.2,18454,759,211,2856043,6094,High,Yes
2025-06-09,GrowOut-B,Farming,Pangasius,Monsoon,30.9,Sunny,1.4,7.6,0.32,8.3,0,9392,175.4,1657.0,17405,617,212,3299259,29408,High,Yes
2025-06-10,GrowOut-B,Farming,Pangasius,Monsoon,33.9,Hot,0.7,7.4,0.27,6.8,1,9391,158.5,1527.5,18141,525,218,3127489,8982,High,Yes
2025-06-11,GrowOut-B,Farming,Pangasius,Monsoon,29.1,Cloudy,2.1,6.8,0.24,8.1,1,9390,155.6,1408.5,17117,798,223,2949671,12909,High,Yes
2025-06-12,GrowOut-B,Farming,Pangasius,Monsoon,29.9,Cloudy,3.4,7.5,0.28,8.5,3,9387,170.9,1568.9,19168,480,216,3182106,28467,High,Yes
2025-06-13,GrowOut-B,Farming,Pangasius,Monsoon,31.6,Sunny,1.8,7.2,0.29,7.6,1,9386,179.5,1503.0,20281,812,221,3118014,15780,High,Yes
2025-06-14,GrowOut-B,Farming,Pangasius,Monsoon,32.0,Hot,1.9,7.3,0.32,7.2,0,9386,199.9,1706.8,22970,512,210,3364205,32932,High,Yes
2025-06-15,GrowOut-B,Farming,Pangasius,Monsoon,30.8,Rainy,6.9,7.1,0.27,8.0,0,9386,146.9,1217.5,14584,583,218,2491185,23125,High,Yes
2025-06-16,GrowOut-B,Farming,Pangasius,Monsoon,29.6,Sunny,3.2,7.2,0.21,8.2,3,9383,141.7,1231.1,13629,490,210,2426572,18997,High,Yes
2025-06-17,GrowOut-B,Farming,Pangasius,Monsoon,29.9,Partly Cloudy,4.6,7.6,0.27,7.5,2,9381,161.9,1519.6,18374,837,219,3122591,8916,High,Yes
2025-06-18,GrowOut-B,Farming,Pangasius,Monsoon,30.8,Hot,2.7,7.2,0.35,8.5,2,9379,213.7,1763.6,22769,770,212,3507398,4033,High,Yes
2025-06-19,GrowOut-B,Farming,Pangasius,Monsoon,31.3,Sunny,1.5,7.4,0.29,7.3,1,9378,191.3,1652.3,18662,735,219,3393826,18784,High,Yes
2025-06-20,GrowOut-B,Farming,Pangasius,Monsoon,31.3,Sunny,3.5,7.9,0.26,7.7,0,9378,142.8,1350.0,15614,674,226,2861228,37476,High,Yes
2025-06-21,GrowOut-B,Farming,Pangasius,Monsoon,30.9,Rainy,8.3,7.6,0.24,7.9,2,9376,159.7,1368.1,15304,800,218,2796949,22832,High,Yes
2025-06-22,GrowOut-B,Farming,Pangasius,Monsoon,31.6,Cloudy,6.7,7.3,0.26,8.5,0,9376,156.2,1403.2,15631,539,213,2802314,38452,High,Yes
2025-06-23,GrowOut-B,Farming,Pangasius,Monsoon,28.8,Rainy,7.5,7.6,0.01,8.5,0,9235,7.4,46.2,771,629,217,92585,-2043,Low,No
2025-06-24,GrowOut-B,Farming,Pangasius,Monsoon,31.4,Sunny,4.4,7.6,0.02,8.5,0,9235,8.2,46.6,783,523,224,96399,-1961,Low,No
2025-06-25,GrowOut-B,Farming,Pangasius,Monsoon,30.6,Rainy,6.0,7.5,0.01,8.2,0,9235,7.0,40.5,750,837,208,77796,-1554,Low,No
2025-06-26,GrowOut-B,Farming,Pangasius,Monsoon,31.7,Sunny,1.5,7.1,0.01,7.7,0,9235,7.0,40.4,702,829,207,77230,-2120,Low,No
2025-06-27,GrowOut-B,Farming,Pangasius,Monsoon,28.5,Cloudy,6.7,7.4,0.02,8.9,0,9235,5.9,34.7,580,705,211,67616,-1826,Low,No
2025-06-28,GrowOut-B,Farming,Pangasius,Monsoon,30.1,Sunny,0.3,7.1,0.15,6.7,9,9226,8.0,45.9,902,886,203,86049,-1822,Low,No
2025-06-29,GrowOut-B,Farming,Pangasius,Monsoon,33.0,Hot,4.7,7.0,0.03,8.3,0,9226,10.1,58.6,1139,622,212,114616,-2247,Low,No
2025-06-30,GrowOut-B,Farming,Pangasius,Monsoon,31.4,Sunny,0.9,7.3,0.02,8.6,0,9226,6.8,38.4,700,613,211,74753,-1444,Low,No
2025-07-01,GrowOut-B,Farming,Pangasius,Monsoon,30.2,Cloudy,9.4,7.8,0.03,8.0,1,9225,9.0,54.5,1029,626,217,109111,-1424,Low,No
2025-07-02,GrowOut-B,Farming,Pangasius,Monsoon,31.1,Rainy,21.0,7.6,0.02,8.1,0,9225,11.1,71.7,1131,586,217,143531,-2014,Low,No
2025-07-03,GrowOut-B,Farming,Pangasius,Monsoon,30.1,Cloudy,8.6,7.2,0.01,9.1,0,9225,9.2,51.5,945,645,221,104994,-2453,Low,No
2025-07-04,GrowOut-B,Farming,Pangasius,Monsoon,31.5,Cloudy,16.5,7.4,0.02,8.1,1,9224,12.7,79.3,1406,749,204,149235,-2281,Low,No
2025-07-05,GrowOut-B,Farming,Pangasius,Monsoon,30.4,Cloudy,5.5,7.7,0.03,8.2,0,9224,11.4,73.1,1156,753,210,141598,-1397,Low,No
2025-07-06,GrowOut-B,Farming,Pangasius,Monsoon,30.8,Rainy,8.7,7.1,0.03,8.2,1,9223,10.9,65.6,1251,878,207,125255,-2750,Low,No
2025-07-07,GrowOut-B,Farming,Pangasius,Monsoon,30.6,Cloudy,9.6,7.6,0.03,8.6,1,9222,8.3,47.1,840,819,219,95134,-1412,Low,No
2025-07-08,GrowOut-B,Farming,Pangasius,Monsoon,31.9,Cloudy,6.4,7.4,0.03,8.1,1,9221,8.8,54.1,896,558,216,107765,-1140,Low,No
2025-07-09,GrowOut-B,Farming,Pangasius,Monsoon,30.8,Cloudy,9.2,7.6,0.02,9.1,1,9220,13.7,79.4,1353,615,226,165465,-1638,Low,No
2025-07-10,GrowOut-B,Farming,Pangasius,Monsoon,32.6,Rainy,8.9,7.7,0.06,7.6,1,9219,9.9,62.5,981,817,208,119860,-2128,Low,No
2025-07-11,GrowOut-B,Farming,Pangasius,Monsoon,31.0,Sunny,2.2,7.2,0.04,8.4,0,9219,9.5,59.6,1064,688,216,118682,-2225,Low,No
2025-07-12,GrowOut-B,Farming,Pangasius,Monsoon,33.4,Hot,4.2,7.1,0.04,7.5,1,9218,11.8,67.9,1293,862,209,130828,-2183,Low,No
2025-07-13,GrowOut-B,Farming,Pangasius,Monsoon,31.6,Hot,4.0,7.3,0.06,8.3,0,9218,13.3,78.6,1420,853,203,147081,-2122,Low,No
2025-07-14,GrowOut-B,Farming,Pangasius,Monsoon,32.4,Hot,3.4,7.3,0.02,7.7,1,9217,15.1,96.6,1507,617,218,194120,-1266,Low,No
2025-07-15,GrowOut-B,Farming,Pangasius,Monsoon,32.0,Cloudy,14.4,7.5,0.0,8.5,1,9216,10.2,57.8,1090,676,218,116138,-2179,Low,No
2025-07-16,GrowOut-B,Farming,Pangasius,Monsoon,31.4,Hot,3.3,7.4,0.03,8.7,0,9216,11.2,64.9,1082,604,213,127399,-2117,Low,No
2025-07-17,GrowOut-B,Farming,Pangasius,Monsoon,33.3,Sunny,2.6,7.0,0.05,7.9,1,9215,13.4,79.8,1524,863,209,153706,-2200,Low,No
2025-07-18,GrowOut-B,Farming,Pangasius,Monsoon,31.9,Cloudy,7.0,7.6,0.02,8.1,2,9213,13.5,83.5,1321,804,210,161585,-1892,Low,No
2025-07-19,GrowOut-B,Farming,Pangasius,Monsoon,34.5,Hot,3.7,7.2,0.03,8.1,3,9210,14.4,81.4,1400,865,211,158237,-1818,Low,No
2025-07-20,GrowOut-B,Farming,Pangasius,Monsoon,31.5,Cloudy,8.3,7.3,0.04,8.2,1,9209,12.9,73.3,1411,894,204,137719,-2464,Low,No
2025-07-21,GrowOut-B,Farming,Pangasius,Monsoon,31.6,Rainy,7.9,7.8,0.02,8.0,1,9208,18.5,103.3,2127,879,210,199771,-2911,Low,No
2025-07-22,GrowOut-B,Farming,Pangasius,Monsoon,31.9,Rainy,7.1,7.3,0.05,7.5,1,9207,15.2,88.2,1730,817,210,170551,-1957,Low,No
2025-07-23,GrowOut-B,Farming,Pangasius,Monsoon,32.7,Cloudy,6.0,7.5,0.01,7.4,1,9206,13.9,83.5,1446,636,210,161445,-1923,Low,No
2025-07-24,GrowOut-B,Farming,Pangasius,Monsoon,31.8,Rainy,6.1,7.4,0.03,7.9,0,9206,9.7,63.5,1097,463,214,125100,-1695,Low,No
2025-07-25,GrowOut-B,Farming,Pangasius,Monsoon,32.8,Rainy,13.1,7.4,0.01,8.5,1,9205,16.3,92.0,1665,525,207,175319,-3021,Low,No
2025-07-26,GrowOut-B,Farming,Pangasius,Monsoon,32.1,Cloudy,7.8,7.6,0.0,9.0,1,9204,18.4,113.4,2085,701,207,216076,-2858,Low,No
2025-07-27,GrowOut-B,Farming,Pangasius,Monsoon,31.7,Cloudy,8.0,7.5,0.04,7.8,0,9204,21.9,126.6,2404,529,212,247028,-2230,Low,No
2025-07-28,GrowOut-B,Farming,Pangasius,Monsoon,31.5,Cloudy,20.6,7.3,0.02,7.2,2,9202,14.5,87.6,1566,755,206,166092,-2273,Low,No
2025-07-29,GrowOut-B,Farming,Pangasius,Monsoon,30.4,Heavy Rain,33.2,7.1,0.03,7.9,2,9200,16.9,101.0,1825,817,210,195174,-1727,Low,No
2025-07-30,GrowOut-B,Farming,Pangasius,Monsoon,33.0,Cloudy,8.6,7.1,0.05,7.8,0,9200,16.8,109.0,1872,550,210,210588,-2184,Low,No
2025-07-31,GrowOut-B,Farming,Pangasius,Monsoon,31.8,Rainy,10.1,7.2,0.05,7.4,1,9199,17.6,111.1,1786,535,208,212601,-2782,Low,No
2025-08-01,GrowOut-B,Farming,Pangasius,Monsoon,32.6,Hot,4.0,7.0,0.06,8.7,0,9199,20.4,130.6,1957,793,202,242681,-2818,Low,No
2025-08-02,GrowOut-B,Farming,Pangasius,Monsoon,30.2,Rainy,12.4,7.4,0.05,8.7,0,9199,19.8,119.0,1906,867,202,221126,-2624,Low,No
2025-08-03,GrowOut-B,Farming,Pangasius,Monsoon,31.1,Rainy,24.3,7.5,0.03,8.2,1,9198,14.2,88.9,1486,757,204,166829,-2873,Low,No
2025-08-04,GrowOut-B,Farming,Pangasius,Monsoon,30.9,Cloudy,23.9,7.5,0.03,8.6,0,9198,16.0,97.1,1791,538,207,184877,-2745,Low,No
2025-08-05,GrowOut-B,Farming,Pangasius,Monsoon,30.5,Cloudy,8.2,7.5,0.05,9.1,1,9197,16.9,96.8,1873,796,207,184306,-1922,Low,No
2025-08-06,GrowOut-B,Farming,Pangasius,Monsoon,33.3,Rainy,9.0,7.6,0.01,7.9,2,9195,18.8,107.8,1799,505,201,199279,-1823,Low,No
2025-08-07,GrowOut-B,Farming,Pangasius,Monsoon,29.6,Cloudy,6.9,7.7,0.03,8.1,1,9194,18.5,120.9,1902,858,202,224558,-1818,Low,No
2025-08-08,GrowOut-B,Farming,Pangasius,Monsoon,30.9,Rainy,14.7,7.2,0.04,8.2,0,9194,21.4,130.7,2240,561,208,249944,-1623,Low,No
2025-08-09,GrowOut-B,Farming,Pangasius,Monsoon,32.7,Hot,0.7,7.6,0.03,8.3,0,9194,22.7,137.2,2467,859,208,262375,-3104,Low,No
2025-08-10,GrowOut-B,Farming,Pangasius,Monsoon,31.3,Cloudy,16.5,7.5,0.03,8.2,1,9193,17.7,107.9,1998,722,206,204359,-2892,Low,No
2025-08-11,GrowOut-B,Farming,Pangasius,Monsoon,30.0,Cloudy,13.7,7.5,0.04,9.1,1,9192,25.5,147.5,2845,802,204,276617,-2283,Low,No
2025-08-12,GrowOut-B,Farming,Pangasius,Monsoon,30.4,Rainy,7.2,7.1,0.05,8.7,0,9192,17.2,100.8,1664,608,205,189943,-1693,Low,No
2025-08-13,GrowOut-B,Farming,Pangasius,Monsoon,32.7,Rainy,21.7,7.0,0.04,7.3,1,9191,23.7,151.4,2469,680,202,281117,-2271,Low,No
2025-08-14,GrowOut-B,Farming,Pangasius,Monsoon,30.4,Rainy,7.1,7.6,0.05,8.9,1,9190,26.1,157.8,2913,540,202,292969,-3197,Low,No
2025-08-15,GrowOut-B,Farming,Pangasius,Monsoon,31.9,Hot,2.5,7.6,0.07,8.0,2,9188,18.6,119.2,1899,830,198,216899,-2066,Low,No
2025-08-16,GrowOut-B,Farming,Pangasius,Monsoon,32.2,Heavy Rain,25.7,7.0,0.02,8.8,0,9188,27.0,162.6,2868,883,203,303276,-4180,Low,No
2025-08-17,GrowOut-B,Farming,Pangasius,Monsoon,30.8,Cloudy,17.1,7.3,0.03,8.4,1,9187,26.2,165.0,2717,768,210,318364,-2444,Low,No
2025-08-18,GrowOut-B,Farming,Pangasius,Monsoon,30.4,Cloudy,5.6,7.9,0.06,8.0,0,9187,27.0,171.9,2740,789,197,311111,-3236,Low,No
2025-08-19,GrowOut-B,Farming,Pangasius,Monsoon,31.2,Rainy,24.3,7.8,0.03,8.2,1,9186,30.7,189.9,3003,523,194,338455,-2912,Low,No
2025-08-20,GrowOut-B,Farming,Pangasius,Monsoon,28.9,Rainy,20.3,7.9,0.04,8.5,1,9185,28.6,163.1,3287,606,201,301146,-2669,Low,No
2025-08-21,GrowOut-B,Farming,Pangasius,Monsoon,30.7,Rainy,6.9,7.3,0.06,8.7,0,9185,26.7,171.5,2902,837,206,324497,-2129,Low,No
2025-08-22,GrowOut-B,Farming,Pangasius,Monsoon,29.8,Partly Cloudy,2.7,7.4,0.03,8.3,0,9185,23.3,145.0,2596,728,205,273024,-3193,Low,No
2025-08-23,GrowOut-B,Farming,Pangasius,Monsoon,29.2,Rainy,5.1,7.6,0.05,9.2,0,9185,30.4,188.4,3433,806,203,351282,-2452,Low,No
2025-08-24,GrowOut-B,Farming,Pangasius,Monsoon,32.0,Rainy,15.7,7.4,0.01,8.5,0,9185,23.0,145.8,2430,572,197,263817,-2174,Low,No
2025-08-25,GrowOut-B,Farming,Pangasius,Monsoon,31.9,Cloudy,13.8,7.8,0.01,8.5,0,9185,26.4,154.1,2764,592,192,271758,-3098,Low,No
2025-08-26,GrowOut-B,Farming,Pangasius,Monsoon,29.4,Cloudy,5.4,7.5,0.07,9.0,1,9184,28.0,182.7,2841,456,206,345688,-3653,Low,No
2025-08-27,GrowOut-B,Farming,Pangasius,Monsoon,31.4,Hot,4.3,7.3,0.06,8.2,0,9184,28.1,165.1,2955,579,200,303256,-3352,Low,No
2025-08-28,GrowOut-B,Farming,Pangasius,Monsoon,30.1,Cloudy,12.0,7.6,0.03,8.9,0,9184,31.4,192.9,3180,575,198,350776,-3981,Low,No
2025-08-29,GrowOut-B,Farming,Pangasius,Monsoon,31.5,Cloudy,14.2,7.2,0.06,8.3,0,9184,30.6,182.2,3014,732,202,338012,-2805,Low,No
2025-08-30,GrowOut-B,Farming,Pangasius,Monsoon,29.0,Cloudy,14.6,7.1,0.04,9.0,0,9184,31.5,216.4,3041,795,204,405433,-3348,Low,No
2025-08-31,GrowOut-B,Farming,Pangasius,Monsoon,29.7,Cloudy,18.4,7.0,0.03,8.6,1,9183,27.6,173.4,2992,709,195,310539,-2687,Low,No
2025-09-01,GrowOut-B,Farming,Pangasius,Monsoon,29.1,Rainy,23.4,7.5,0.06,8.7,1,9182,34.5,196.0,3620,812,198,356374,-3146,Low,No
2025-09-02,GrowOut-B,Farming,Pangasius,Monsoon,30.1,Rainy,5.3,8.0,0.04,7.9,6,9176,32.2,225.3,3168,889,204,422016,-4473,Low,No
2025-09-03,GrowOut-B,Farming,Pangasius,Monsoon,28.9,Cloudy,3.0,7.6,0.05,8.6,0,9176,32.7,226.6,3195,748,204,424173,-2959,Low,No
2025-09-04,GrowOut-B,Farming,Pangasius,Monsoon,32.3,Rainy,6.2,7.6,0.06,7.0,0,9176,29.6,223.7,3067,876,208,426956,-2746,Low,No
2025-09-05,GrowOut-B,Farming,Pangasius,Monsoon,29.4,Cloudy,7.4,7.4,0.05,8.2,0,9176,25.9,203.1,2732,547,200,372729,-2162,Low,No
2025-09-06,GrowOut-B,Farming,Pangasius,Monsoon,27.8,Cloudy,14.9,7.0,0.05,8.9,1,9175,30.1,182.3,3453,533,202,337903,-2754,Low,No
2025-09-07,GrowOut-B,Farming,Pangasius,Monsoon,27.9,Rainy,6.7,7.7,0.06,8.7,0,9175,30.9,196.2,3292,689,192,345626,-3322,Low,No
2025-09-08,GrowOut-B,Farming,Pangasius,Monsoon,30.2,Cloudy,9.9,7.7,0.06,9.2,0,9175,29.2,218.8,3321,873,202,405513,-3067,Low,No
2025-09-09,GrowOut-B,Farming,Pangasius,Monsoon,30.0,Cloudy,18.8,7.2,0.06,8.6,0,9175,33.9,199.4,3648,622,192,351263,-3972,Low,No
2025-09-10,GrowOut-B,Farming,Pangasius,Monsoon,28.8,Cloudy,10.6,7.5,0.05,8.3,2,9173,25.7,202.4,2465,504,198,367690,-1965,Low,No
2025-09-11,GrowOut-B,Farming,Pangasius,Monsoon,28.8,Rainy,24.4,7.2,0.05,8.5,0,9173,34.2,261.3,3508,897,198,474587,-2580,Low,No
2025-09-12,GrowOut-B,Farming,Pangasius,Monsoon,31.3,Stormy,41.8,7.7,0.05,8.3,0,9173,33.7,245.6,3202,639,203,457336,-2671,Low,No
2025-09-13,GrowOut-B,Farming,Pangasius,Monsoon,28.5,Partly Cloudy,1.1,7.6,0.04,9.1,1,9172,33.0,224.7,3422,630,196,403990,-3168,Low,No
2025-09-14,GrowOut-B,Farming,Pangasius,Monsoon,28.4,Cloudy,20.9,7.9,0.06,8.8,0,9172,36.9,273.7,3571,817,199,499565,-1368,Low,No
2025-09-15,GrowOut-B,Farming,Pangasius,Monsoon,28.9,Partly Cloudy,4.7,7.1,0.06,8.7,0,9172,36.5,268.7,4094,465,201,495368,-3833,Low,No
2025-09-16,GrowOut-B,Farming,Pangasius,Monsoon,28.6,Cloudy,9.7,7.6,0.04,8.4,2,9170,36.1,261.9,3457,783,196,470821,-4069,Low,No
2025-09-17,GrowOut-B,Farming,Pangasius,Monsoon,27.9,Cloudy,10.1,7.1,0.05,8.9,1,9169,37.3,260.8,3873,499,202,483090,-2827,Low,No
2025-09-18,GrowOut-B,Farming,Pangasius,Monsoon,30.2,Cloudy,9.2,7.7,0.08,8.9,1,9168,32.4,220.8,3222,543,201,406928,-3212,Low,No
2025-09-19,GrowOut-B,Farming,Pangasius,Monsoon,28.0,Partly Cloudy,2.5,7.2,0.04,9.6,0,9168,37.0,284.5,3774,523,205,534701,-2395,Low,No
2025-09-20,GrowOut-B,Farming,Pangasius,Monsoon,26.2,Rainy,5.4,7.0,0.05,9.6,0,9168,34.8,241.9,3361,591,199,441330,-1176,Low,No
2025-09-21,GrowOut-B,Farming,Pangasius,Monsoon,27.6,Cloudy,16.3,7.5,0.06,9.5,0,9168,37.9,277.6,3814,746,194,493737,-3487,Low,No
2025-09-22,GrowOut-B,Farming,Pangasius,Monsoon,27.8,Cloudy,9.3,7.4,0.06,8.7,1,9167,46.7,323.8,5316,581,198,587782,-4470,Low,No
2025-09-23,GrowOut-B,Farming,Pangasius,Monsoon,28.3,Partly Cloudy,4.8,7.4,0.09,8.7,0,9167,42.7,322.5,4317,505,199,588315,-1195,Low,No
2025-09-24,GrowOut-B,Farming,Pangasius,Monsoon,28.2,Rainy,8.1,7.5,0.08,8.6,0,9167,40.5,310.6,4419,836,200,569454,-2862,Low,No
2025-09-25,GrowOut-B,Farming,Pangasius,Monsoon,27.4,Cloudy,6.5,7.6,0.04,8.9,1,9166,35.9,257.0,4040,569,194,457048,-2461,Low,No
2025-09-26,GrowOut-B,Farming,Pangasius,Monsoon,28.1,Rainy,5.1,7.3,0.04,8.9,1,9165,32.6,237.2,3311,639,192,417442,-2239,Low,No
2025-09-27,GrowOut-B,Farming,Pangasius,Monsoon,27.6,Rainy,20.6,7.5,0.07,8.9,1,9164,43.5,331.9,4596,797,196,596205,-3099,Low,No
2025-09-28,GrowOut-B,Farming,Pangasius,Monsoon,25.2,Cloudy,13.4,7.4,0.08,8.3,2,9162,34.7,243.4,3968,899,199,443873,-3627,Low,No
2025-09-29,GrowOut-B,Farming,Pangasius,Monsoon,27.3,Rainy,5.6,7.0,0.06,9.1,0,9162,33.7,265.4,3781,793,195,474161,-3705,Low,No
2025-09-30,GrowOut-B,Farming,Pangasius,Monsoon,25.8,Cloudy,2.8,7.5,0.06,9.5,0,9162,36.5,278.0,3986,636,192,489031,-3059,Low,No
2025-10-01,GrowOut-B,Farming,Pangasius,Autumn,26.5,Cloudy,1.8,7.1,0.08,10.1,2,9160,38.9,262.9,3725,455,196,472103,-3298,Low,No
2025-10-02,GrowOut-B,Farming,Pangasius,Autumn,26.3,Cloudy,5.3,7.6,0.08,8.7,1,9159,49.9,353.6,4804,776,196,634839,-2855,Low,No
2025-10-03,GrowOut-B,Farming,Pangasius,Autumn,24.9,Sunny,2.7,7.1,0.08,9.6,0,9159,36.9,260.6,3768,511,205,489301,-3408,Low,No
2025-10-04,GrowOut-B,Farming,Pangasius,Autumn,24.3,Partly Cloudy,3.3,7.5,0.08,9.1,1,9158,42.2,288.5,4310,768,200,528474,-4446,Low,No
2025-10-05,GrowOut-B,Farming,Pangasius,Autumn,24.7,Cloudy,17.8,7.3,0.06,10.3,2,9156,45.1,317.1,5154,700,204,592416,-1876,Low,No
2025-10-06,GrowOut-B,Farming,Pangasius,Autumn,27.3,Rainy,9.3,7.3,0.08,9.2,0,9156,52.2,397.1,5945,567,200,727170,-3541,Low,No
2025-10-07,GrowOut-B,Farming,Pangasius,Autumn,27.8,Sunny,3.4,7.4,0.08,9.1,0,9156,47.0,322.3,4830,488,195,575441,-1406,Low,No
2025-10-08,GrowOut-B,Farming,Pangasius,Autumn,26.8,Cloudy,23.8,7.4,0.06,8.7,0,9156,38.0,291.7,4287,536,193,515465,-4356,Low,No
2025-10-09,GrowOut-B,Farming,Pangasius,Autumn,25.1,Rainy,17.9,7.6,0.04,9.4,2,9154,35.2,267.5,3562,582,189,462904,-2835,Low,No
2025-10-10,GrowOut-B,Farming,Pangasius,Autumn,25.8,Rainy,10.2,6.8,0.06,9.1,0,9154,37.4,284.1,3890,711,198,514929,-2130,Low,No
2025-10-11,GrowOut-B,Farming,Pangasius,Autumn,23.5,Cloudy,2.4,7.0,0.08,9.3,0,9154,46.1,351.9,5137,824,200,644259,-3060,Low,No
2025-10-12,GrowOut-B,Farming,Pangasius,Autumn,23.3,Cloudy,9.7,7.8,0.04,9.3,1,9153,51.0,357.4,5425,576,197,644513,-3699,Low,No
2025-10-13,GrowOut-B,Farming,Pangasius,Autumn,23.8,Rainy,20.5,7.2,0.06,9.3,0,9153,40.8,300.8,3949,748,195,536878,-3211,Low,No
2025-10-14,GrowOut-B,Farming,Pangasius,Autumn,24.7,Partly Cloudy,4.7,7.5,0.05,10.0,0,9153,44.6,307.1,5123,586,189,531258,-5054,Low,No
2025-10-15,GrowOut-B,Farming,Pangasius,Autumn,25.3,Rainy,15.8,7.3,0.07,9.3,0,9153,46.0,332.1,5138,876,186,565386,-5175,Low,No
2025-10-16,GrowOut-B,Farming,Pangasius,Autumn,22.3,Cloudy,7.1,7.8,0.05,9.9,1,9152,45.8,323.4,4762,602,190,562415,-2927,Low,No
2025-10-17,GrowOut-B,Farming,Pangasius,Autumn,24.2,Sunny,4.9,7.1,0.09,9.3,0,9152,42.5,325.9,4882,731,186,554770,-5461,Low,No
2025-10-18,GrowOut-B,Farming,Pangasius,Autumn,23.1,Sunny,4.9,7.4,0.06,10.3,0,9152,45.0,304.7,5167,547,198,552146,-6221,Low,No
2025-10-19,GrowOut-B,Farming,Pangasius,Autumn,24.5,Rainy,12.8,7.3,0.1,8.9,2,9150,44.3,348.6,4624,480,192,612554,-4873,Low,No
2025-10-20,GrowOut-B,Farming,Pangasius,Autumn,21.9,Cloudy,5.9,7.7,0.1,10.3,1,9149,50.0,390.4,5566,647,195,696571,-5461,Low,No
2025-10-21,GrowOut-B,Farming,Pangasius,Autumn,27.6,Partly Cloudy,0.2,7.0,0.09,9.1,1,9148,60.3,458.4,6710,562,189,792647,-7131,Low,No
2025-10-22,GrowOut-B,Farming,Pangasius,Autumn,24.7,Partly Cloudy,4.1,7.7,0.1,9.3,0,9148,56.1,419.3,5417,857,183,701943,-5570,Low,No
2025-10-23,GrowOut-B,Farming,Pangasius,Autumn,26.0,Cloudy,14.2,7.6,0.1,9.1,1,9147,68.1,482.7,6509,572,198,874316,-1527,Low,No
2025-10-24,GrowOut-B,Farming,Pangasius,Autumn,21.3,Sunny,2.5,7.5,0.06,9.9,0,9147,37.0,290.0,3854,876,193,511958,-3152,Low,No
2025-10-25,GrowOut-B,Farming,Pangasius,Autumn,25.7,Cloudy,1.4,7.1,0.11,8.6,1,9146,64.0,489.7,6101,654,191,855544,-531,Low,No
2025-10-26,GrowOut-B,Farming,Pangasius,Autumn,23.9,Cloudy,0.2,7.4,0.1,10.2,1,9145,63.0,458.9,7095,476,197,826829,-2692,Low,No
2025-10-27,GrowOut-B,Farming,Pangasius,Autumn,23.9,Cloudy,9.5,7.5,0.09,9.6,0,9145,70.3,492.2,7920,658,185,832716,-3153,Medium,No
2025-10-28,GrowOut-B,Farming,Pangasius,Autumn,22.7,Cloudy,9.4,7.2,0.1,8.9,0,9145,56.8,437.0,5761,567,192,767302,-2526,Low,No
2025-10-29,GrowOut-B,Farming,Pangasius,Autumn,22.7,Cloudy,4.1,7.8,0.1,9.0,0,9145,62.6,482.7,6277,624,191,843130,-3716,Low,No
2025-10-30,GrowOut-B,Farming,Pangasius,Autumn,23.2,Cloudy,4.4,7.6,0.08,9.5,0,9145,66.8,489.1,7400,661,198,885618,-5422,Low,No
2025-10-31,GrowOut-B,Farming,Pangasius,Autumn,20.8,Rainy,5.6,7.3,0.08,10.7,2,9143,44.9,344.2,4302,880,189,594917,-2722,Low,No
2025-11-01,GrowOut-B,Farming,Pangasius,Autumn,23.1,Partly Cloudy,5.0,7.5,0.1,10.5,3,9140,55.8,419.2,6096,862,196,751218,-3260,Low,No
2025-11-02,GrowOut-B,Farming,Pangasius,Autumn,21.7,Rainy,10.9,7.5,0.08,10.3,0,9140,53.8,415.1,5597,796,198,751215,-1742,Low,No
2025-11-03,GrowOut-B,Farming,Pangasius,Autumn,23.1,Rainy,5.3,6.9,0.11,9.6,3,9137,57.1,392.0,5478,689,193,691496,-4179,Low,No
2025-11-04,GrowOut-B,Farming,Pangasius,Autumn,21.0,Sunny,4.0,7.3,0.07,11.3,0,9137,59.8,449.6,6342,813,191,784627,-3957,Low,No
2025-11-05,GrowOut-B,Farming,Pangasius,Autumn,22.7,Cloudy,1.6,7.0,0.12,9.3,0,9137,71.9,532.4,6937,835,191,929127,-2564,Medium,No
2025-11-06,GrowOut-B,Farming,Pangasius,Autumn,23.2,Partly Cloudy,1.0,7.6,0.14,9.7,1,9136,66.1,504.0,7512,719,188,865749,-7298,Medium,No
2025-11-07,GrowOut-B,Farming,Pangasius,Autumn,20.6,Cloudy,5.5,7.6,0.1,10.0,0,9136,61.7,467.5,6254,849,190,811505,-6652,Low,No
2025-11-08,GrowOut-B,Farming,Pangasius,Autumn,22.3,Sunny,1.6,7.4,0.08,10.2,0,9136,54.7,407.6,5735,625,197,733595,-4804,Low,No
2025-11-09,GrowOut-B,Farming,Pangasius,Autumn,20.8,Cloudy,2.0,7.1,0.12,9.5,0,9136,63.0,445.6,6440,580,191,777561,-5974,Low,No
2025-11-10,GrowOut-B,Farming,Pangasius,Autumn,20.9,Rainy,10.1,7.1,0.08,9.9,0,9136,59.1,430.1,6573,716,197,774091,-5303,Low,No
2025-11-11,GrowOut-B,Farming,Pangasius,Autumn,20.7,Rainy,5.4,7.2,0.11,10.6,1,9135,68.7,526.6,6529,693,186,894849,-5460,Medium,No
2025-11-12,GrowOut-B,Farming,Pangasius,Autumn,19.6,Partly Cloudy,2.1,7.5,0.07,10.4,0,9135,39.8,403.9,4501,458,189,697339,-872,Low,No
2025-11-13,GrowOut-B,Farming,Pangasius,Autumn,20.4,Partly Cloudy,2.2,7.3,0.12,10.6,2,9133,61.7,465.6,6269,572,189,803865,-1732,Low,No
2025-11-14,GrowOut-B,Farming,Pangasius,Autumn,21.1,Rainy,10.6,7.5,0.11,9.8,0,9133,75.8,550.5,7773,678,196,985432,-7530,Medium,No
2025-11-15,GrowOut-B,Farming,Pangasius,Autumn,19.5,Partly Cloudy,0.9,7.4,0.08,10.2,1,9132,41.7,404.6,4376,731,199,735347,-4562,Low,No
2025-11-16,GrowOut-B,Farming,Pangasius,Autumn,23.1,Partly Cloudy,2.6,7.2,0.1,9.8,0,9132,74.6,572.4,8501,719,194,1014068,-5790,Medium,No
2025-11-17,GrowOut-B,Farming,Pangasius,Autumn,19.5,Partly Cloudy,0.5,7.6,0.09,10.5,0,9132,39.8,415.7,4158,808,201,763031,305,Low,No
2025-11-18,GrowOut-B,Farming,Pangasius,Autumn,19.4,Cloudy,0.6,7.6,0.08,10.2,0,9132,43.3,408.8,4881,607,196,731700,-4315,Low,No
2025-11-19,GrowOut-B,Farming,Pangasius,Autumn,17.6,Sunny,1.9,7.0,0.11,10.9,0,9132,38.0,389.2,4045,867,188,668185,-1826,Low,No
2025-11-20,GrowOut-B,Farming,Pangasius,Autumn,19.4,Sunny,0.7,7.4,0.07,10.2,0,9132,38.2,397.6,4359,796,198,718915,-4648,Low,No
2025-11-21,GrowOut-B,Farming,Pangasius,Autumn,20.8,Cloudy,1.4,7.6,0.1,9.7,0,9132,59.8,471.7,6520,631,203,874436,-5427,Low,No
2025-11-22,GrowOut-B,Farming,Pangasius,Autumn,17.4,Sunny,0.3,7.6,0.09,11.5,2,9130,49.0,511.1,5055,822,187,872797,-4132,Medium,No
2025-11-23,GrowOut-B,Farming,Pangasius,Autumn,20.1,Sunny,0.7,7.5,0.08,10.7,1,9129,61.8,419.4,6285,567,196,750508,-6685,Low,No
2025-11-24,GrowOut-B,Farming,Pangasius,Autumn,21.8,Cloudy,0.9,7.6,0.13,9.9,2,9127,74.0,560.6,7333,498,193,987719,-3991,Medium,No
2025-11-25,GrowOut-B,Farming,Pangasius,Autumn,20.3,Sunny,0.3,7.5,0.11,10.1,1,9126,59.6,435.7,6677,551,193,767490,-6693,Low,No
2025-11-26,GrowOut-B,Farming,Pangasius,Autumn,20.3,Cloudy,0.0,7.7,0.08,10.2,0,9126,64.9,441.1,6288,823,192,772892,-6925,Low,No
2025-11-27,GrowOut-B,Farming,Pangasius,Autumn,19.2,Cloudy,0.1,7.2,0.1,10.9,0,9126,45.2,471.4,5093,770,198,851795,-4846,Low,No
2025-11-28,GrowOut-B,Farming,Pangasius,Autumn,18.0,Partly Cloudy,0.3,7.8,0.11,10.9,1,9125,57.1,523.5,6557,584,202,965047,-5682,Medium,No
2025-11-29,GrowOut-B,Farming,Pangasius,Autumn,19.4,Cloudy,0.0,7.4,0.08,10.5,0,9125,49.6,448.4,5264,476,193,789688,0,Low,No
2025-11-30,GrowOut-B,Farming,Pangasius,Autumn,19.1,Sunny,0.0,8.1,0.12,11.0,0,9125,57.7,587.6,5531,625,190,1018752,698,Medium,No
2025-12-01,GrowOut-B,Farming,Pangasius,Winter,17.9,Cloudy,0.0,7.4,0.12,10.9,1,9124,50.4,509.1,5035,591,200,929108,-185,Medium,No
2025-12-02,GrowOut-B,Farming,Pangasius,Winter,20.3,Partly Cloudy,0.0,7.2,0.13,9.7,2,9122,79.4,586.1,8925,787,197,1053473,-4155,Medium,No
2025-12-03,GrowOut-B,Farming,Pangasius,Winter,19.4,Cloudy,0.0,7.0,0.08,10.4,1,9121,50.7,527.5,5117,531,188,904629,-4676,Medium,No
2025-12-04,GrowOut-B,Farming,Pangasius,Winter,19.2,Partly Cloudy,0.0,7.3,0.1,10.3,1,9120,60.9,610.8,6021,458,195,1086366,-5812,Medium,No
2025-12-05,GrowOut-B,Farming,Pangasius,Winter,18.6,Partly Cloudy,0.0,7.7,0.09,10.8,1,9119,45.9,477.4,4560,888,200,870778,-599,Low,No
2025-12-06,GrowOut-B,Farming,Pangasius,Winter,18.3,Cloudy,0.0,7.3,0.14,10.5,1,9118,66.7,627.7,7486,840,195,1116179,-3821,Medium,No
2025-12-07,GrowOut-B,Farming,Pangasius,Winter,17.6,Sunny,0.0,7.7,0.1,10.2,0,9118,58.4,547.3,6023,724,197,983085,-2746,Medium,No
2025-12-08,GrowOut-B,Farming,Pangasius,Winter,15.5,Sunny,0.0,7.8,0.13,10.9,1,9117,63.6,606.1,6247,764,197,1088705,-631,Medium,No
2025-12-09,GrowOut-B,Farming,Pangasius,Winter,17.6,Cold,0.0,7.3,0.09,11.2,2,9115,50.7,467.3,5245,459,187,796690,-1656,Low,No
2025-12-10,GrowOut-B,Farming,Pangasius,Winter,15.8,Sunny,0.0,7.5,0.3,7.0,10,9105,51.4,466.3,5437,537,195,828813,-4656,Low,No
2025-12-11,GrowOut-B,Farming,Pangasius,Winter,18.9,Sunny,0.0,7.5,0.1,11.0,1,9104,47.1,470.5,4782,531,192,822509,162,Low,No
2025-12-12,GrowOut-B,Farming,Pangasius,Winter,19.3,Sunny,0.0,7.3,0.31,8.2,13,9091,63.4,590.8,7196,829,197,1059593,-6528,Medium,No
2025-12-13,GrowOut-B,Farming,Pangasius,Winter,17.7,Sunny,0.0,7.2,0.1,10.6,0,9091,61.5,648.1,6397,690,189,1113565,-5337,Medium,No
2025-12-14,GrowOut-B,Farming,Pangasius,Winter,16.5,Cloudy,0.0,7.3,0.12,11.3,0,9091,68.0,656.3,7627,530,197,1175385,419,Medium,No
2025-12-15,GrowOut-B,Farming,Pangasius,Winter,18.2,Sunny,0.0,7.7,0.12,10.3,1,9090,69.0,684.6,7787,753,198,1232292,-132,Medium,No
2025-12-16,GrowOut-B,Farming,Pangasius,Winter,15.4,Cold,0.0,7.6,0.12,11.5,1,9089,65.1,672.6,7157,678,197,1204445,-6519,Medium,No
2025-12-17,GrowOut-B,Farming,Pangasius,Winter,18.3,Cloudy,0.0,7.1,0.1,10.2,1,9088,60.3,705.5,6633,796,196,1256809,-3055,Medium,No
2025-12-18,GrowOut-B,Farming,Pangasius,Winter,17.3,Cold,0.0,7.4,0.11,10.9,0,9088,60.5,554.6,6915,499,192,967719,-7138,Medium,No
2025-12-19,GrowOut-B,Farming,Pangasius,Winter,14.5,Cold,0.0,7.3,0.13,10.8,0,9088,62.0,636.5,6139,552,196,1133764,-5171,Medium,No
2025-12-20,GrowOut-B,Farming,Pangasius,Winter,15.4,Sunny,0.0,7.1,0.11,10.8,3,9085,65.4,629.6,7483,607,186,1064256,-3982,Medium,No
2025-12-21,GrowOut-B,Farming,Pangasius,Winter,17.5,Sunny,0.0,7.8,0.11,11.6,1,9084,65.7,686.8,6868,769,188,1173041,-1400,Medium,No
2025-12-22,GrowOut-B,Farming,Pangasius,Winter,19.0,Cloudy,0.0,7.4,0.09,10.6,0,9084,56.1,531.4,5871,624,200,965448,-6102,Medium,No
2025-12-23,GrowOut-B,Farming,Pangasius,Winter,16.8,Sunny,0.0,7.3,0.13,11.2,1,9083,66.9,689.9,6579,736,198,1240876,-2555,Medium,No
2025-12-24,GrowOut-B,Farming,Pangasius,Winter,17.6,Cold,0.0,7.6,0.11,11.2,1,9082,61.2,726.1,6117,484,192,1266272,-1524,Medium,No
2025-12-25,GrowOut-B,Farming,Pangasius,Winter,15.7,Cloudy,0.0,7.2,0.13,11.2,1,9081,57.2,759.9,6484,763,186,1283663,2192,Medium,No
2025-12-26,GrowOut-B,Farming,Pangasius,Winter,17.7,Cloudy,0.0,7.4,0.14,10.4,0,9081,68.2,670.2,6816,762,201,1223303,-1255,Medium,No
2025-12-27,GrowOut-B,Farming,Pangasius,Winter,16.5,Cold,0.0,7.6,0.33,7.8,5,9076,57.6,712.4,6280,620,207,1339146,2464,Medium,No
2025-12-28,GrowOut-B,Farming,Pangasius,Winter,15.5,Cloudy,0.0,7.9,0.13,11.8,0,9076,64.8,665.0,6949,609,199,1201072,-6614,Medium,No
2025-12-29,GrowOut-B,Farming,Pangasius,Winter,17.5,Cloudy,0.0,7.6,0.09,11.2,0,9076,61.9,648.5,6508,704,200,1177157,-5871,Medium,No
2025-12-30,GrowOut-B,Farming,Pangasius,Winter,15.0,Cloudy,0.0,7.3,0.12,10.3,2,9074,57.1,593.9,5921,736,193,1040316,-3363,Medium,No
2022-01-01,GrowOut-C,Farming,Pangasius,Winter,16.4,Cold,0.0,7.6,0.02,11.4,0,9200,3.3,27.6,343,732,201,51038,-1097,Low,No
2022-01-02,GrowOut-C,Farming,Pangasius,Winter,14.7,Cloudy,0.0,7.3,0.05,11.7,0,9200,1.9,15.0,192,794,210,28980,-1619,Low,No
2022-01-03,GrowOut-C,Farming,Pangasius,Winter,15.8,Cloudy,0.0,6.8,0.17,7.4,15,9185,4.2,32.2,457,674,196,58063,-1702,Low,No
2022-01-04,GrowOut-C,Farming,Pangasius,Winter,16.4,Sunny,0.0,7.3,0.04,10.0,1,9184,7.0,53.6,704,879,197,96986,-1339,Low,No
2022-01-05,GrowOut-C,Farming,Pangasius,Winter,17.2,Sunny,0.0,7.3,0.03,10.9,1,9183,5.9,50.5,615,580,190,88120,-1456,Low,No
2022-01-06,GrowOut-C,Farming,Pangasius,Winter,16.7,Sunny,0.0,6.9,0.02,10.4,0,9183,1.8,15.0,192,814,200,27549,-1095,Low,No
2022-01-07,GrowOut-C,Farming,Pangasius,Winter,15.3,Cloudy,0.0,7.7,0.0,11.1,0,9183,3.1,23.8,311,592,199,43493,-1686,Low,No
2022-01-08,GrowOut-C,Farming,Pangasius,Winter,18.9,Cloudy,0.0,7.6,0.01,10.4,1,9182,4.9,41.6,551,597,199,76021,-1384,Low,No
2022-01-09,GrowOut-C,Farming,Pangasius,Winter,14.6,Cold,0.0,7.4,0.0,11.9,1,9181,3.6,28.3,375,629,201,52230,-1246,Low,No
2022-01-10,GrowOut-C,Farming,Pangasius,Winter,14.5,Cold,0.0,7.8,0.03,10.8,0,9181,4.1,35.8,412,825,196,64421,-1505,Low,No
2022-01-11,GrowOut-C,Farming,Pangasius,Winter,18.2,Sunny,0.0,7.6,0.02,10.9,2,9179,2.2,17.2,234,535,200,31583,-1441,Low,No
2022-01-12,GrowOut-C,Farming,Pangasius,Winter,16.2,Cloudy,0.0,7.9,0.03,10.9,0,9179,4.9,37.8,519,557,195,67658,-1468,Low,No
2022-01-13,GrowOut-C,Farming,Pangasius,Winter,17.2,Cloudy,0.0,7.3,0.01,11.2,1,9178,2.6,20.2,253,606,198,36712,-1847,Low,No
2022-01-14,GrowOut-C,Farming,Pangasius,Winter,16.9,Cold,0.0,7.4,0.03,11.0,0,9178,5.1,38.5,522,456,200,70671,-1002,Low,No
2022-01-15,GrowOut-C,Farming,Pangasius,Winter,16.6,Sunny,0.0,7.6,0.03,10.9,0,9178,4.1,33.2,445,496,211,64294,-1594,Low,No
2022-01-16,GrowOut-C,Farming,Pangasius,Winter,15.6,Sunny,0.0,7.6,0.05,11.5,0,9178,5.4,42.2,611,878,198,76688,-1851,Low,No
2022-01-17,GrowOut-C,Farming,Pangasius,Winter,14.6,Sunny,0.0,7.6,0.01,11.3,1,9177,3.9,29.3,435,890,193,51901,-1846,Low,No
2022-01-18,GrowOut-C,Farming,Pangasius,Winter,15.6,Cloudy,0.0,7.3,0.02,10.5,2,9175,6.2,51.6,651,666,201,95180,-1552,Low,No
2022-01-19,GrowOut-C,Farming,Pangasius,Winter,15.5,Sunny,0.0,6.9,0.03,11.0,0,9175,5.1,38.4,527,739,203,71521,-1414,Low,No
2022-01-20,GrowOut-C,Farming,Pangasius,Winter,17.4,Sunny,0.0,7.5,0.04,11.7,0,9175,7.2,56.2,812,505,204,105190,-1448,Low,No
2022-01-21,GrowOut-C,Farming,Pangasius,Winter,16.1,Cloudy,0.0,7.3,0.01,11.4,2,9173,3.6,28.6,351,718,204,53531,-1112,Low,No
2022-01-22,GrowOut-C,Farming,Pangasius,Winter,15.3,Cloudy,0.0,7.4,0.05,11.2,2,9171,6.2,49.0,658,868,211,94840,-1861,Low,No
2022-01-23,GrowOut-C,Farming,Pangasius,Winter,15.7,Cold,0.0,7.4,0.02,11.0,0,9171,3.7,31.0,362,800,195,55439,-1300,Low,No
2022-01-24,GrowOut-C,Farming,Pangasius,Winter,15.6,Cloudy,0.0,7.5,0.02,11.2,0,9171,6.4,50.8,669,592,196,91314,-1314,Low,No
2022-01-25,GrowOut-C,Farming,Pangasius,Winter,15.8,Cold,0.0,7.4,0.05,10.9,0,9171,7.3,55.8,782,599,201,102860,-1027,Low,No
2022-01-26,GrowOut-C,Farming,Pangasius,Winter,17.1,Sunny,0.0,7.6,0.02,10.5,0,9171,5.9,48.3,564,675,203,89921,-1273,Low,No
2022-01-27,GrowOut-C,Farming,Pangasius,Winter,14.5,Cloudy,0.0,7.1,0.02,11.5,1,9170,5.8,49.6,589,719,202,91886,-1750,Low,No
2022-01-28,GrowOut-C,Farming,Pangasius,Winter,17.6,Cold,0.0,7.2,0.03,11.1,0,9170,5.1,41.5,508,551,206,78394,-918,Low,No
2022-01-29,GrowOut-C,Farming,Pangasius,Winter,15.9,Cold,0.0,7.1,0.05,11.4,1,9169,6.7,55.1,734,548,203,102569,-1046,Low,No
2022-01-30,GrowOut-C,Farming,Pangasius,Winter,14.5,Sunny,0.0,7.3,0.02,11.1,4,9165,5.4,44.3,556,746,202,82050,-2336,Low,No
2022-01-31,GrowOut-C,Farming,Pangasius,Winter,15.1,Cold,0.0,7.3,0.06,11.5,0,9165,7.7,62.8,768,800,205,117990,-1273,Low,No
2022-02-01,GrowOut-C,Farming,Pangasius,Winter,14.8,Cloudy,0.0,7.4,0.01,11.2,1,9164,5.5,41.6,552,739,198,75490,-2034,Low,No
2022-02-02,GrowOut-C,Farming,Pangasius,Winter,15.6,Cloudy,0.0,7.5,0.03,10.9,0,9164,7.7,66.8,781,596,210,128553,-1108,Low,No
2022-02-03,GrowOut-C,Farming,Pangasius,Winter,18.3,Partly Cloudy,0.0,7.6,0.05,10.8,1,9163,6.6,50.6,645,837,201,93203,-1427,Low,No
2022-02-04,GrowOut-C,Farming,Pangasius,Winter,15.5,Sunny,0.0,7.3,0.0,12.0,1,9162,7.2,56.1,696,480,210,107949,-920,Low,No
2022-02-05,GrowOut-C,Farming,Pangasius,Winter,18.2,Cloudy,0.0,7.3,0.0,10.1,0,9162,8.2,63.1,830,492,201,116203,-1494,Low,No
2022-02-06,GrowOut-C,Farming,Pangasius,Winter,16.0,Cloudy,0.0,7.6,0.02,11.2,0,9162,6.7,56.2,722,610,208,107100,-1346,Low,No
2022-02-07,GrowOut-C,Farming,Pangasius,Winter,19.1,Cloudy,0.0,7.6,0.02,10.4,1,9161,7.9,65.1,797,825,204,121675,-2171,Low,No
2022-02-08,GrowOut-C,Farming,Pangasius,Winter,17.1,Cloudy,0.0,7.1,0.02,11.1,2,9159,8.3,67.7,951,657,212,131482,-1676,Low,No
2022-02-09,GrowOut-C,Farming,Pangasius,Winter,16.4,Sunny,0.0,7.0,0.02,11.5,0,9159,7.2,62.9,754,690,206,118677,-1590,Low,No
2022-02-10,GrowOut-C,Farming,Pangasius,Winter,17.7,Sunny,0.0,7.3,0.06,10.4,0,9159,8.6,68.8,952,760,205,129179,-1281,Low,No
2022-02-11,GrowOut-C,Farming,Pangasius,Winter,15.6,Sunny,0.0,7.7,0.01,11.2,1,9158,10.9,88.2,1129,467,209,168835,-1514,Low,No
2022-02-12,GrowOut-C,Farming,Pangasius,Winter,18.1,Sunny,0.0,7.6,0.02,11.6,0,9158,10.5,82.4,1072,528,214,161489,-1657,Low,No
2022-02-13,GrowOut-C,Farming,Pangasius,Winter,15.1,Cold,0.0,7.3,0.01,11.0,0,9158,7.8,65.6,770,758,205,123157,-1768,Low,No
2022-02-14,GrowOut-C,Farming,Pangasius,Winter,17.6,Cloudy,0.0,7.7,0.01,10.8,1,9157,11.8,92.0,1317,546,204,171877,-1349,Low,No
2022-02-15,GrowOut-C,Farming,Pangasius,Winter,15.2,Cloudy,0.0,7.8,0.01,11.4,1,9156,8.6,68.4,826,680,204,127773,-2366,Low,No
2022-02-16,GrowOut-C,Farming,Pangasius,Winter,15.3,Cloudy,0.0,7.1,0.06,11.0,0,9156,9.8,79.3,986,622,209,151749,-964,Low,No
2022-02-17,GrowOut-C,Farming,Pangasius,Winter,16.3,Cloudy,0.0,7.6,0.01,11.5,0,9156,11.6,89.1,1239,629,195,159081,-2790,Low,No
2022-02-18,GrowOut-C,Farming,Pangasius,Winter,18.3,Partly Cloudy,0.0,7.4,0.02,11.4,0,9156,9.5,78.1,928,722,202,144447,-1070,Low,No
2022-02-19,GrowOut-C,Farming,Pangasius,Winter,18.3,Cloudy,0.0,7.4,0.04,10.4,0,9156,10.5,90.9,1188,474,208,173114,-1593,Low,No
2022-02-20,GrowOut-C,Farming,Pangasius,Winter,16.7,Cold,0.0,7.0,0.03,10.8,1,9155,11.2,90.4,1183,699,205,169679,-2133,Low,No
2022-02-21,GrowOut-C,Farming,Pangasius,Winter,17.5,Cold,0.0,7.4,0.05,10.9,1,9154,11.9,89.5,1352,769,207,169610,-2205,Low,No
2022-02-22,GrowOut-C,Farming,Pangasius,Winter,17.5,Cold,0.0,8.0,0.03,10.4,3,9151,11.9,96.8,1255,857,203,179880,-1487,Low,No
2022-02-23,GrowOut-C,Farming,Pangasius,Winter,16.9,Cloudy,0.0,7.5,0.02,10.3,0,9151,9.6,80.1,1061,584,206,150997,-1470,Low,No
2022-02-24,GrowOut-C,Farming,Pangasius,Winter,17.2,Sunny,0.0,7.0,0.03,10.9,0,9151,13.6,104.8,1393,527,203,194682,-1662,Low,No
2022-02-25,GrowOut-C,Farming,Pangasius,Winter,17.2,Cloudy,0.0,7.3,0.04,11.4,0,9151,9.7,73.5,989,684,211,141918,-2184,Low,No
2022-02-26,GrowOut-C,Farming,Pangasius,Winter,19.0,Sunny,0.0,7.6,0.03,10.7,4,9147,13.8,118.4,1351,648,214,231864,-1813,Low,No
2022-02-27,GrowOut-C,Farming,Pangasius,Winter,18.8,Cloudy,0.0,7.6,0.03,10.7,1,9146,14.5,110.1,1623,827,207,208467,-3080,Low,No
2022-02-28,GrowOut-C,Farming,Pangasius,Winter,17.0,Sunny,0.0,7.2,0.04,10.5,0,9146,11.4,98.9,1290,653,218,197190,-1391,Low,No
2022-03-01,GrowOut-C,Farming,Pangasius,Spring,19.8,Partly Cloudy,0.0,7.6,0.01,10.6,1,9145,15.4,128.5,1745,568,205,240929,-1241,Low,No
2022-03-02,GrowOut-C,Farming,Pangasius,Spring,17.8,Cloudy,0.0,7.8,0.0,11.6,1,9144,14.0,110.4,1469,843,209,211008,-1366,Low,No
2022-03-03,GrowOut-C,Farming,Pangasius,Spring,18.5,Cloudy,0.0,7.7,0.05,10.4,1,9143,13.4,106.0,1331,463,208,201607,-1623,Low,No
2022-03-04,GrowOut-C,Farming,Pangasius,Spring,18.6,Partly Cloudy,0.0,7.8,0.03,10.8,1,9142,16.8,131.4,1624,561,208,249889,-1179,Low,No
2022-03-05,GrowOut-C,Farming,Pangasius,Spring,18.9,Sunny,0.0,7.3,0.01,10.3,0,9142,12.9,104.6,1374,849,209,199857,-1214,Low,No
2022-03-06,GrowOut-C,Farming,Pangasius,Spring,19.1,Cloudy,0.0,7.4,0.04,10.8,0,9142,15.7,129.0,1756,708,211,248836,-2990,Low,No
2022-03-07,GrowOut-C,Farming,Pangasius,Spring,18.5,Sunny,0.0,7.6,0.03,10.9,1,9141,13.6,113.8,1393,517,211,219516,-2119,Low,No
2022-03-08,GrowOut-C,Farming,Pangasius,Spring,18.3,Partly Cloudy,0.0,7.6,0.04,11.1,0,9141,14.7,128.6,1629,490,202,237458,-1837,Low,No
2022-03-09,GrowOut-C,Farming,Pangasius,Spring,19.2,Cloudy,0.0,7.7,0.07,11.0,0,9141,18.2,139.4,2004,659,210,267594,-3339,Low,No
2022-03-10,GrowOut-C,Farming,Pangasius,Spring,18.6,Cloudy,0.0,7.7,0.04,11.0,0,9141,14.2,113.6,1461,786,210,218068,-2167,Low,No
2022-03-11,GrowOut-C,Farming,Pangasius,Spring,18.1,Sunny,0.0,7.4,0.03,10.6,0,9141,19.4,149.4,1939,836,221,301812,-999,Low,No
2022-03-12,GrowOut-C,Farming,Pangasius,Spring,18.5,Partly Cloudy,0.0,7.5,0.04,10.0,0,9141,14.8,124.4,1499,505,212,241074,-1983,Low,No
2022-03-13,GrowOut-C,Farming,Pangasius,Spring,19.8,Cloudy,0.0,7.1,0.06,10.5,0,9141,12.8,104.1,1428,809,224,213153,-2350,Low,No
2022-03-14,GrowOut-C,Farming,Pangasius,Spring,18.3,Sunny,0.0,7.3,0.06,10.5,0,9141,12.7,109.0,1430,585,215,214219,-2040,Low,No
2022-03-15,GrowOut-C,Farming,Pangasius,Spring,19.2,Partly Cloudy,0.0,7.2,0.02,11.2,0,9141,13.5,114.5,1471,804,219,229215,-2424,Low,No
2022-03-16,GrowOut-C,Farming,Pangasius,Spring,19.2,Partly Cloudy,0.0,7.3,0.03,10.3,0,9141,16.0,129.6,1589,607,211,249966,-1834,Low,No
2022-03-17,GrowOut-C,Farming,Pangasius,Spring,20.2,Cloudy,0.0,7.4,0.05,10.6,1,9140,23.0,142.0,2552,477,215,279075,-1733,Low,No
2022-03-18,GrowOut-C,Farming,Pangasius,Spring,18.7,Cloudy,0.0,7.9,0.06,11.1,0,9140,15.0,132.0,1650,887,215,259393,-1904,Low,No
2022-03-19,GrowOut-C,Farming,Pangasius,Spring,19.7,Partly Cloudy,0.0,7.6,0.04,10.2,0,9140,20.3,153.0,2193,837,218,304856,-2964,Low,No
2022-03-20,GrowOut-C,Farming,Pangasius,Spring,22.0,Cloudy,0.0,7.7,0.08,9.9,0,9140,31.0,180.5,3160,845,207,341502,-3059,Low,No
2022-03-21,GrowOut-C,Farming,Pangasius,Spring,21.0,Sunny,0.0,7.3,0.05,10.0,1,9139,28.7,163.1,2751,510,210,313054,-1672,Low,No
2022-03-22,GrowOut-C,Farming,Pangasius,Spring,19.0,Partly Cloudy,0.0,7.9,0.05,11.1,0,9139,17.0,142.1,1906,695,217,281807,-984,Low,No
2022-03-23,GrowOut-C,Farming,Pangasius,Spring,18.5,Cloudy,0.0,7.8,0.16,6.7,14,9125,19.8,152.8,2087,620,213,297442,-2337,Low,No
2022-03-24,GrowOut-C,Farming,Pangasius,Spring,20.8,Cloudy,0.0,7.6,0.06,10.5,0,9125,32.0,182.3,3612,731,218,362640,-3721,Low,No
2022-03-25,GrowOut-C,Farming,Pangasius,Spring,21.3,Partly Cloudy,0.0,7.7,0.09,10.7,1,9124,34.1,193.4,3605,818,221,390015,-4356,Low,No
2022-03-26,GrowOut-C,Farming,Pangasius,Spring,21.7,Partly Cloudy,0.0,7.6,0.04,9.8,0,9124,26.3,158.4,2564,535,207,299165,-2428,Low,No
2022-03-27,GrowOut-C,Farming,Pangasius,Spring,21.0,Sunny,0.0,7.7,0.03,10.6,0,9124,31.6,197.4,3169,669,214,385431,-2726,Low,No
2022-03-28,GrowOut-C,Farming,Pangasius,Spring,22.1,Cloudy,0.0,7.5,0.04,10.2,0,9124,28.5,221.2,2855,572,211,425846,-1743,Low,No
2022-03-29,GrowOut-C,Farming,Pangasius,Spring,22.2,Cloudy,0.0,7.7,0.05,9.7,1,9123,27.5,180.1,2729,460,213,350009,-2051,Low,No
2022-03-30,GrowOut-C,Farming,Pangasius,Spring,19.6,Sunny,0.0,7.1,0.09,10.6,1,9122,23.3,193.8,2537,837,215,380128,-1580,Low,No
2022-03-31,GrowOut-C,Farming,Pangasius,Spring,20.5,Cloudy,0.0,7.4,0.05,11.3,0,9122,32.5,232.5,3458,528,218,462349,-1802,Low,No
2022-04-01,GrowOut-C,Farming,Pangasius,Spring,23.2,Partly Cloudy,0.0,7.5,0.05,9.5,0,9122,35.0,268.9,3861,842,212,520016,-1657,Low,No
2022-04-02,GrowOut-C,Farming,Pangasius,Spring,20.3,Sunny,0.0,7.7,0.07,10.6,1,9121,31.7,243.3,3539,598,209,463851,-1740,Low,No
2022-04-03,GrowOut-C,Farming,Pangasius,Spring,20.6,Sunny,0.0,7.4,0.06,10.6,0,9121,32.9,235.8,3300,538,223,479613,-966,Low,No
2022-04-04,GrowOut-C,Farming,Pangasius,Spring,21.6,Cloudy,0.0,7.3,0.07,10.0,1,9120,36.0,250.7,3988,791,215,491626,-2483,Low,No
2022-04-05,GrowOut-C,Farming,Pangasius,Spring,22.5,Partly Cloudy,0.0,7.3,0.05,10.2,0,9120,35.7,267.0,3417,587,231,562494,-1529,Low,No
2022-04-06,GrowOut-C,Farming,Pangasius,Spring,22.8,Cloudy,0.0,7.6,0.08,9.9,0,9120,39.3,283.9,3895,661,214,554082,-1970,Low,No
2022-04-07,GrowOut-C,Farming,Pangasius,Spring,22.1,Cloudy,0.0,6.9,0.07,10.2,0,9120,32.6,223.6,3361,792,216,440474,-4330,Low,No
2022-04-08,GrowOut-C,Farming,Pangasius,Spring,21.8,Partly Cloudy,0.0,7.3,0.04,10.3,0,9120,30.1,213.3,3224,730,229,445473,-886,Low,No
2022-04-09,GrowOut-C,Farming,Pangasius,Spring,23.4,Partly Cloudy,0.0,7.4,0.05,8.7,0,9120,37.0,252.5,4161,886,216,497405,-3042,Low,No
2022-04-10,GrowOut-C,Farming,Pangasius,Spring,21.6,Partly Cloudy,0.0,7.6,0.06,10.1,0,9120,29.3,227.3,2881,468,215,445690,-3160,Low,No
2022-04-11,GrowOut-C,Farming,Pangasius,Spring,24.3,Sunny,0.0,7.7,0.08,8.9,0,9120,42.8,330.3,4139,466,219,659702,-3169,Low,No
2022-04-12,GrowOut-C,Farming,Pangasius,Spring,23.1,Partly Cloudy,0.0,7.4,0.03,9.4,0,9120,33.8,235.6,3400,459,216,464113,-2077,Low,No
2022-04-13,GrowOut-C,Farming,Pangasius,Spring,24.7,Cloudy,0.0,7.3,0.08,9.3,1,9119,44.3,312.3,4297,547,218,620902,-3087,Low,No
2022-04-14,GrowOut-C,Farming,Pangasius,Spring,23.2,Sunny,0.0,7.9,0.06,10.1,0,9119,45.0,327.7,4329,667,216,645472,-3782,Low,No
2022-04-15,GrowOut-C,Farming,Pangasius,Spring,22.7,Cloudy,0.0,7.4,0.09,9.8,1,9118,46.4,342.1,4665,878,218,680075,-2295,Low,No
2022-04-16,GrowOut-C,Farming,Pangasius,Spring,23.9,Cloudy,0.0,7.7,0.09,9.3,2,9116,42.5,330.9,4369,565,213,642652,-2863,Low,No
2022-04-17,GrowOut-C,Farming,Pangasius,Spring,24.2,Sunny,0.0,7.4,0.06,9.1,0,9116,39.4,278.6,4525,829,216,548579,-5264,Low,No
2022-04-18,GrowOut-C,Farming,Pangasius,Spring,25.5,Partly Cloudy,0.0,7.3,0.08,9.2,2,9114,39.0,282.1,4246,753,210,540041,-3250,Low,No
2022-04-19,GrowOut-C,Farming,Pangasius,Spring,23.3,Sunny,0.0,7.4,0.07,10.0,2,9112,49.0,343.7,4690,587,220,689146,-3244,Low,No
2022-04-20,GrowOut-C,Farming,Pangasius,Spring,24.2,Cloudy,0.0,8.0,0.05,9.6,0,9112,47.6,345.2,4533,696,227,714020,-1703,Low,No
2022-04-21,GrowOut-C,Farming,Pangasius,Spring,24.6,Sunny,0.0,7.6,0.09,9.3,0,9112,40.0,282.7,4423,464,225,579592,-1688,Low,No
2022-04-22,GrowOut-C,Farming,Pangasius,Spring,26.0,Sunny,0.0,7.5,0.1,9.0,2,9110,48.0,353.6,5253,482,206,663733,-4727,Low,No
2022-04-23,GrowOut-C,Farming,Pangasius,Spring,24.2,Cloudy,0.0,7.2,0.24,6.8,6,9104,48.9,354.2,4675,493,221,713114,-4222,Low,No
2022-04-24,GrowOut-C,Farming,Pangasius,Spring,25.0,Cloudy,0.0,7.9,0.07,9.5,1,9103,56.6,442.0,5899,727,219,881249,-4867,Low,No
2022-04-25,GrowOut-C,Farming,Pangasius,Spring,24.7,Sunny,0.0,7.3,0.11,9.1,0,9103,54.2,404.4,5250,542,219,806194,-3870,Low,No
2022-04-26,GrowOut-C,Farming,Pangasius,Spring,24.1,Sunny,0.0,7.4,0.13,10.4,2,9101,56.8,405.0,5482,625,217,800017,-4612,Low,No
2022-04-27,GrowOut-C,Farming,Pangasius,Spring,25.7,Sunny,0.0,7.7,0.12,9.0,0,9101,59.7,442.4,6710,769,216,869677,-2569,Low,No
2022-04-28,GrowOut-C,Farming,Pangasius,Spring,27.5,Sunny,0.0,7.1,0.09,8.7,2,9099,69.4,513.6,6825,813,226,1056386,-7263,Medium,No
2022-04-29,GrowOut-C,Farming,Pangasius,Spring,24.8,Sunny,0.0,7.5,0.07,9.4,0,9099,56.4,397.6,5817,892,221,799525,-1640,Low,No
2022-04-30,GrowOut-C,Farming,Pangasius,Spring,26.2,Partly Cloudy,0.0,7.4,0.09,8.4,0,9099,50.6,399.4,5720,533,218,792243,-5293,Low,No
2022-05-01,GrowOut-C,Farming,Pangasius,Spring,25.9,Partly Cloudy,0.0,7.5,0.09,7.9,0,9099,52.6,365.0,5223,714,223,740613,-5743,Low,No
2022-05-02,GrowOut-C,Farming,Pangasius,Spring,23.3,Cloudy,0.0,7.5,0.09,9.5,3,9096,64.0,447.1,6102,572,211,858382,-1828,Low,No
2022-05-03,GrowOut-C,Farming,Pangasius,Spring,24.7,Partly Cloudy,0.0,7.5,0.12,9.5,0,9096,67.4,496.1,6433,753,218,983731,-2414,Medium,No
2022-05-04,GrowOut-C,Farming,Pangasius,Spring,25.5,Partly Cloudy,0.0,7.4,0.07,9.4,0,9096,57.2,424.6,5583,634,216,834227,-3531,Low,No
2022-05-05,GrowOut-C,Farming,Pangasius,Spring,24.9,Partly Cloudy,0.0,7.4,0.12,9.4,1,9095,68.6,473.5,7849,510,215,925996,-6367,Low,No
2022-05-06,GrowOut-C,Farming,Pangasius,Spring,26.1,Cloudy,0.0,7.4,0.09,9.2,2,9093,61.2,454.8,5951,467,217,897600,-5160,Low,No
2022-05-07,GrowOut-C,Farming,Pangasius,Spring,27.0,Cloudy,0.0,7.5,0.1,9.0,0,9093,59.7,422.1,6313,865,220,844394,-5617,Low,No
2022-05-08,GrowOut-C,Farming,Pangasius,Spring,28.6,Partly Cloudy,0.0,7.1,0.12,8.2,0,9093,76.1,543.2,8382,578,208,1027378,-2984,Medium,No
2022-05-09,GrowOut-C,Farming,Pangasius,Spring,27.6,Partly Cloudy,0.0,7.5,0.1,9.5,0,9093,60.7,469.2,6727,859,225,959948,-2820,Low,No
2022-05-10,GrowOut-C,Farming,Pangasius,Spring,28.3,Sunny,0.0,7.2,0.1,9.0,1,9092,61.8,482.8,5944,454,220,965822,-4350,Low,No
2022-05-11,GrowOut-C,Farming,Pangasius,Spring,27.1,Partly Cloudy,0.0,7.7,0.11,8.7,0,9092,61.8,484.4,6156,819,220,968916,-154,Low,No
2022-05-12,GrowOut-C,Farming,Pangasius,Spring,27.1,Cloudy,0.0,7.8,0.1,8.5,2,9090,62.9,459.1,6342,831,217,905788,-6056,Low,No
2022-05-13,GrowOut-C,Farming,Pangasius,Spring,27.1,Partly Cloudy,0.0,7.7,0.09,8.5,0,9090,58.9,457.0,6464,794,212,880676,-2453,Low,No
2022-05-14,GrowOut-C,Farming,Pangasius,Spring,29.1,Sunny,0.0,7.5,0.11,8.9,1,9089,78.1,564.2,8396,825,213,1092387,-6640,Medium,No
2022-05-15,GrowOut-C,Farming,Pangasius,Spring,27.6,Sunny,0.0,7.2,0.1,9.5,1,9088,72.1,524.5,7480,652,224,1067848,-7945,Medium,No
2022-05-16,GrowOut-C,Farming,Pangasius,Spring,27.5,Sunny,0.0,7.6,0.07,9.3,1,9087,61.8,490.8,6523,593,223,994667,-5458,Low,No
2022-05-17,GrowOut-C,Farming,Pangasius,Spring,27.2,Cloudy,0.0,7.4,0.13,9.4,0,9087,85.6,654.2,9840,540,215,1278114,-5647,Medium,No
2022-05-18,GrowOut-C,Farming,Pangasius,Spring,27.8,Cloudy,0.0,7.4,0.15,6.0,6,9081,72.3,523.6,7169,548,221,1051508,-6776,Medium,No
2022-05-19,GrowOut-C,Farming,Pangasius,Spring,27.2,Cloudy,0.0,7.2,0.12,8.7,3,9078,73.7,581.8,7431,771,213,1125348,-4117,Medium,No
2022-05-20,GrowOut-C,Farming,Pangasius,Spring,25.6,Cloudy,0.0,7.4,0.27,7.1,9,9069,60.8,479.0,6722,900,220,956640,-5301,Low,No
2022-05-21,GrowOut-C,Farming,Pangasius,Spring,26.6,Partly Cloudy,0.0,7.5,0.13,9.3,0,9069,86.8,658.2,9904,833,224,1337104,-4679,Medium,No
2022-05-22,GrowOut-C,Farming,Pangasius,Spring,30.1,Sunny,0.0,7.6,0.14,8.1,1,9068,83.5,753.9,8758,870,214,1463143,-606,Medium,No
2022-05-23,GrowOut-C,Farming,Pangasius,Spring,27.4,Cloudy,0.0,8.1,0.16,9.0,0,9068,89.9,639.6,9847,783,213,1235377,-9840,Medium,No
2022-05-24,GrowOut-C,Farming,Pangasius,Spring,28.4,Sunny,0.0,7.4,0.15,8.0,0,9068,97.1,680.7,9807,895,212,1308589,-9813,Medium,No
2022-05-25,GrowOut-C,Farming,Pangasius,Spring,28.7,Cloudy,0.0,7.5,0.14,8.4,1,9067,88.1,670.3,9054,468,216,1312909,36,Medium,No
2022-05-26,GrowOut-C,Farming,Pangasius,Spring,27.1,Cloudy,0.0,6.6,0.14,9.3,0,9067,94.6,667.4,9458,503,207,1252622,-2668,Medium,No
2022-05-27,GrowOut-C,Farming,Pangasius,Spring,28.4,Sunny,0.0,7.8,0.15,8.1,0,9067,81.4,790.6,7889,847,210,1505358,-6781,Medium,No
2022-05-28,GrowOut-C,Farming,Pangasius,Spring,29.4,Cloudy,0.0,7.0,0.17,8.4,1,9066,77.5,725.9,7764,676,215,1415073,-2323,Medium,No
2022-05-29,GrowOut-C,Farming,Pangasius,Spring,29.2,Partly Cloudy,0.0,7.9,0.14,8.0,0,9066,88.2,631.9,9501,812,219,1254608,-9833,Medium,No
2022-05-30,GrowOut-C,Farming,Pangasius,Spring,30.6,Hot,0.0,7.3,0.15,8.3,1,9065,94.6,673.1,9512,635,217,1324204,-6498,Medium,No
2022-05-31,GrowOut-C,Farming,Pangasius,Spring,30.6,Hot,0.0,7.9,0.14,7.9,2,9063,92.0,693.8,9243,632,210,1320752,-7835,Medium,No
2022-06-01,GrowOut-C,Farming,Pangasius,Monsoon,29.4,Sunny,0.4,7.3,0.16,8.0,0,9063,83.7,627.1,8398,740,209,1187832,-1430,Medium,No
2022-06-02,GrowOut-C,Farming,Pangasius,Monsoon,31.2,Sunny,0.2,7.1,0.16,7.5,2,9061,98.8,862.5,9658,550,216,1688437,-2127,Medium,No
2022-06-03,GrowOut-C,Farming,Pangasius,Monsoon,29.9,Partly Cloudy,0.2,7.4,0.18,8.0,1,9060,97.0,922.8,10943,513,223,1864612,-5810,Medium,No
2022-06-04,GrowOut-C,Farming,Pangasius,Monsoon,31.5,Sunny,1.3,7.4,0.14,7.5,0,9060,90.5,818.1,10235,660,220,1630637,146,Medium,No
2022-06-05,GrowOut-C,Farming,Pangasius,Monsoon,27.7,Cloudy,0.9,7.4,0.15,8.1,0,9060,88.8,868.9,8720,869,215,1692530,3349,Medium,No
2022-06-06,GrowOut-C,Farming,Pangasius,Monsoon,29.8,Sunny,0.2,7.3,0.15,8.6,1,9059,95.0,680.8,10203,897,222,1369307,-1394,Medium,No
2022-06-07,GrowOut-C,Farming,Pangasius,Monsoon,31.2,Hot,1.0,7.4,0.17,8.2,0,9059,80.2,716.5,8291,481,213,1382535,-160,Medium,No
2022-06-08,GrowOut-C,Farming,Pangasius,Monsoon,29.5,Partly Cloudy,1.5,7.0,0.37,5.1,9,9050,76.2,755.7,7413,464,225,1540324,-525,Medium,No
2022-06-09,GrowOut-C,Farming,Pangasius,Monsoon,29.4,Sunny,1.6,7.5,0.14,8.4,0,9050,97.4,686.9,9299,488,221,1373834,-6858,Medium,No
2022-06-10,GrowOut-C,Farming,Pangasius,Monsoon,29.8,Sunny,3.3,7.8,0.13,7.8,0,9050,94.9,825.7,10389,786,217,1621551,-7657,Medium,No
2022-06-11,GrowOut-C,Farming,Pangasius,Monsoon,31.8,Rainy,5.9,7.7,0.16,8.1,0,9050,101.0,906.5,10862,481,215,1763822,-8326,Medium,No
2022-06-12,GrowOut-C,Farming,Pangasius,Monsoon,32.8,Hot,1.2,7.6,0.2,7.8,0,9050,117.5,1046.2,11190,781,219,2073516,364,Medium,No
2022-06-13,GrowOut-C,Farming,Pangasius,Monsoon,31.0,Sunny,1.7,7.0,0.21,8.6,0,9050,113.9,1046.1,12485,888,213,2016515,-7416,Medium,No
2022-06-14,GrowOut-C,Farming,Pangasius,Monsoon,31.4,Sunny,1.3,6.9,0.19,8.1,2,9048,119.0,1071.0,11728,515,206,1996665,-5041,High,No
2022-06-15,GrowOut-C,Farming,Pangasius,Monsoon,31.0,Sunny,2.5,7.1,0.17,7.8,1,9047,114.5,1044.8,12767,461,217,2051377,-10747,Medium,No
2022-06-16,GrowOut-C,Farming,Pangasius,Monsoon,30.5,Sunny,4.5,7.2,0.15,8.0,0,9047,80.0,737.8,8790,732,219,1461798,1395,Medium,No
2022-06-17,GrowOut-C,Farming,Pangasius,Monsoon,32.9,Hot,3.5,7.5,0.2,7.5,4,9043,97.5,938.0,9721,701,213,1807536,-8194,Medium,No
2022-06-18,GrowOut-C,Farming,Pangasius,Monsoon,31.8,Cloudy,7.6,7.3,0.15,9.3,1,9042,103.5,965.9,10490,496,216,1886681,-8327,Medium,No
2022-06-19,GrowOut-C,Farming,Pangasius,Monsoon,31.6,Hot,1.8,7.6,0.19,7.5,0,9042,111.7,1010.7,11624,452,218,1992247,1132,Medium,No
2022-06-20,GrowOut-C,Farming,Pangasius,Monsoon,30.4,Hot,3.2,7.4,0.18,8.0,1,9041,110.1,1092.1,12184,879,207,2044077,-10234,High,No
2022-06-21,GrowOut-C,Farming,Pangasius,Monsoon,32.6,Sunny,1.9,7.2,0.19,7.3,0,9041,118.9,1151.4,12346,899,212,2206879,-3679,High,No
2022-06-22,GrowOut-C,Farming,Pangasius,Monsoon,33.4,Cloudy,11.1,7.8,0.19,7.6,0,9041,117.1,1080.6,12218,486,207,2022329,-2860,High,No
2022-06-23,GrowOut-C,Farming,Pangasius,Monsoon,30.6,Sunny,4.8,7.5,0.18,8.1,1,9040,106.1,916.5,12148,499,212,1756648,-7883,Medium,No
2022-06-24,GrowOut-C,Farming,Pangasius,Monsoon,31.8,Hot,3.8,7.4,0.24,7.9,0,9040,133.3,1173.8,12998,591,214,2270787,1106,High,No
2022-06-25,GrowOut-C,Farming,Pangasius,Monsoon,31.5,Hot,3.2,7.4,0.15,7.9,0,9040,89.0,851.4,10019,789,218,1677871,-8101,Medium,No
2022-06-26,GrowOut-C,Farming,Pangasius,Monsoon,29.1,Rainy,8.5,7.7,0.15,8.8,1,9039,83.5,818.9,8997,830,219,1621225,-647,Medium,No
2022-06-27,GrowOut-C,Farming,Pangasius,Monsoon,30.9,Cloudy,8.6,7.2,0.16,8.3,2,9037,96.0,886.4,10628,458,214,1714604,-2060,Medium,No
2022-06-28,GrowOut-C,Farming,Pangasius,Monsoon,29.8,Partly Cloudy,1.9,7.6,0.19,8.8,3,9034,111.8,1098.1,10818,506,204,2024400,-121,High,No
2022-06-29,GrowOut-C,Farming,Pangasius,Monsoon,32.6,Cloudy,20.2,7.3,0.16,7.6,0,9034,122.5,1143.8,11834,516,217,2242280,-10523,High,No
2022-06-30,GrowOut-C,Farming,Pangasius,Monsoon,34.4,Cloudy,9.4,7.9,0.16,7.0,0,9034,105.6,949.2,11462,805,212,1817915,-34,Medium,No
2022-07-01,GrowOut-C,Farming,Pangasius,Monsoon,31.2,Sunny,4.7,7.3,0.2,8.2,1,9033,131.5,1149.3,13222,811,208,2159617,-12272,High,No
2022-07-02,GrowOut-C,Farming,Pangasius,Monsoon,32.1,Cloudy,12.3,6.9,0.17,7.8,0,9033,110.1,1021.9,10500,831,214,1975396,-8998,Medium,No
2022-07-03,GrowOut-C,Farming,Pangasius,Monsoon,29.4,Sunny,4.6,7.6,0.16,8.2,1,9032,96.4,888.4,10851,590,206,1653133,-1984,Medium,No
2022-07-04,GrowOut-C,Farming,Pangasius,Monsoon,31.2,Rainy,16.6,7.6,0.23,7.8,1,9031,133.4,1210.0,14976,503,210,2295031,-12976,High,No
2022-07-05,GrowOut-C,Farming,Pangasius,Monsoon,31.6,Cloudy,11.5,7.3,0.16,8.0,1,9030,91.7,888.7,9622,495,211,1693454,-1762,Medium,No
2022-07-06,GrowOut-C,Farming,Pangasius,Monsoon,31.4,Cloudy,8.7,7.4,0.17,7.4,0,9030,102.4,921.0,10062,900,215,1788075,-8265,Medium,No
2022-07-07,GrowOut-C,Farming,Pangasius,Monsoon,31.4,Stormy,26.8,7.3,0.19,7.6,1,9029,119.2,1121.3,12765,881,216,2187073,-10371,High,No
2022-07-08,GrowOut-C,Farming,Pangasius,Monsoon,31.3,Cloudy,10.3,7.3,0.41,6.5,25,9004,98.8,924.5,10993,558,208,1736241,-2398,Medium,No
2022-07-09,GrowOut-C,Farming,Pangasius,Monsoon,32.5,Sunny,4.9,7.7,0.19,8.0,0,9004,116.2,1142.4,12555,637,210,2160096,-702,High,No
2022-07-10,GrowOut-C,Farming,Pangasius,Monsoon,33.0,Cloudy,8.7,7.5,0.23,7.3,0,9004,129.3,1277.1,14838,610,208,2391794,-3661,High,No
2022-07-11,GrowOut-C,Farming,Pangasius,Monsoon,31.5,Rainy,13.5,7.6,0.23,8.2,2,9002,132.0,1230.5,14076,578,210,2326679,-5578,High,No
2022-07-12,GrowOut-C,Farming,Pangasius,Monsoon,31.7,Cloudy,7.7,7.9,0.2,8.0,0,9002,131.5,1297.8,14146,485,215,2511801,-5607,High,No
2022-07-13,GrowOut-C,Farming,Pangasius,Monsoon,32.6,Rainy,15.9,7.3,0.19,7.5,0,9002,111.8,1076.2,10888,663,200,1937590,-2414,High,No
2022-07-14,GrowOut-C,Farming,Pangasius,Monsoon,31.1,Cloudy,6.7,7.7,0.35,6.1,12,8990,129.8,1170.5,14305,772,205,2160052,-11903,High,No
2022-07-15,GrowOut-C,Farming,Pangasius,Monsoon,31.6,Cloudy,8.2,7.4,0.19,7.8,0,8990,110.3,980.7,12001,500,210,1851464,-5388,Medium,No
2022-07-16,GrowOut-C,Farming,Pangasius,Monsoon,30.3,Rainy,16.0,7.1,0.17,7.9,1,8989,111.2,980.1,11889,791,211,1859142,1187,Medium,No
2022-07-17,GrowOut-C,Farming,Pangasius,Monsoon,31.7,Hot,5.0,7.9,0.21,8.0,1,8988,126.3,1179.8,13351,668,207,2195281,-9397,High,No
2022-07-18,GrowOut-C,Farming,Pangasius,Monsoon,28.7,Partly Cloudy,4.6,7.3,0.2,8.4,1,8987,128.1,1238.9,12441,856,201,2238182,1062,High,No
2022-07-19,GrowOut-C,Farming,Pangasius,Monsoon,32.1,Rainy,14.0,7.0,0.22,8.4,0,8987,131.4,1247.4,13446,608,201,2253287,2417,High,No
2022-07-20,GrowOut-C,Farming,Pangasius,Monsoon,32.1,Rainy,12.7,7.3,0.16,8.5,0,8987,99.5,987.8,10784,582,218,1935264,-43,Medium,No
2022-07-21,GrowOut-C,Farming,Pangasius,Monsoon,29.2,Sunny,1.1,7.6,0.23,7.9,1,8986,133.4,1294.5,13106,821,205,2384903,-2375,High,No
2022-07-22,GrowOut-C,Farming,Pangasius,Monsoon,32.3,Cloudy,20.2,6.8,0.19,8.3,0,8986,130.5,1249.9,13837,831,205,2302478,-6409,High,No
2022-07-23,GrowOut-C,Farming,Pangasius,Monsoon,32.9,Cloudy,12.3,7.0,0.18,7.7,3,8983,107.1,1005.3,11636,610,208,1878994,-2863,Medium,No
2022-07-24,GrowOut-C,Farming,Pangasius,Monsoon,32.2,Rainy,20.6,7.3,0.2,7.8,1,8982,116.3,1101.5,13175,614,206,2038324,690,High,No
2022-07-25,GrowOut-C,Farming,Pangasius,Monsoon,30.2,Rainy,7.0,7.4,0.21,8.1,1,8981,106.4,1007.0,10354,633,213,1926558,1540,Medium,No
2022-07-26,GrowOut-C,Farming,Pangasius,Monsoon,32.9,Hot,1.3,7.7,0.18,7.4,3,8978,106.0,1028.8,10090,539,211,1949567,4437,Medium,No
2022-07-27,GrowOut-C,Farming,Pangasius,Monsoon,31.8,Hot,4.2,7.4,0.26,7.8,3,8975,163.0,1407.2,18251,766,210,2653107,-15185,High,No
2022-07-28,GrowOut-C,Farming,Pangasius,Monsoon,33.4,Rainy,17.4,7.4,0.22,7.8,0,8975,132.3,1278.5,14832,677,209,2398178,-13140,High,No
2022-07-29,GrowOut-C,Farming,Pangasius,Monsoon,31.6,Cloudy,16.7,6.7,0.23,7.8,3,8972,165.6,1442.0,17721,814,207,2678984,-16599,High,No
2022-07-30,GrowOut-C,Farming,Pangasius,Monsoon,30.8,Rainy,15.3,7.5,0.17,8.5,0,8972,105.7,1022.0,11969,620,199,1824707,-7042,Medium,No
2022-07-31,GrowOut-C,Farming,Pangasius,Monsoon,30.4,Cloudy,6.5,7.7,0.22,8.7,0,8972,135.7,1325.1,15047,554,211,2508536,2251,High,No
2022-08-01,GrowOut-C,Farming,Pangasius,Monsoon,32.8,Cloudy,6.2,7.2,0.2,7.8,1,8971,123.5,1141.8,11963,597,210,2151288,-9663,High,No
2022-08-02,GrowOut-C,Farming,Pangasius,Monsoon,32.0,Cloudy,8.0,7.7,0.22,8.3,1,8970,160.5,1461.1,17715,520,219,2870549,401,High,No
2022-08-03,GrowOut-C,Farming,Pangasius,Monsoon,31.7,Cloudy,10.3,7.3,0.25,7.4,1,8969,144.3,1441.8,15072,698,206,2664187,250,High,No
2022-08-04,GrowOut-C,Farming,Pangasius,Monsoon,30.9,Rainy,7.6,7.0,0.19,8.2,0,8969,126.8,1105.8,14343,858,197,1953830,-2745,High,No
2022-08-05,GrowOut-C,Farming,Pangasius,Monsoon,30.9,Rainy,19.7,7.5,0.2,8.5,0,8969,118.3,1143.0,12570,678,209,2142578,-6221,High,No
2022-08-06,GrowOut-C,Farming,Pangasius,Monsoon,32.4,Sunny,3.8,7.9,0.21,8.2,1,8968,139.5,1240.9,13380,752,207,2303834,-5192,High,No
2022-08-07,GrowOut-C,Farming,Pangasius,Monsoon,31.9,Sunny,4.5,7.3,0.25,8.3,1,8967,155.2,1401.9,15662,582,214,2690459,-628,High,No
2022-08-08,GrowOut-C,Farming,Pangasius,Monsoon,31.3,Hot,4.1,7.4,0.25,8.4,2,8965,149.0,1428.3,15533,514,201,2574321,-12874,High,No
2022-08-09,GrowOut-C,Farming,Pangasius,Monsoon,28.3,Sunny,3.3,7.5,0.16,8.5,1,8964,102.4,990.3,11422,659,203,1802242,-6001,Medium,No
2022-08-10,GrowOut-C,Farming,Pangasius,Monsoon,30.2,Cloudy,21.0,7.6,0.24,8.5,0,8964,158.2,1372.0,18177,789,208,2558110,-5199,High,No
2022-08-11,GrowOut-C,Farming,Pangasius,Monsoon,29.2,Sunny,3.2,7.9,0.18,8.9,2,8962,108.4,1094.3,10963,553,207,2030526,1333,High,No
2022-08-12,GrowOut-C,Farming,Pangasius,Monsoon,30.3,Cloudy,10.5,7.3,0.21,7.5,0,8962,124.2,1166.7,12548,831,205,2143473,-5270,High,No
2022-08-13,GrowOut-C,Farming,Pangasius,Monsoon,31.5,Rainy,11.0,7.5,0.22,7.5,0,8962,126.3,1261.7,12435,567,210,2374545,-5040,High,No
2022-08-14,GrowOut-C,Farming,Pangasius,Monsoon,32.3,Cloudy,21.1,7.4,0.26,7.4,0,8962,179.4,1569.6,17710,682,212,2982152,4896,High,No
2022-08-15,GrowOut-C,Farming,Pangasius,Monsoon,31.4,Cloudy,9.2,7.4,0.23,8.3,0,8962,131.2,1280.6,12491,744,197,2260917,-748,High,No
2022-08-16,GrowOut-C,Farming,Pangasius,Monsoon,30.5,Heavy Rain,28.2,7.4,0.21,8.5,1,8961,138.7,1315.2,15492,543,206,2428085,-10613,High,No
2022-08-17,GrowOut-C,Farming,Pangasius,Monsoon,29.6,Cloudy,5.1,7.3,0.22,8.2,1,8960,144.5,1274.9,14763,506,207,2364846,-5261,High,No
2022-08-18,GrowOut-C,Farming,Pangasius,Monsoon,32.1,Cloudy,12.1,7.6,0.27,7.2,0,8960,158.0,1408.9,17133,464,211,2663610,-5763,High,No
2022-08-19,GrowOut-C,Farming,Pangasius,Monsoon,31.4,Cloudy,8.4,7.5,0.24,7.7,0,8960,148.6,1409.1,14288,601,211,2663988,1693,High,No
2022-08-20,GrowOut-C,Farming,Pangasius,Monsoon,30.9,Cloudy,6.5,7.5,0.19,7.7,1,8959,119.5,1094.1,12995,875,202,1980233,-2007,High,No
2022-08-21,GrowOut-C,Farming,Pangasius,Monsoon,32.9,Cloudy,20.1,7.5,0.18,7.0,1,8958,132.7,1207.3,12829,857,198,2141608,444,High,No
2022-08-22,GrowOut-C,Farming,Pangasius,Monsoon,30.8,Cloudy,8.8,7.1,0.27,7.4,3,8955,175.6,1573.4,17786,757,212,2988038,-9782,High,No
2022-08-23,GrowOut-C,Farming,Pangasius,Monsoon,31.5,Cloudy,13.7,7.2,0.19,7.6,3,8952,114.9,1160.3,12284,659,215,2233955,-6335,High,No
2022-08-24,GrowOut-C,Farming,Pangasius,Monsoon,32.6,Hot,4.9,7.5,0.2,7.5,4,8948,120.8,1195.2,12893,838,202,2161285,558,High,No
2022-08-25,GrowOut-C,Farming,Pangasius,Monsoon,31.3,Cloudy,5.5,6.9,0.22,7.9,0,8948,127.3,1193.0,12628,631,209,2231067,-10051,High,No
2022-08-26,GrowOut-C,Farming,Pangasius,Monsoon,27.9,Cloudy,2.6,7.4,0.19,9.2,1,8947,125.5,1109.9,12364,875,201,1996208,-4856,High,No
2022-08-27,GrowOut-C,Farming,Pangasius,Monsoon,30.0,Sunny,3.3,7.2,0.24,8.7,0,8947,147.0,1454.2,16406,743,194,2524081,-7800,High,No
2022-08-28,GrowOut-C,Farming,Pangasius,Monsoon,29.3,Rainy,6.0,6.9,0.26,8.3,0,8947,173.0,1530.1,17004,801,198,2710581,-3752,High,No
2022-08-29,GrowOut-C,Farming,Pangasius,Monsoon,29.6,Cloudy,4.9,7.3,0.21,9.0,0,8947,136.7,1258.8,15275,632,201,2263759,-10722,High,No
2022-08-30,GrowOut-C,Farming,Pangasius,Monsoon,31.5,Hot,2.5,7.9,0.23,7.9,0,8947,121.6,1212.7,12585,710,201,2180855,-2603,High,No
2022-08-31,GrowOut-C,Farming,Pangasius,Monsoon,30.6,Rainy,11.2,7.8,0.19,8.9,0,8947,128.0,1201.4,14072,898,202,2171283,-1502,High,No
2022-09-01,GrowOut-C,Farming,Pangasius,Monsoon,29.5,Rainy,15.4,7.3,0.18,7.9,1,8946,128.0,1135.8,12841,755,198,2012077,-5081,High,No
2022-09-02,GrowOut-C,Farming,Pangasius,Monsoon,30.1,Sunny,1.1,7.1,0.18,8.2,0,8946,122.2,1131.2,13731,653,193,1953105,-1407,High,No
2022-09-03,GrowOut-C,Farming,Pangasius,Monsoon,29.3,Sunny,1.5,7.2,0.28,8.1,0,8946,152.9,1531.7,14771,866,200,2740518,3465,High,No
2022-09-04,GrowOut-C,Farming,Pangasius,Monsoon,29.9,Rainy,11.3,7.3,0.26,7.9,1,8945,174.6,1545.2,19874,581,193,2667908,-14293,High,No
2022-09-05,GrowOut-C,Farming,Pangasius,Monsoon,28.4,Cloudy,10.3,7.7,0.24,9.6,0,8945,168.2,1460.5,19063,620,215,2808797,-536,High,No
2022-09-06,GrowOut-C,Farming,Pangasius,Monsoon,30.7,Cloudy,7.6,7.5,0.19,8.2,0,8945,130.0,1227.0,13503,890,196,2151201,-5018,High,No
2022-09-07,GrowOut-C,Farming,Pangasius,Monsoon,27.5,Rainy,8.3,7.6,0.24,9.0,3,8942,159.5,1472.1,16421,868,199,2620419,-14018,High,No
2022-09-08,GrowOut-C,Farming,Pangasius,Monsoon,28.8,Cloudy,22.2,7.2,0.24,7.8,1,8941,143.2,1369.7,16430,596,197,2412828,-5333,High,No
2022-09-09,GrowOut-C,Farming,Pangasius,Monsoon,29.5,Rainy,9.9,7.4,0.18,8.3,0,8941,118.0,1161.2,13549,672,201,2086840,-307,High,No
2022-09-10,GrowOut-C,Farming,Pangasius,Monsoon,29.2,Rainy,18.9,7.4,0.28,8.1,0,8941,167.7,1543.0,17232,607,196,2704009,-9734,High,No
2022-09-11,GrowOut-C,Farming,Pangasius,Monsoon,28.5,Cloudy,2.1,7.5,0.24,8.2,1,8940,156.7,1459.1,17489,773,198,2583071,-9197,High,No
2022-09-12,GrowOut-C,Farming,Pangasius,Monsoon,29.3,Cloudy,10.2,7.4,0.23,8.5,0,8940,164.0,1523.1,16125,740,196,2668837,35219,High,Yes
2022-09-13,GrowOut-C,Farming,Pangasius,Monsoon,28.9,Cloudy,27.1,7.6,0.2,8.5,0,8940,132.5,1323.7,14248,618,191,2260271,22157,High,Yes
2022-09-14,GrowOut-C,Farming,Pangasius,Monsoon,25.6,Cloudy,10.4,7.5,0.45,6.0,26,8914,127.2,1100.2,14001,831,194,1908143,4096,High,Yes
2022-09-15,GrowOut-C,Farming,Pangasius,Monsoon,30.0,Cloudy,41.0,7.3,0.2,8.3,1,8913,119.1,1128.2,11561,882,194,1951014,6122,High,Yes
2022-09-16,GrowOut-C,Farming,Pangasius,Monsoon,29.0,Rainy,14.3,7.8,0.23,8.9,0,8913,123.9,1173.2,14011,799,196,2049519,7780,High,Yes
2022-09-17,GrowOut-C,Farming,Pangasius,Monsoon,28.2,Rainy,9.8,7.1,0.22,8.5,0,8913,143.8,1372.6,15220,861,201,2459031,9438,High,Yes
2022-09-18,GrowOut-C,Farming,Pangasius,Monsoon,28.6,Heavy Rain,25.6,7.2,0.21,8.3,2,8911,130.7,1253.8,12956,453,197,2201499,10296,High,Yes
2022-09-19,GrowOut-C,Farming,Pangasius,Monsoon,29.2,Rainy,14.4,7.2,0.19,8.5,0,8911,120.0,1124.8,13574,812,197,1974549,21082,High,Yes
2022-09-20,GrowOut-C,Farming,Pangasius,Monsoon,27.9,Rainy,22.8,7.7,0.18,8.3,0,8911,117.1,1101.6,11654,602,200,1963272,21672,High,Yes
2022-09-21,GrowOut-C,Farming,Pangasius,Monsoon,27.2,Cloudy,2.2,6.9,0.27,8.5,0,8911,145.7,1472.6,15021,677,200,2624468,29994,High,Yes
2022-09-22,GrowOut-C,Farming,Pangasius,Monsoon,28.3,Cloudy,5.3,7.6,0.24,7.8,0,8911,143.4,1431.7,14178,799,199,2538818,31599,High,Yes
2022-09-23,GrowOut-C,Farming,Pangasius,Monsoon,27.2,Partly Cloudy,4.7,7.7,0.23,9.3,0,8911,146.0,1429.8,14347,642,197,2509967,29336,High,Yes
2022-09-24,GrowOut-C,Farming,Pangasius,Monsoon,28.6,Rainy,9.0,7.4,0.23,8.8,0,8911,128.7,1274.0,13612,740,192,2179702,6065,High,Yes
2022-09-25,GrowOut-C,Farming,Pangasius,Monsoon,26.7,Partly Cloudy,2.5,7.3,0.26,8.5,2,8909,146.0,1379.2,16439,476,192,2359690,10403,High,Yes
2022-09-26,GrowOut-C,Farming,Pangasius,Monsoon,25.7,Cloudy,7.3,6.8,0.2,9.5,1,8908,117.5,1122.6,12575,510,193,1930240,4831,High,Yes
2022-09-27,GrowOut-C,Farming,Pangasius,Monsoon,26.6,Rainy,16.7,7.5,0.26,9.0,0,8908,148.5,1472.8,14331,657,207,2715778,18050,High,Yes
2022-09-28,GrowOut-C,Farming,Pangasius,Monsoon,28.5,Rainy,5.9,7.5,0.38,6.2,12,8896,115.6,1128.4,11602,492,199,2000306,25144,High,Yes
2022-09-29,GrowOut-C,Farming,Pangasius,Monsoon,27.2,Cloudy,8.0,7.2,0.26,7.9,0,8896,155.7,1352.9,16616,531,200,2407080,3648,High,Yes
2022-09-30,GrowOut-C,Farming,Pangasius,Monsoon,27.9,Sunny,2.8,7.4,0.2,9.5,1,8895,115.5,1118.5,12642,508,189,1880583,20556,High,Yes
2022-10-01,GrowOut-C,Farming,Pangasius,Autumn,26.3,Cloudy,18.6,7.4,0.2,8.5,0,8895,128.2,1244.9,14366,733,188,2081796,7240,High,Yes
2022-10-02,GrowOut-C,Farming,Pangasius,Autumn,25.9,Rainy,19.3,7.4,0.24,9.0,0,8895,155.5,1396.8,14852,729,197,2447634,16852,High,Yes
2022-10-03,GrowOut-C,Farming,Pangasius,Autumn,25.9,Heavy Rain,26.4,7.5,0.19,9.1,0,8895,110.1,1023.7,10808,784,195,1775633,21096,Medium,Yes
2022-10-04,GrowOut-C,Farming,Pangasius,Autumn,26.3,Cloudy,6.7,7.2,0.25,9.0,0,8895,155.1,1425.9,15327,767,195,2473259,13930,High,Yes
2022-10-05,GrowOut-C,Farming,Pangasius,Autumn,22.5,Sunny,3.3,7.8,0.23,10.0,1,8894,135.1,1216.1,13693,572,191,2066087,20464,High,Yes
2022-10-06,GrowOut-C,Farming,Pangasius,Autumn,26.4,Rainy,8.4,7.9,0.23,8.8,3,8891,144.2,1292.1,14385,829,199,2286896,25716,High,Yes
2022-10-07,GrowOut-C,Farming,Pangasius,Autumn,24.4,Partly Cloudy,3.6,7.0,0.26,10.4,1,8890,153.4,1339.5,15001,660,197,2346170,5483,High,Yes
2022-10-08,GrowOut-C,Farming,Pangasius,Autumn,25.1,Cloudy,6.6,7.7,0.19,8.6,1,8889,135.8,1373.6,13155,695,192,2344570,27014,High,Yes
2022-10-09,GrowOut-C,Farming,Pangasius,Autumn,23.4,Cloudy,7.3,7.6,0.22,9.2,0,8889,136.3,1211.5,13247,531,192,2067653,25660,High,Yes
2022-10-10,GrowOut-C,Farming,Pangasius,Autumn,25.4,Cloudy,7.2,7.3,0.2,9.5,1,8888,141.1,1336.0,13521,672,185,2197005,24661,High,Yes
2022-10-11,GrowOut-C,Farming,Pangasius,Autumn,27.0,Rainy,6.0,7.7,0.25,8.5,1,8887,152.0,1507.9,16743,715,199,2667041,16869,High,Yes
2022-10-12,GrowOut-C,Farming,Pangasius,Autumn,25.2,Sunny,0.4,7.7,0.19,8.9,1,8886,121.0,1156.0,11633,603,185,1900574,14417,High,Yes
2022-10-13,GrowOut-C,Farming,Pangasius,Autumn,25.6,Cloudy,7.4,7.0,0.26,8.8,1,8885,157.0,1449.3,17689,600,203,2614331,26557,High,Yes
2022-10-14,GrowOut-C,Farming,Pangasius,Autumn,26.3,Stormy,33.7,7.2,0.23,9.3,0,8885,144.8,1382.7,16158,694,191,2346490,22542,High,Yes
2022-10-15,GrowOut-C,Farming,Pangasius,Autumn,25.6,Cloudy,10.4,8.1,0.21,9.5,1,8884,132.3,1326.0,13639,527,193,2273831,16927,High,Yes
2022-10-16,GrowOut-C,Farming,Pangasius,Autumn,23.9,Partly Cloudy,3.6,7.2,0.22,9.7,0,8884,121.1,1143.6,13391,613,194,1970990,5743,High,Yes
2022-10-17,GrowOut-C,Farming,Pangasius,Autumn,22.8,Cloudy,1.1,6.9,0.23,10.6,0,8884,137.1,1245.7,13244,714,191,2113759,16669,High,Yes
2022-10-18,GrowOut-C,Farming,Pangasius,Autumn,23.9,Rainy,9.0,7.4,0.16,9.4,0,8884,106.9,1029.2,11770,690,192,1755535,16388,Medium,Yes
2022-10-19,GrowOut-C,Farming,Pangasius,Autumn,23.8,Cloudy,2.7,7.8,0.24,8.9,0,8884,146.3,1351.1,16113,895,197,2364625,6136,High,Yes
2022-10-20,GrowOut-C,Farming,Pangasius,Autumn,24.1,Partly Cloudy,3.9,7.2,0.19,8.9,4,8880,109.3,1035.5,12309,741,189,1738683,18325,Medium,Yes
2022-10-21,GrowOut-C,Farming,Pangasius,Autumn,22.9,Rainy,7.0,7.4,0.21,9.8,2,8878,138.2,1239.9,13885,579,196,2158021,6545,High,Yes
2022-10-22,GrowOut-C,Farming,Pangasius,Autumn,24.8,Rainy,8.5,7.2,0.23,8.7,0,8878,141.6,1317.9,15307,627,197,2304962,20640,High,Yes
2022-10-23,GrowOut-C,Farming,Pangasius,Autumn,23.3,Rainy,6.6,7.4,0.18,9.0,1,8877,111.8,978.4,11207,824,203,1763306,19046,Medium,Yes
2022-10-24,GrowOut-C,Farming,Pangasius,Autumn,23.6,Rainy,7.1,7.3,0.24,9.9,0,8877,149.7,1324.1,14803,480,199,2339053,10374,High,Yes
2022-10-25,GrowOut-C,Farming,Pangasius,Autumn,26.1,Rainy,6.3,7.5,0.18,9.4,0,8877,110.3,1042.1,10644,782,203,1877897,16267,Medium,Yes
2022-10-26,GrowOut-C,Farming,Pangasius,Autumn,22.9,Sunny,3.4,7.7,0.02,10.3,1,10005,8.8,45.6,864,826,198,90342,-1840,Low,No
2022-10-27,GrowOut-C,Farming,Pangasius,Autumn,23.0,Rainy,5.6,7.5,0.29,8.2,7,9998,9.1,48.1,1034,515,190,91436,-1733,Low,No
2022-10-28,GrowOut-C,Farming,Pangasius,Autumn,21.8,Cloudy,14.6,7.6,0.02,10.3,3,9995,4.5,23.3,511,787,190,44261,-2043,Low,No
2022-10-29,GrowOut-C,Farming,Pangasius,Autumn,24.0,Partly Cloudy,2.1,7.2,0.01,9.5,0,9995,6.0,35.9,617,548,186,66741,-1503,Low,No
2022-10-30,GrowOut-C,Farming,Pangasius,Autumn,23.8,Partly Cloudy,2.6,7.1,0.03,9.1,1,9994,4.1,22.5,408,528,191,42954,-1243,Low,No
2022-10-31,GrowOut-C,Farming,Pangasius,Autumn,21.9,Partly Cloudy,2.9,7.4,0.02,10.1,0,9994,8.6,50.5,964,753,190,95892,-1371,Low,No
2022-11-01,GrowOut-C,Farming,Pangasius,Autumn,24.3,Rainy,5.2,7.5,0.04,10.0,1,9993,8.7,51.1,938,807,192,98053,-1918,Low,No
2022-11-02,GrowOut-C,Farming,Pangasius,Autumn,23.5,Rainy,5.6,7.3,0.0,9.8,0,9993,9.5,53.6,1081,772,190,101769,-2101,Low,No
2022-11-03,GrowOut-C,Farming,Pangasius,Autumn,22.5,Partly Cloudy,2.2,7.3,0.07,10.4,2,9991,5.4,29.4,563,659,189,55527,-1693,Low,No
2022-11-04,GrowOut-C,Farming,Pangasius,Autumn,22.8,Cloudy,2.2,7.3,0.0,10.2,2,9989,5.4,32.3,610,788,196,63251,-1587,Low,No
2022-11-05,GrowOut-C,Farming,Pangasius,Autumn,22.7,Sunny,1.2,7.3,0.03,10.2,1,9988,9.1,51.9,897,889,194,100575,-2528,Low,No
2022-11-06,GrowOut-C,Farming,Pangasius,Autumn,23.1,Cloudy,7.9,7.4,0.05,9.8,1,9987,8.1,44.4,909,495,190,84259,-1822,Low,No
2022-11-07,GrowOut-C,Farming,Pangasius,Autumn,20.9,Rainy,6.6,7.8,0.03,9.9,0,9987,6.4,38.4,687,535,193,74016,-1293,Low,No
2022-11-08,GrowOut-C,Farming,Pangasius,Autumn,22.5,Sunny,1.7,7.4,0.01,10.2,1,9986,9.2,50.9,914,588,195,99126,-2207,Low,No
2022-11-09,GrowOut-C,Farming,Pangasius,Autumn,22.3,Partly Cloudy,2.3,7.5,0.05,9.9,0,9986,4.9,27.2,507,601,198,53781,-1267,Low,No
2022-11-10,GrowOut-C,Farming,Pangasius,Autumn,19.7,Partly Cloudy,2.4,7.4,0.02,9.9,1,9985,5.0,35.7,551,455,194,69161,-1081,Low,No
2022-11-11,GrowOut-C,Farming,Pangasius,Autumn,21.2,Cloudy,3.7,7.3,0.04,10.5,0,9985,7.5,44.7,839,512,187,83464,-1708,Low,No
2022-11-12,GrowOut-C,Farming,Pangasius,Autumn,22.0,Partly Cloudy,1.3,7.1,0.05,10.2,0,9985,8.7,50.1,916,780,196,98049,-2027,Low,No
2022-11-13,GrowOut-C,Farming,Pangasius,Autumn,21.1,Sunny,2.2,7.1,0.16,8.6,7,9978,8.1,44.0,824,849,198,86989,-1827,Low,No
2022-11-14,GrowOut-C,Farming,Pangasius,Autumn,21.0,Cloudy,9.5,7.3,0.03,10.8,3,9975,7.1,38.6,714,595,198,76260,-1715,Low,No
2022-11-15,GrowOut-C,Farming,Pangasius,Autumn,20.4,Sunny,0.8,7.9,0.02,10.2,0,9975,7.0,41.5,740,568,197,81551,-1835,Low,No
2022-11-16,GrowOut-C,Farming,Pangasius,Autumn,20.2,Partly Cloudy,0.9,7.7,0.05,10.2,2,9973,11.7,65.3,1284,582,185,120503,-1985,Low,No
2022-11-17,GrowOut-C,Farming,Pangasius,Autumn,21.4,Cloudy,3.8,7.4,0.02,10.6,1,9972,9.2,48.9,883,777,191,93147,-1497,Low,No
2022-11-18,GrowOut-C,Farming,Pangasius,Autumn,19.8,Partly Cloudy,0.7,7.4,0.01,9.7,1,9971,8.4,58.9,857,637,201,118058,-2151,Low,No
2022-11-19,GrowOut-C,Farming,Pangasius,Autumn,18.7,Partly Cloudy,0.7,7.2,0.0,10.7,1,9970,4.3,33.5,473,632,196,65470,-1815,Low,No
2022-11-20,GrowOut-C,Farming,Pangasius,Autumn,19.3,Sunny,0.5,7.4,0.04,10.4,2,9968,7.0,51.7,762,684,184,94843,-2044,Low,No
2022-11-21,GrowOut-C,Farming,Pangasius,Autumn,20.3,Cloudy,0.5,7.9,0.04,11.0,0,9968,9.1,52.5,892,664,195,102047,-2247,Low,No
2022-11-22,GrowOut-C,Farming,Pangasius,Autumn,20.4,Sunny,2.4,7.3,0.04,10.8,0,9968,8.6,48.8,875,764,187,90964,-1877,Low,No
2022-11-23,GrowOut-C,Farming,Pangasius,Autumn,19.0,Cloudy,2.0,8.3,0.0,10.9,0,9968,6.7,47.8,668,635,191,91006,-2042,Low,No
2022-11-24,GrowOut-C,Farming,Pangasius,Autumn,18.3,Partly Cloudy,0.9,7.4,0.02,10.6,0,9968,7.9,56.8,790,570,198,112104,-1418,Low,No
2022-11-25,GrowOut-C,Farming,Pangasius,Autumn,17.7,Cold,0.8,7.4,0.01,11.1,0,9968,6.7,51.2,723,750,190,96969,-1043,Low,No
2022-11-26,GrowOut-C,Farming,Pangasius,Autumn,19.7,Partly Cloudy,0.7,7.7,0.02,10.5,0,9968,11.6,80.7,1130,870,187,150426,-1463,Low,No
2022-11-27,GrowOut-C,Farming,Pangasius,Autumn,17.4,Cloudy,0.2,7.3,0.03,11.1,0,9968,5.5,41.6,623,739,194,80446,-2230,Low,No
2022-11-28,GrowOut-C,Farming,Pangasius,Autumn,18.1,Sunny,0.0,7.3,0.0,10.5,0,9968,8.1,63.4,874,644,200,126394,-1370,Low,No
2022-11-29,GrowOut-C,Farming,Pangasius,Autumn,20.3,Partly Cloudy,0.0,7.2,0.03,10.3,0,9968,11.0,57.1,1055,662,184,104728,-1602,Low,No
2022-11-30,GrowOut-C,Farming,Pangasius,Autumn,18.2,Sunny,0.0,7.5,0.03,10.5,0,9968,6.2,49.2,675,762,199,97595,-1849,Low,No
2022-12-01,GrowOut-C,Farming,Pangasius,Winter,18.5,Partly Cloudy,0.0,7.1,0.0,11.2,2,9966,10.8,80.9,1208,809,192,154831,-2364,Low,No
2022-12-02,GrowOut-C,Farming,Pangasius,Winter,18.9,Sunny,0.0,7.4,0.0,10.6,0,9966,9.3,67.8,990,513,193,130409,-1059,Low,No
2022-12-03,GrowOut-C,Farming,Pangasius,Winter,19.3,Sunny,0.0,7.6,0.0,10.6,2,9964,7.4,54.9,766,765,186,101767,-1320,Low,No
2022-12-04,GrowOut-C,Farming,Pangasius,Winter,19.7,Partly Cloudy,0.0,7.8,0.03,10.4,0,9964,9.3,65.3,959,543,197,128178,-2378,Low,No
2022-12-05,GrowOut-C,Farming,Pangasius,Winter,17.6,Cold,0.0,7.5,0.04,11.4,0,9964,9.0,67.4,1023,754,195,130957,-2732,Low,No
2022-12-06,GrowOut-C,Farming,Pangasius,Winter,18.5,Sunny,0.0,7.7,0.03,10.6,1,9963,9.5,67.8,936,827,197,133085,-2115,Low,No
2022-12-07,GrowOut-C,Farming,Pangasius,Winter,18.3,Cloudy,0.0,7.6,0.03,10.7,1,9962,12.3,86.0,1397,671,201,172220,-2485,Low,No
2022-12-08,GrowOut-C,Farming,Pangasius,Winter,17.2,Sunny,0.0,7.7,0.02,11.0,0,9962,8.5,64.2,842,812,200,127912,-2119,Low,No
2022-12-09,GrowOut-C,Farming,Pangasius,Winter,16.9,Sunny,0.0,6.7,0.25,8.7,12,9950,10.2,82.3,1094,527,190,155776,-1948,Low,No
2022-12-10,GrowOut-C,Farming,Pangasius,Winter,18.3,Sunny,0.0,7.5,0.05,11.1,1,9949,11.2,78.4,1184,879,190,148215,-1346,Low,No
2022-12-11,GrowOut-C,Farming,Pangasius,Winter,19.1,Sunny,0.0,6.9,0.0,10.7,0,9949,7.8,56.7,792,759,197,111129,-1827,Low,No
2022-12-12,GrowOut-C,Farming,Pangasius,Winter,16.9,Cold,0.0,7.2,0.02,10.7,2,9947,7.5,59.5,797,890,191,113065,-2213,Low,No
2022-12-13,GrowOut-C,Farming,Pangasius,Winter,16.4,Cloudy,0.0,7.3,0.02,11.0,2,9945,12.8,93.8,1303,692,200,186606,-2200,Low,No
2022-12-14,GrowOut-C,Farming,Pangasius,Winter,15.0,Cloudy,0.0,7.9,0.04,11.6,0,9945,12.7,93.8,1450,572,203,189367,-1397,Low,No
2022-12-15,GrowOut-C,Farming,Pangasius,Winter,19.2,Cloudy,0.0,7.4,0.04,10.7,1,9944,11.4,79.7,1139,474,190,150597,-987,Low,No
2022-12-16,GrowOut-C,Farming,Pangasius,Winter,17.2,Sunny,0.0,7.6,0.06,10.5,0,9944,12.5,91.9,1304,692,193,176374,-1862,Low,No
2022-12-17,GrowOut-C,Farming,Pangasius,Winter,17.9,Cold,0.0,7.4,0.05,10.6,0,9944,11.0,83.2,1186,748,198,163813,-2534,Low,No
2022-12-18,GrowOut-C,Farming,Pangasius,Winter,18.4,Cloudy,0.0,7.6,0.02,10.2,2,9942,12.5,90.1,1377,865,201,180087,-1888,Low,No
2022-12-19,GrowOut-C,Farming,Pangasius,Winter,18.6,Partly Cloudy,0.0,7.5,0.04,10.5,1,9941,12.7,102.2,1390,514,185,187973,-1925,Low,No
2022-12-20,GrowOut-C,Farming,Pangasius,Winter,17.7,Cold,0.0,7.5,0.03,10.5,0,9941,13.6,108.7,1414,471,208,224762,-2262,Low,No
2022-12-21,GrowOut-C,Farming,Pangasius,Winter,16.4,Sunny,0.0,7.9,0.03,11.7,2,9939,14.0,105.7,1414,651,193,202797,-1822,Low,No
2022-12-22,GrowOut-C,Farming,Pangasius,Winter,17.1,Sunny,0.0,7.2,0.03,11.3,4,9935,12.8,102.0,1380,840,195,197687,-3011,Low,No
2022-12-23,GrowOut-C,Farming,Pangasius,Winter,18.8,Sunny,0.0,7.2,0.03,10.0,0,9935,13.3,97.7,1423,637,194,188306,-1391,Low,No
2022-12-24,GrowOut-C,Farming,Pangasius,Winter,17.9,Cloudy,0.0,7.8,0.06,10.4,1,9934,14.2,113.8,1442,876,200,226121,-1621,Low,No
2022-12-25,GrowOut-C,Farming,Pangasius,Winter,15.4,Cloudy,0.0,7.3,0.02,11.4,0,9934,11.8,82.3,1258,602,198,161879,-2268,Low,No
2022-12-26,GrowOut-C,Farming,Pangasius,Winter,17.0,Sunny,0.0,7.8,0.05,11.2,2,9932,12.5,97.8,1206,693,195,189451,-1100,Low,No
2022-12-27,GrowOut-C,Farming,Pangasius,Winter,16.6,Sunny,0.0,7.2,0.02,11.3,0,9932,11.0,84.4,1242,836,204,171005,-1325,Low,No
2022-12-28,GrowOut-C,Farming,Pangasius,Winter,15.6,Cloudy,0.0,7.4,0.13,9.4,12,9920,13.5,99.8,1287,731,194,192295,-2416,Low,No
2022-12-29,GrowOut-C,Farming,Pangasius,Winter,16.1,Cold,0.0,7.6,0.02,10.8,0,9920,16.6,116.0,1800,847,188,216335,-2510,Low,No
2022-12-30,GrowOut-C,Farming,Pangasius,Winter,16.7,Cloudy,0.0,7.6,0.05,10.5,1,9919,17.5,132.2,1890,739,198,259662,-1097,Low,No
2022-12-31,GrowOut-C,Farming,Pangasius,Winter,17.2,Sunny,0.0,7.2,0.03,10.7,2,9917,15.7,122.9,1493,530,197,240152,-1481,Low,No
2023-01-01,GrowOut-C,Farming,Pangasius,Winter,17.6,Sunny,0.0,7.3,0.03,11.0,3,9914,18.8,132.5,1847,845,205,269371,-2074,Low,No
2023-01-02,GrowOut-C,Farming,Pangasius,Winter,16.2,Cold,0.0,7.4,0.06,10.9,0,9914,14.9,116.7,1462,550,196,226765,-1963,Low,No
2023-01-03,GrowOut-C,Farming,Pangasius,Winter,18.6,Sunny,0.0,6.9,0.04,10.4,1,9913,17.6,127.3,1831,820,193,243576,-2356,Low,No
2023-01-04,GrowOut-C,Farming,Pangasius,Winter,15.4,Cold,0.0,7.8,0.01,10.9,1,9912,18.6,129.1,1934,509,196,250835,-2649,Low,No
2023-01-05,GrowOut-C,Farming,Pangasius,Winter,14.7,Cloudy,0.0,7.2,0.02,11.7,0,9912,16.1,114.3,1817,589,192,217525,-2208,Low,No
2023-01-06,GrowOut-C,Farming,Pangasius,Winter,16.5,Sunny,0.0,7.7,0.07,11.4,2,9910,21.1,155.0,2323,765,194,298054,-2907,Low,No
2023-01-07,GrowOut-C,Farming,Pangasius,Winter,14.9,Cloudy,0.0,7.5,0.05,11.6,0,9910,18.8,142.6,1792,559,200,282633,-1041,Low,No
2023-01-08,GrowOut-C,Farming,Pangasius,Winter,17.3,Cloudy,0.0,7.4,0.03,10.8,2,9908,20.5,149.8,2172,503,201,298388,-1974,Low,No
2023-01-09,GrowOut-C,Farming,Pangasius,Winter,16.2,Cloudy,0.0,7.7,0.04,11.1,0,9908,22.1,162.0,2263,873,204,327440,-2475,Low,No
2023-01-10,GrowOut-C,Farming,Pangasius,Winter,17.0,Cold,0.0,7.7,0.04,11.4,1,9907,21.8,163.9,2088,631,209,339400,-1618,Low,No
2023-01-11,GrowOut-C,Farming,Pangasius,Winter,14.5,Sunny,0.0,7.1,0.03,11.4,2,9905,23.5,162.9,2508,508,194,313087,-2818,Low,No
2023-01-12,GrowOut-C,Farming,Pangasius,Winter,16.6,Cloudy,0.0,7.3,0.07,10.2,0,9905,20.9,153.8,2264,528,200,304678,-3346,Low,No
2023-01-13,GrowOut-C,Farming,Pangasius,Winter,15.1,Cloudy,0.0,7.5,0.06,10.9,1,9904,18.6,135.8,1836,883,218,293232,-1930,Low,No
2023-01-14,GrowOut-C,Farming,Pangasius,Winter,17.0,Cold,0.0,7.6,0.03,10.7,0,9904,20.3,142.4,2321,877,199,280656,-2553,Low,No
2023-01-15,GrowOut-C,Farming,Pangasius,Winter,14.5,Cold,0.0,7.1,0.04,11.7,1,9903,15.6,125.2,1672,716,206,255436,-1549,Low,No
2023-01-16,GrowOut-C,Farming,Pangasius,Winter,15.6,Sunny,0.0,7.3,0.06,11.9,0,9903,22.9,175.3,2513,806,196,340255,-2624,Low,No
2023-01-17,GrowOut-C,Farming,Pangasius,Winter,18.4,Sunny,0.0,6.9,0.07,10.6,0,9903,19.1,143.1,1997,888,199,282007,-2356,Low,No
2023-01-18,GrowOut-C,Farming,Pangasius,Winter,15.1,Sunny,0.0,7.4,0.04,11.5,1,9902,20.0,154.2,2049,801,194,296246,-2141,Low,No
2023-01-19,GrowOut-C,Farming,Pangasius,Winter,16.7,Cold,0.0,7.4,0.07,10.6,1,9901,19.2,148.9,2025,840,203,299305,-1147,Low,No
2023-01-20,GrowOut-C,Farming,Pangasius,Winter,16.2,Cold,0.0,7.2,0.02,10.8,0,9901,19.5,136.9,2058,535,202,273800,-2152,Low,No
2023-01-21,GrowOut-C,Farming,Pangasius,Winter,15.6,Cold,0.0,7.4,0.04,10.8,0,9901,25.7,213.9,2457,854,198,419329,-2514,Low,No
2023-01-22,GrowOut-C,Farming,Pangasius,Winter,14.5,Sunny,0.0,7.1,0.08,11.3,1,9900,24.5,209.3,2783,516,205,424817,-1551,Low,No
2023-01-23,GrowOut-C,Farming,Pangasius,Winter,17.1,Cold,0.0,7.6,0.05,10.4,0,9900,24.2,217.9,2615,552,197,424970,-386,Low,No
2023-01-24,GrowOut-C,Farming,Pangasius,Winter,15.5,Sunny,0.0,7.3,0.05,10.7,0,9900,26.1,223.3,2636,458,206,455398,-780,Low,No
2023-01-25,GrowOut-C,Farming,Pangasius,Winter,18.0,Partly Cloudy,0.0,7.3,0.05,10.8,0,9900,20.8,164.9,2327,662,197,321604,-1569,Low,No
2023-01-26,GrowOut-C,Farming,Pangasius,Winter,14.5,Sunny,0.0,7.2,0.06,11.2,1,9899,23.9,179.1,2591,584,194,343979,-1899,Low,No
2023-01-27,GrowOut-C,Farming,Pangasius,Winter,15.8,Sunny,0.0,7.4,0.06,10.8,2,9897,22.8,165.3,2316,886,206,337079,-3372,Low,No
2023-01-28,GrowOut-C,Farming,Pangasius,Winter,18.0,Cloudy,0.0,7.6,0.05,11.6,0,9897,24.2,173.6,2411,707,193,331597,-1177,Low,No
2023-01-29,GrowOut-C,Farming,Pangasius,Winter,15.7,Cloudy,0.0,7.3,0.06,10.9,0,9897,23.6,204.7,2536,567,203,411261,-2033,Low,No
2023-01-30,GrowOut-C,Farming,Pangasius,Winter,15.7,Cold,0.0,7.6,0.06,11.1,1,9896,28.7,239.4,3287,800,209,495192,-1363,Low,No
2023-01-31,GrowOut-C,Farming,Pangasius,Winter,17.4,Cold,0.0,7.2,0.07,10.7,1,9895,26.8,224.7,2762,509,205,455844,-2747,Low,No
2023-02-01,GrowOut-C,Farming,Pangasius,Winter,14.5,Sunny,0.0,7.6,0.08,11.5,1,9894,27.0,194.0,2567,727,211,405042,-3222,Low,No
2023-02-02,GrowOut-C,Farming,Pangasius,Winter,19.1,Cloudy,0.0,7.5,0.04,11.3,1,9893,21.5,203.1,2249,791,199,399885,-945,Low,No
2023-02-03,GrowOut-C,Farming,Pangasius,Winter,17.7,Sunny,0.0,7.2,0.06,10.2,2,9891,27.2,242.7,3045,589,205,492211,-919,Low,No
2023-02-04,GrowOut-C,Farming,Pangasius,Winter,16.3,Cloudy,0.0,7.6,0.03,10.6,1,9890,24.0,208.0,2433,884,197,405294,-3233,Low,No
2023-02-05,GrowOut-C,Farming,Pangasius,Winter,16.7,Sunny,0.0,7.6,0.07,11.6,1,9889,26.4,233.7,2559,473,211,487683,-1553,Low,No
2023-02-06,GrowOut-C,Farming,Pangasius,Winter,18.3,Cloudy,0.0,7.2,0.04,10.5,0,9889,21.7,204.1,2483,478,212,427889,-2904,Low,No
2023-02-07,GrowOut-C,Farming,Pangasius,Winter,17.4,Sunny,0.0,7.1,0.02,11.0,0,9889,28.4,257.0,2724,763,214,543875,-1628,Low,No
2023-02-08,GrowOut-C,Farming,Pangasius,Winter,16.0,Sunny,0.0,7.2,0.05,10.9,0,9889,25.4,240.3,2514,668,201,477642,-1583,Low,No
2023-02-09,GrowOut-C,Farming,Pangasius,Winter,16.1,Cold,0.0,7.2,0.07,11.1,0,9889,22.5,217.0,2270,898,215,461371,-453,Low,No
2023-02-10,GrowOut-C,Farming,Pangasius,Winter,17.3,Cloudy,0.0,7.5,0.19,8.6,13,9876,28.2,246.3,2929,881,201,489568,-978,Low,No
2023-02-11,GrowOut-C,Farming,Pangasius,Winter,19.3,Sunny,0.0,8.0,0.05,10.5,0,9876,26.3,230.7,3008,452,204,464792,-2522,Low,No
2023-02-12,GrowOut-C,Farming,Pangasius,Winter,17.5,Cloudy,0.0,7.2,0.04,11.6,1,9875,23.6,211.8,2276,662,210,439265,273,Low,No
2023-02-13,GrowOut-C,Farming,Pangasius,Winter,15.1,Sunny,0.0,7.0,0.06,10.9,1,9874,26.9,253.0,2748,667,206,514665,118,Low,No
2023-02-14,GrowOut-C,Farming,Pangasius,Winter,17.3,Cold,0.0,7.6,0.06,11.4,0,9874,29.9,282.1,2887,608,213,593302,736,Low,No
2023-02-15,GrowOut-C,Farming,Pangasius,Winter,18.1,Sunny,0.0,7.7,0.04,11.4,0,9874,30.5,274.0,3382,679,206,557328,-2705,Low,No
2023-02-16,GrowOut-C,Farming,Pangasius,Winter,17.0,Sunny,0.0,7.2,0.05,10.7,0,9874,23.8,230.4,2306,853,219,498218,-2414,Low,No
2023-02-17,GrowOut-C,Farming,Pangasius,Winter,17.6,Sunny,0.0,7.6,0.08,10.8,0,9874,32.8,302.5,3356,721,213,636207,346,Low,No
2023-02-18,GrowOut-C,Farming,Pangasius,Winter,14.5,Cold,0.0,7.0,0.06,11.5,1,9873,32.3,292.1,3070,578,217,625870,-2746,Low,No
2023-02-19,GrowOut-C,Farming,Pangasius,Winter,18.9,Sunny,0.0,7.8,0.07,10.9,0,9873,32.6,297.3,3300,693,215,631077,813,Low,No
2023-02-20,GrowOut-C,Farming,Pangasius,Winter,17.1,Cold,0.0,7.5,0.08,11.0,0,9873,32.4,287.7,3432,530,214,607859,-2081,Low,No
2023-02-21,GrowOut-C,Farming,Pangasius,Winter,16.1,Sunny,0.0,7.4,0.06,11.7,0,9873,29.5,275.1,3256,795,208,564941,-1550,Low,No
2023-02-22,GrowOut-C,Farming,Pangasius,Winter,17.5,Cold,0.0,7.9,0.09,10.4,0,9873,34.0,298.7,3600,630,205,604558,-3617,Low,No
2023-02-23,GrowOut-C,Farming,Pangasius,Winter,18.7,Cloudy,0.0,7.4,0.08,9.8,0,9873,37.0,339.6,3910,456,216,724220,-2612,Low,No
2023-02-24,GrowOut-C,Farming,Pangasius,Winter,16.9,Sunny,0.0,7.6,0.08,11.6,1,9872,38.7,323.2,4374,577,207,660527,-1658,Low,No
2023-02-25,GrowOut-C,Farming,Pangasius,Winter,16.4,Cold,0.0,7.5,0.07,10.9,2,9870,39.4,358.5,4013,638,207,732596,-4038,Low,No
2023-02-26,GrowOut-C,Farming,Pangasius,Winter,17.1,Cold,0.0,7.3,0.07,11.6,0,9870,35.3,334.9,3540,459,206,680925,-2029,Low,No
2023-02-27,GrowOut-C,Farming,Pangasius,Winter,19.1,Sunny,0.0,8.0,0.06,10.6,2,9868,38.1,350.5,3991,678,209,723022,-2071,Low,No
2023-02-28,GrowOut-C,Farming,Pangasius,Winter,19.4,Partly Cloudy,0.0,7.1,0.07,10.0,1,9867,40.0,391.4,3935,891,203,784054,-4329,Low,No
2023-03-01,GrowOut-C,Farming,Pangasius,Spring,17.5,Sunny,0.0,7.8,0.08,10.3,0,9867,37.8,341.5,4138,762,213,717721,-369,Low,No
2023-03-02,GrowOut-C,Farming,Pangasius,Spring,16.2,Cold,0.0,7.2,0.05,10.8,0,9867,31.0,287.1,3476,515,216,611888,-2357,Low,No
2023-03-03,GrowOut-C,Farming,Pangasius,Spring,19.0,Sunny,0.0,7.1,0.05,10.1,1,9866,37.8,318.8,3847,471,219,688886,-136,Low,No
2023-03-04,GrowOut-C,Farming,Pangasius,Spring,19.2,Sunny,0.0,7.2,0.05,11.1,0,9866,35.4,306.9,3784,631,220,666133,385,Low,No
2023-03-05,GrowOut-C,Farming,Pangasius,Spring,18.7,Cloudy,0.0,7.3,0.09,10.4,1,9865,41.4,378.2,3948,552,201,749996,-2407,Low,No
2023-03-06,GrowOut-C,Farming,Pangasius,Spring,19.9,Sunny,0.0,7.3,0.07,10.1,3,9862,37.5,365.1,3835,575,206,741953,-586,Low,No
2023-03-07,GrowOut-C,Farming,Pangasius,Spring,20.4,Sunny,0.0,8.0,0.12,10.7,2,9860,67.0,447.1,7275,512,208,917134,-1976,Low,No
2023-03-08,GrowOut-C,Farming,Pangasius,Spring,18.4,Sunny,0.0,7.5,0.1,10.8,1,9859,41.6,352.2,4277,483,208,722320,-1976,Low,No
2023-03-09,GrowOut-C,Farming,Pangasius,Spring,19.1,Cloudy,0.0,7.2,0.07,10.9,0,9859,35.0,337.6,3938,669,210,698964,378,Low,No
2023-03-10,GrowOut-C,Farming,Pangasius,Spring,19.5,Sunny,0.0,7.2,0.09,10.6,1,9858,49.7,437.0,5046,792,217,934919,552,Low,No
2023-03-11,GrowOut-C,Farming,Pangasius,Spring,19.6,Partly Cloudy,0.0,7.2,0.12,7.4,13,9845,40.5,351.3,4281,457,202,699549,-2240,Low,No
2023-03-12,GrowOut-C,Farming,Pangasius,Spring,19.2,Cloudy,0.0,7.4,0.23,6.7,8,9837,50.0,442.4,4798,868,214,932062,-2420,Low,No
2023-03-13,GrowOut-C,Farming,Pangasius,Spring,18.7,Sunny,0.0,7.0,0.09,10.5,0,9837,42.1,385.1,4698,617,213,806893,-712,Low,No
2023-03-14,GrowOut-C,Farming,Pangasius,Spring,17.8,Sunny,0.0,7.4,0.09,11.2,3,9834,38.4,334.8,3852,454,213,701500,-1476,Low,No
2023-03-15,GrowOut-C,Farming,Pangasius,Spring,19.4,Sunny,0.0,7.3,0.07,10.1,0,9834,49.1,469.2,5246,895,205,945893,-122,Medium,No
2023-03-16,GrowOut-C,Farming,Pangasius,Spring,21.9,Sunny,0.0,7.3,0.12,10.2,0,9834,74.4,490.5,7269,724,213,1027422,-6376,Medium,No
2023-03-17,GrowOut-C,Farming,Pangasius,Spring,18.2,Sunny,0.0,7.3,0.09,10.0,0,9834,48.4,445.3,4957,660,213,932744,-3101,Low,No
2023-03-18,GrowOut-C,Farming,Pangasius,Spring,20.2,Sunny,0.0,7.6,0.13,10.4,1,9833,64.2,457.8,7343,469,208,936417,-3016,Medium,No
2023-03-19,GrowOut-C,Farming,Pangasius,Spring,18.2,Partly Cloudy,0.0,7.1,0.07,10.9,2,9831,38.3,348.0,3994,863,218,745971,-2707,Low,No
2023-03-20,GrowOut-C,Farming,Pangasius,Spring,20.4,Partly Cloudy,0.0,7.6,0.11,10.4,0,9831,67.8,490.2,6812,734,222,1069853,-6624,Medium,No
2023-03-21,GrowOut-C,Farming,Pangasius,Spring,20.8,Partly Cloudy,0.0,7.3,0.08,10.2,1,9830,61.7,446.2,6608,762,209,916798,-5486,Low,No
2023-03-22,GrowOut-C,Farming,Pangasius,Spring,20.0,Cloudy,0.0,7.8,0.11,9.9,0,9830,58.9,401.1,6338,504,207,816162,-3386,Low,No
2023-03-23,GrowOut-C,Farming,Pangasius,Spring,20.9,Partly Cloudy,0.0,7.8,0.12,10.4,0,9830,69.1,508.7,6956,828,213,1065111,-1526,Medium,No
2023-03-24,GrowOut-C,Farming,Pangasius,Spring,21.6,Partly Cloudy,0.0,7.5,0.13,9.8,0,9830,83.9,591.9,8252,807,219,1274225,-7031,Medium,No
2023-03-25,GrowOut-C,Farming,Pangasius,Spring,19.9,Partly Cloudy,0.0,7.3,0.09,10.1,1,9829,58.4,502.0,6365,621,205,1011605,451,Medium,No
2023-03-26,GrowOut-C,Farming,Pangasius,Spring,22.8,Partly Cloudy,0.0,7.2,0.11,9.8,0,9829,74.0,490.6,7237,694,215,1036753,-3877,Medium,No
2023-03-27,GrowOut-C,Farming,Pangasius,Spring,20.5,Partly Cloudy,0.0,7.7,0.14,10.9,0,9829,76.6,491.1,8438,856,219,1057118,-8733,Medium,No
2023-03-28,GrowOut-C,Farming,Pangasius,Spring,21.5,Sunny,0.0,7.6,0.11,9.8,0,9829,75.7,508.6,7746,614,216,1079790,-4722,Medium,No
2023-03-29,GrowOut-C,Farming,Pangasius,Spring,20.8,Sunny,0.0,7.5,0.14,9.8,0,9829,89.6,563.8,8925,777,210,1163734,-8977,Medium,No
2023-03-30,GrowOut-C,Farming,Pangasius,Spring,21.6,Partly Cloudy,0.0,7.2,0.14,10.1,1,9828,85.1,614.9,8176,687,221,1335691,-7734,Medium,No
2023-03-31,GrowOut-C,Farming,Pangasius,Spring,20.7,Sunny,0.0,7.6,0.12,9.4,1,9827,72.1,471.4,7151,716,223,1033141,-4149,Medium,No
2023-04-01,GrowOut-C,Farming,Pangasius,Spring,22.2,Partly Cloudy,0.0,7.3,0.11,9.9,1,9826,72.1,482.5,7230,785,212,1005204,-6745,Medium,No
2023-04-02,GrowOut-C,Farming,Pangasius,Spring,20.4,Partly Cloudy,0.0,7.3,0.14,10.4,0,9826,87.6,559.1,9141,474,215,1181149,-5569,Medium,No
2023-04-03,GrowOut-C,Farming,Pangasius,Spring,21.1,Cloudy,0.0,7.4,0.12,10.1,1,9825,101.3,656.3,10926,686,214,1380044,-5886,Medium,No
2023-04-04,GrowOut-C,Farming,Pangasius,Spring,23.7,Partly Cloudy,0.0,7.4,0.16,9.3,0,9825,88.6,757.2,9919,632,213,1584611,-4619,Medium,No
2023-04-05,GrowOut-C,Farming,Pangasius,Spring,21.7,Partly Cloudy,0.0,7.3,0.12,8.8,1,9824,81.6,707.2,8070,595,214,1486923,-2848,Medium,No
2023-04-06,GrowOut-C,Farming,Pangasius,Spring,21.6,Cloudy,0.0,7.0,0.14,10.6,1,9823,93.6,623.6,9916,453,222,1360027,-5450,Medium,No
2023-04-07,GrowOut-C,Farming,Pangasius,Spring,21.6,Sunny,0.0,7.2,0.16,10.1,0,9823,110.4,697.1,12020,831,217,1485932,-4781,Medium,No
2023-04-08,GrowOut-C,Farming,Pangasius,Spring,23.1,Cloudy,0.0,7.4,0.12,10.0,0,9823,88.7,591.9,9856,495,218,1267503,-8019,Medium,No
2023-04-09,GrowOut-C,Farming,Pangasius,Spring,21.4,Cloudy,0.0,7.7,0.15,10.4,1,9822,83.7,576.0,8315,833,214,1210822,-2434,Medium,No
2023-04-10,GrowOut-C,Farming,Pangasius,Spring,22.1,Cloudy,0.0,7.1,0.17,10.1,0,9822,101.2,662.5,10996,545,219,1425049,-7158,Medium,No
2023-04-11,GrowOut-C,Farming,Pangasius,Spring,22.7,Partly Cloudy,0.0,7.3,0.14,10.0,0,9822,78.7,542.5,8927,595,216,1150942,-8032,Medium,No
2023-04-12,GrowOut-C,Farming,Pangasius,Spring,22.6,Partly Cloudy,0.0,6.9,0.13,9.5,1,9821,89.1,767.8,9285,728,216,1628928,-1748,Medium,No
2023-04-13,GrowOut-C,Farming,Pangasius,Spring,24.7,Partly Cloudy,0.0,7.5,0.13,8.8,1,9820,101.7,641.8,10143,870,213,1342564,-7930,Medium,No
2023-04-14,GrowOut-C,Farming,Pangasius,Spring,23.1,Cloudy,0.0,7.5,0.12,9.8,2,9818,85.8,773.7,8231,557,216,1641111,-7284,Medium,No
2023-04-15,GrowOut-C,Farming,Pangasius,Spring,23.2,Sunny,0.0,6.8,0.16,9.5,1,9817,91.7,628.7,8831,728,215,1327104,-1594,Medium,No
2023-04-16,GrowOut-C,Farming,Pangasius,Spring,21.4,Sunny,0.0,7.5,0.16,9.8,1,9816,103.7,661.4,10292,584,214,1389494,-9675,Medium,No
2023-04-17,GrowOut-C,Farming,Pangasius,Spring,22.7,Cloudy,0.0,7.5,0.12,9.9,0,9816,87.1,705.0,8290,753,212,1467099,305,Medium,No
2023-04-18,GrowOut-C,Farming,Pangasius,Spring,24.1,Sunny,0.0,7.0,0.16,9.4,0,9816,100.4,690.8,10225,854,218,1478235,-392,Medium,No
2023-04-19,GrowOut-C,Farming,Pangasius,Spring,25.0,Partly Cloudy,0.0,7.3,0.14,9.5,0,9816,83.1,719.4,8907,481,221,1560620,1889,Medium,No
2023-04-20,GrowOut-C,Farming,Pangasius,Spring,24.0,Sunny,0.0,7.8,0.15,9.7,0,9816,87.8,608.0,9032,578,219,1307020,-6801,Medium,No
2023-04-21,GrowOut-C,Farming,Pangasius,Spring,24.0,Sunny,0.0,7.1,0.12,9.6,0,9816,90.9,659.4,10441,776,222,1436933,-944,Medium,No
2023-04-22,GrowOut-C,Farming,Pangasius,Spring,23.8,Partly Cloudy,0.0,7.5,0.14,9.5,1,9815,85.1,745.0,8431,484,213,1557652,-549,Medium,No
2023-04-23,GrowOut-C,Farming,Pangasius,Spring,23.8,Cloudy,0.0,7.4,0.17,8.9,1,9814,104.4,892.0,10757,584,219,1917341,-9733,Medium,No
2023-04-24,GrowOut-C,Farming,Pangasius,Spring,25.1,Partly Cloudy,0.0,7.1,0.16,8.9,1,9813,102.8,663.9,9874,620,217,1413867,-5999,Medium,No
2023-04-25,GrowOut-C,Farming,Pangasius,Spring,25.2,Partly Cloudy,0.0,7.7,0.14,9.2,1,9812,81.7,718.6,8259,734,210,1480841,-253,Medium,No
2023-04-26,GrowOut-C,Farming,Pangasius,Spring,21.0,Sunny,0.0,7.4,0.14,9.7,1,9811,81.5,728.7,8227,474,221,1580151,-2753,Medium,No
2023-04-27,GrowOut-C,Farming,Pangasius,Spring,25.5,Sunny,0.0,7.6,0.2,9.4,3,9808,98.7,895.6,10311,791,214,1880361,-7741,Medium,No
2023-04-28,GrowOut-C,Farming,Pangasius,Spring,24.1,Partly Cloudy,0.0,7.5,0.15,8.9,2,9806,88.0,789.9,9990,829,220,1704415,153,Medium,No
2023-04-29,GrowOut-C,Farming,Pangasius,Spring,23.3,Sunny,0.0,7.4,0.19,10.0,3,9803,101.0,898.7,10413,812,215,1894720,2818,Medium,No
2023-04-30,GrowOut-C,Farming,Pangasius,Spring,27.4,Cloudy,0.0,7.5,0.2,8.4,0,9803,117.3,1044.0,12090,880,224,2292490,4033,High,No
2023-05-01,GrowOut-C,Farming,Pangasius,Spring,27.1,Cloudy,0.0,7.7,0.16,8.7,0,9803,93.4,774.0,9372,718,221,1676842,-2393,Medium,No
2023-05-02,GrowOut-C,Farming,Pangasius,Spring,24.9,Sunny,0.0,7.6,0.16,9.7,0,9803,107.8,856.6,11507,797,213,1788614,-5345,Medium,No
2023-05-03,GrowOut-C,Farming,Pangasius,Spring,25.8,Cloudy,0.0,7.3,0.21,8.9,1,9802,128.2,1012.3,14338,719,219,2173263,-9243,High,No
2023-05-04,GrowOut-C,Farming,Pangasius,Spring,27.2,Cloudy,0.0,7.7,0.19,8.9,1,9801,106.8,941.1,11727,850,221,2038650,-7096,Medium,No
2023-05-05,GrowOut-C,Farming,Pangasius,Spring,26.8,Partly Cloudy,0.0,7.1,0.21,8.1,0,9801,122.0,969.5,12096,821,222,2109459,1081,High,No
2023-05-06,GrowOut-C,Farming,Pangasius,Spring,25.0,Partly Cloudy,0.0,7.3,0.15,9.2,0,9801,89.1,774.6,8861,716,215,1632249,-4705,Medium,No
2023-05-07,GrowOut-C,Farming,Pangasius,Spring,26.0,Sunny,0.0,7.4,0.15,9.5,2,9799,90.7,777.8,9679,871,215,1638992,-415,Medium,No
2023-05-08,GrowOut-C,Farming,Pangasius,Spring,27.2,Sunny,0.0,6.9,0.19,9.1,0,9799,123.1,1039.0,12506,580,216,2199131,-6817,High,No
2023-05-09,GrowOut-C,Farming,Pangasius,Spring,26.7,Partly Cloudy,0.0,7.4,0.16,8.8,2,9797,96.9,796.2,9559,653,213,1661818,-1378,Medium,No
2023-05-10,GrowOut-C,Farming,Pangasius,Spring,24.2,Sunny,0.0,7.3,0.15,8.8,0,9797,96.3,762.1,10288,689,206,1538057,-7301,Medium,No
2023-05-11,GrowOut-C,Farming,Pangasius,Spring,27.9,Partly Cloudy,0.0,7.0,0.17,9.2,0,9797,107.6,940.2,12222,523,216,1989606,-1403,Medium,No
2023-05-12,GrowOut-C,Farming,Pangasius,Spring,26.4,Cloudy,0.0,7.2,0.17,9.3,0,9797,114.8,969.8,12851,798,221,2099750,-10210,High,No
2023-05-13,GrowOut-C,Farming,Pangasius,Spring,27.6,Sunny,0.0,7.1,0.19,9.0,2,9795,113.3,898.9,12001,667,209,1840563,-2896,Medium,No
2023-05-14,GrowOut-C,Farming,Pangasius,Spring,27.4,Partly Cloudy,0.0,7.5,0.19,9.1,1,9794,96.6,860.1,9920,485,215,1811306,-7007,Medium,No
2023-05-15,GrowOut-C,Farming,Pangasius,Spring,26.3,Cloudy,0.0,7.7,0.16,8.6,1,9793,110.6,896.6,11394,660,217,1905542,-2940,Medium,No
2023-05-16,GrowOut-C,Farming,Pangasius,Spring,25.4,Partly Cloudy,0.0,7.5,0.17,9.2,1,9792,112.1,928.8,11377,643,215,1955584,-2183,Medium,No
2023-05-17,GrowOut-C,Farming,Pangasius,Spring,27.7,Cloudy,0.0,7.1,0.21,8.7,1,9791,137.6,1147.2,15504,694,214,2403944,-14926,High,No
2023-05-18,GrowOut-C,Farming,Pangasius,Spring,28.2,Cloudy,0.0,7.5,0.2,8.0,1,9790,152.8,1216.9,15131,812,218,2597398,1665,High,No
2023-05-19,GrowOut-C,Farming,Pangasius,Spring,28.6,Sunny,0.0,7.4,0.21,8.7,2,9788,134.0,1126.3,12954,630,217,2392746,-9741,High,No
2023-05-20,GrowOut-C,Farming,Pangasius,Spring,28.4,Partly Cloudy,0.0,7.0,0.24,8.8,2,9786,121.0,1030.5,12583,678,218,2198864,-7959,High,No
2023-05-21,GrowOut-C,Farming,Pangasius,Spring,27.6,Partly Cloudy,0.0,7.4,0.21,9.7,0,9786,131.6,1127.8,13551,598,213,2350807,-6875,High,No
2023-05-22,GrowOut-C,Farming,Pangasius,Spring,28.2,Partly Cloudy,0.0,7.4,0.22,8.7,2,9784,122.9,1029.9,12099,662,211,2126585,-11030,High,No
2023-05-23,GrowOut-C,Farming,Pangasius,Spring,26.9,Sunny,0.0,7.9,0.18,8.7,0,9784,112.8,994.4,11891,814,214,2082051,-3912,High,No
2023-05-24,GrowOut-C,Farming,Pangasius,Spring,28.0,Sunny,0.0,7.4,0.21,8.7,0,9784,129.1,1019.8,12449,622,222,2215055,-6276,High,No
2023-05-25,GrowOut-C,Farming,Pangasius,Spring,27.3,Sunny,0.0,7.4,0.17,9.3,0,9784,106.5,943.8,10762,481,215,1985340,-1800,Medium,No
2023-05-26,GrowOut-C,Farming,Pangasius,Spring,27.3,Partly Cloudy,0.0,7.1,0.45,5.6,28,9756,156.9,1248.0,15538,633,213,2600822,3854,High,No
2023-05-27,GrowOut-C,Farming,Pangasius,Spring,27.6,Sunny,0.0,7.2,0.2,8.6,1,9755,128.3,1115.3,13005,661,211,2295863,123,High,No
2023-05-28,GrowOut-C,Farming,Pangasius,Spring,30.4,Hot,0.0,7.6,0.17,8.3,2,9753,117.6,1002.3,11628,847,222,2170591,1496,High,No
2023-05-29,GrowOut-C,Farming,Pangasius,Spring,28.0,Partly Cloudy,0.0,6.9,0.21,8.7,1,9752,121.5,969.1,13105,477,218,2060456,-268,Medium,No
2023-05-30,GrowOut-C,Farming,Pangasius,Spring,29.9,Partly Cloudy,0.0,7.6,0.24,7.9,2,9750,145.2,1302.1,15931,551,216,2742785,353,High,No
2023-05-31,GrowOut-C,Farming,Pangasius,Spring,29.2,Partly Cloudy,0.2,7.7,0.24,8.1,1,9749,146.5,1283.6,15875,455,203,2540565,-7072,High,No
2023-06-01,GrowOut-C,Farming,Pangasius,Monsoon,30.3,Sunny,0.3,7.5,0.28,8.5,0,9749,156.6,1388.2,16395,830,213,2882649,2684,High,No
2023-06-02,GrowOut-C,Farming,Pangasius,Monsoon,27.6,Partly Cloudy,0.1,7.6,0.2,8.4,0,9749,122.2,972.1,14029,700,216,2047033,-9988,Medium,No
2023-06-03,GrowOut-C,Farming,Pangasius,Monsoon,28.0,Partly Cloudy,0.3,7.5,0.21,8.5,1,9748,142.1,1197.2,14349,861,219,2556059,-9667,High,No
2023-06-04,GrowOut-C,Farming,Pangasius,Monsoon,29.4,Partly Cloudy,1.7,7.5,0.23,7.7,0,9748,149.1,1332.2,17110,888,224,2908928,-3635,High,No
2023-06-05,GrowOut-C,Farming,Pangasius,Monsoon,27.7,Partly Cloudy,0.5,7.4,0.25,8.7,0,9748,138.6,1214.9,14755,755,210,2486997,-8269,High,No
2023-06-06,GrowOut-C,Farming,Pangasius,Monsoon,33.1,Sunny,1.3,7.6,0.19,7.5,0,9748,122.5,1129.2,11640,773,225,2476674,-5707,High,No
2023-06-07,GrowOut-C,Farming,Pangasius,Monsoon,29.5,Cloudy,1.9,7.6,0.29,8.6,0,9748,152.4,1405.5,16921,886,220,3014179,3874,High,No
2023-06-08,GrowOut-C,Farming,Pangasius,Monsoon,29.4,Cloudy,1.6,7.3,0.27,8.4,1,9747,161.1,1436.9,16982,725,216,3025491,-15401,High,No
2023-06-09,GrowOut-C,Farming,Pangasius,Monsoon,30.3,Sunny,0.8,7.4,0.26,8.3,1,9746,169.5,1446.5,16873,704,214,3017194,-1165,High,No
2023-06-10,GrowOut-C,Farming,Pangasius,Monsoon,30.5,Hot,2.2,7.4,0.24,7.9,2,9744,148.0,1184.3,15133,614,214,2470028,-12482,High,No
2023-06-11,GrowOut-C,Farming,Pangasius,Monsoon,31.2,Hot,2.3,7.3,0.22,7.9,2,9742,121.5,1102.9,13335,897,210,2256798,-4621,High,No
2023-06-12,GrowOut-C,Farming,Pangasius,Monsoon,29.9,Sunny,1.5,7.0,0.22,8.4,0,9742,137.9,1134.7,15182,508,217,2398772,-8738,High,No
2023-06-13,GrowOut-C,Farming,Pangasius,Monsoon,31.6,Hot,4.2,7.4,0.28,8.3,1,9741,153.9,1426.6,15471,707,203,2821281,-8886,High,No
2023-06-14,GrowOut-C,Farming,Pangasius,Monsoon,30.0,Sunny,1.4,7.5,0.17,7.6,1,9740,121.4,1122.6,11609,739,221,2416689,-1589,High,No
2023-06-15,GrowOut-C,Farming,Pangasius,Monsoon,31.9,Hot,1.4,7.6,0.24,7.9,1,9739,144.9,1173.5,15158,868,215,2457426,-12285,High,No
2023-06-16,GrowOut-C,Farming,Pangasius,Monsoon,29.3,Cloudy,7.6,7.3,0.42,5.3,29,9710,120.4,1111.2,11952,885,211,2283437,-798,High,No
2023-06-17,GrowOut-C,Farming,Pangasius,Monsoon,30.7,Hot,1.9,7.7,0.2,8.0,0,9710,128.1,1101.9,14535,809,217,2321780,-5696,High,No
2023-06-18,GrowOut-C,Farming,Pangasius,Monsoon,30.1,Sunny,4.9,7.6,0.23,8.3,0,9710,150.2,1203.8,15415,613,211,2466357,-4388,High,No
2023-06-19,GrowOut-C,Farming,Pangasius,Monsoon,33.0,Hot,3.0,7.3,0.26,7.8,0,9710,171.2,1402.6,16344,639,217,2955376,-9510,High,No
2023-06-20,GrowOut-C,Farming,Pangasius,Monsoon,32.1,Hot,4.1,7.1,0.25,8.1,1,9709,162.5,1470.7,16977,653,218,3113148,5381,High,No
2023-06-21,GrowOut-C,Farming,Pangasius,Monsoon,31.0,Sunny,4.6,6.8,0.3,7.6,1,9708,172.6,1584.0,17184,756,207,3183465,-14281,High,No
2023-06-22,GrowOut-C,Farming,Pangasius,Monsoon,31.9,Hot,2.6,7.5,0.23,7.4,1,9707,138.5,1265.2,15372,694,218,2677598,-5844,High,No
2023-06-23,GrowOut-C,Farming,Pangasius,Monsoon,31.1,Cloudy,13.7,7.3,0.27,8.2,1,9706,179.9,1512.0,19181,766,215,3155552,-3211,High,No
2023-06-24,GrowOut-C,Farming,Pangasius,Monsoon,29.4,Cloudy,8.1,7.1,0.23,8.2,0,9706,156.4,1257.8,15491,686,208,2539307,940,High,No
2023-06-25,GrowOut-C,Farming,Pangasius,Monsoon,32.9,Rainy,9.5,7.8,0.28,7.9,0,9706,166.8,1546.7,17390,480,216,3242650,-13953,High,No
2023-06-26,GrowOut-C,Farming,Pangasius,Monsoon,32.8,Hot,4.6,7.0,0.26,7.1,0,9706,155.2,1421.0,15683,679,217,2992913,1774,High,No
2023-06-27,GrowOut-C,Farming,Pangasius,Monsoon,30.0,Cloudy,2.8,7.5,0.24,8.7,0,9706,143.2,1289.5,15179,677,207,2590789,-4748,High,No
2023-06-28,GrowOut-C,Farming,Pangasius,Monsoon,31.0,Hot,4.6,6.8,0.23,8.6,1,9705,140.1,1232.5,13745,458,209,2500193,-5417,High,No
2023-06-29,GrowOut-C,Farming,Pangasius,Monsoon,30.0,Rainy,6.4,6.7,0.18,7.8,0,9705,135.5,1209.2,13167,502,210,2464410,1515,High,No
2023-06-30,GrowOut-C,Farming,Pangasius,Monsoon,33.2,Rainy,13.0,7.2,0.27,7.6,1,9704,171.8,1448.0,16624,845,202,2838674,-13407,High,No
2023-07-01,GrowOut-C,Farming,Pangasius,Monsoon,32.0,Hot,3.6,7.2,0.31,8.3,0,9704,172.8,1570.6,16756,795,210,3200632,2727,High,No
2023-07-02,GrowOut-C,Farming,Pangasius,Monsoon,31.2,Hot,0.7,7.6,0.22,8.2,0,9704,121.7,1133.0,13302,832,205,2253900,-12112,High,No
2023-07-03,GrowOut-C,Farming,Pangasius,Monsoon,33.2,Rainy,12.3,7.8,0.23,7.5,0,9704,136.4,1175.2,13557,801,221,2520315,-2852,High,No
2023-07-04,GrowOut-C,Farming,Pangasius,Monsoon,30.7,Hot,0.6,7.3,0.28,7.7,0,9704,170.4,1428.4,16951,857,208,2883128,-2272,High,No
2023-07-05,GrowOut-C,Farming,Pangasius,Monsoon,32.7,Hot,2.1,7.5,0.27,7.5,1,9703,171.9,1485.8,17892,471,212,3056659,-9471,High,No
2023-07-06,GrowOut-C,Farming,Pangasius,Monsoon,33.2,Cloudy,10.2,7.5,0.25,8.2,1,9702,175.2,1401.1,18796,838,218,2963682,-2535,High,No
2023-07-07,GrowOut-C,Farming,Pangasius,Monsoon,30.8,Rainy,5.6,7.5,0.32,7.5,1,9701,209.1,1664.1,21346,651,211,3406616,-8000,High,No
2023-07-08,GrowOut-C,Farming,Pangasius,Monsoon,30.4,Rainy,7.3,7.4,0.26,7.7,0,9701,169.5,1510.0,18950,746,205,3002945,-13210,High,No
2023-07-09,GrowOut-C,Farming,Pangasius,Monsoon,31.5,Hot,1.7,7.6,0.26,8.6,2,9699,150.3,1324.8,16327,795,212,2724600,-2152,High,No
2023-07-10,GrowOut-C,Farming,Pangasius,Monsoon,30.6,Sunny,2.7,7.5,0.26,8.0,0,9699,158.6,1327.5,16732,728,212,2729590,1139,High,No
2023-07-11,GrowOut-C,Farming,Pangasius,Monsoon,31.8,Rainy,7.2,7.7,0.23,7.7,1,9698,169.2,1440.9,17022,470,211,2948786,5148,High,No
2023-07-12,GrowOut-C,Farming,Pangasius,Monsoon,31.1,Sunny,1.2,7.3,0.24,8.3,3,9695,136.4,1222.7,13132,849,211,2501984,-11752,High,No
2023-07-13,GrowOut-C,Farming,Pangasius,Monsoon,30.1,Rainy,18.6,7.6,0.29,8.5,0,9695,184.3,1498.8,21113,807,213,3095074,-18830,High,No
2023-07-14,GrowOut-C,Farming,Pangasius,Monsoon,30.5,Hot,5.0,7.1,0.27,8.8,1,9694,167.3,1423.0,16979,788,204,2814381,35267,High,Yes
2023-07-15,GrowOut-C,Farming,Pangasius,Monsoon,31.9,Sunny,1.4,7.2,0.31,7.8,2,9692,193.1,1564.4,20036,843,205,3108885,19814,High,Yes
2023-07-16,GrowOut-C,Farming,Pangasius,Monsoon,32.7,Rainy,5.9,6.7,0.31,7.3,0,9692,178.0,1622.0,19184,586,215,3379891,31726,High,Yes
2023-07-17,GrowOut-C,Farming,Pangasius,Monsoon,31.2,Cloudy,12.9,7.7,0.27,7.5,1,9691,169.6,1400.0,17510,663,209,2835879,13471,High,Yes
2023-07-18,GrowOut-C,Farming,Pangasius,Monsoon,31.3,Sunny,3.9,7.4,0.34,7.5,1,9690,197.3,1603.0,22122,879,203,3153539,2014,High,Yes
2023-07-19,GrowOut-C,Farming,Pangasius,Monsoon,33.6,Hot,2.5,7.6,0.23,7.0,0,9690,145.0,1291.1,14701,548,219,2739856,22597,High,Yes
2023-07-20,GrowOut-C,Farming,Pangasius,Monsoon,31.1,Sunny,4.8,7.6,0.31,8.3,0,9690,189.7,1635.4,21606,615,214,3391264,41303,High,Yes
2023-07-21,GrowOut-C,Farming,Pangasius,Monsoon,32.7,Rainy,12.4,6.9,0.28,6.8,0,9690,185.3,1531.9,19490,883,204,3028199,29861,High,Yes
2023-07-22,GrowOut-C,Farming,Pangasius,Monsoon,29.7,Rainy,5.5,7.5,0.23,8.5,0,9690,137.3,1190.3,13954,616,204,2352937,22020,High,Yes
2023-07-23,GrowOut-C,Farming,Pangasius,Monsoon,32.7,Rainy,5.4,7.3,0.31,6.7,0,9690,192.9,1723.7,19001,491,214,3574368,50606,High,Yes
2023-07-24,GrowOut-C,Farming,Pangasius,Monsoon,34.0,Stormy,28.4,7.6,0.25,7.0,0,9690,144.9,1225.9,15907,692,210,2494584,15518,High,Yes
2023-07-25,GrowOut-C,Farming,Pangasius,Monsoon,33.9,Cloudy,9.0,7.5,0.23,6.6,3,9687,144.1,1192.8,14287,581,209,2415670,28404,High,Yes
2023-07-26,GrowOut-C,Farming,Pangasius,Monsoon,30.3,Cloudy,10.8,7.5,0.26,7.7,1,9686,153.8,1368.7,15673,734,201,2664978,21769,High,Yes
2023-07-27,GrowOut-C,Farming,Pangasius,Monsoon,31.0,Sunny,1.9,7.7,0.33,8.2,1,9685,208.2,1678.8,22863,866,214,3479823,8084,High,Yes
2023-07-28,GrowOut-C,Farming,Pangasius,Monsoon,31.0,Rainy,7.5,8.0,0.25,7.8,0,9685,154.4,1428.3,17596,854,212,2932614,22808,High,Yes
2023-07-29,GrowOut-C,Farming,Pangasius,Monsoon,33.3,Rainy,6.7,7.4,0.26,7.8,1,9684,174.7,1419.5,18852,874,207,2845807,36025,High,Yes
2023-07-30,GrowOut-C,Farming,Pangasius,Monsoon,30.8,Rainy,6.5,7.1,0.26,8.2,0,9684,178.7,1601.0,17954,666,217,3364386,43286,High,Yes
2023-07-31,GrowOut-C,Farming,Pangasius,Monsoon,33.4,Cloudy,8.6,7.2,0.3,8.3,1,9683,204.7,1648.0,21440,652,207,3303561,33285,High,Yes
2023-08-01,GrowOut-C,Farming,Pangasius,Monsoon,32.9,Rainy,10.4,7.2,0.27,7.0,0,9683,174.3,1502.3,16996,632,207,3011182,28596,High,Yes
2023-08-02,GrowOut-C,Farming,Pangasius,Monsoon,29.8,Sunny,2.7,7.6,0.29,8.8,1,9682,185.5,1650.8,17729,518,209,3340802,41481,High,Yes
2023-08-03,GrowOut-C,Farming,Pangasius,Monsoon,30.7,Cloudy,6.9,7.3,0.34,7.7,1,9681,212.4,1703.9,22621,741,207,3414912,32340,High,Yes
2023-08-04,GrowOut-C,Farming,Pangasius,Monsoon,31.8,Rainy,9.1,7.3,0.25,8.4,2,9679,143.4,1280.9,14815,654,208,2579282,23403,High,Yes
2023-08-05,GrowOut-C,Farming,Pangasius,Monsoon,29.3,Partly Cloudy,2.5,7.2,0.35,7.9,1,9678,206.0,1653.0,23494,451,199,3183878,29531,High,Yes
2023-08-06,GrowOut-C,Farming,Pangasius,Monsoon,32.5,Rainy,6.1,7.3,0.24,7.5,0,9678,149.7,1353.2,16981,510,196,2566869,27796,High,Yes
2023-08-07,GrowOut-C,Farming,Pangasius,Monsoon,31.4,Sunny,1.1,7.6,0.29,7.8,0,9678,169.9,1576.4,17053,715,205,3127562,9729,High,Yes
2023-08-08,GrowOut-C,Farming,Pangasius,Monsoon,31.9,Heavy Rain,36.0,7.3,0.26,8.1,3,9675,178.5,1606.7,18934,851,192,2985531,16229,High,Yes
2023-08-09,GrowOut-C,Farming,Pangasius,Monsoon,32.4,Rainy,5.7,7.1,0.23,7.6,1,9674,142.9,1265.0,15331,597,210,2570164,13173,High,Yes
2023-08-10,GrowOut-C,Farming,Pangasius,Monsoon,30.9,Cloudy,12.8,7.6,0.24,7.9,1,9673,159.0,1274.8,17066,545,200,2466483,26531,High,Yes
2023-08-11,GrowOut-C,Farming,Pangasius,Monsoon,30.8,Rainy,9.9,7.0,0.25,7.6,1,9672,159.0,1451.6,17992,645,205,2878472,8716,High,Yes
2023-08-12,GrowOut-C,Farming,Pangasius,Monsoon,32.2,Cloudy,21.9,7.4,0.3,7.8,1,9671,186.6,1669.5,19159,670,205,3310218,21401,High,Yes
2023-08-13,GrowOut-C,Farming,Pangasius,Monsoon,32.2,Sunny,2.3,7.4,0.27,7.5,1,9670,168.4,1521.1,17199,857,202,2971533,36992,High,Yes
2023-08-14,GrowOut-C,Farming,Pangasius,Monsoon,31.0,Cloudy,9.3,7.3,0.26,7.7,2,9668,155.0,1416.7,16707,669,201,2753597,16416,High,Yes
2023-08-15,GrowOut-C,Farming,Pangasius,Monsoon,30.9,Cloudy,5.1,7.6,0.3,8.7,0,9668,178.3,1655.3,17099,547,206,3296709,45974,High,Yes
2023-08-16,GrowOut-C,Farming,Pangasius,Monsoon,31.6,Cloudy,13.6,7.1,0.21,7.9,3,9665,132.5,1209.8,14712,604,203,2374358,23304,High,Yes
2023-08-17,GrowOut-C,Farming,Pangasius,Monsoon,32.4,Sunny,3.7,7.4,0.3,7.7,2,9663,193.1,1669.2,19391,580,204,3291095,15562,High,Yes
2023-08-18,GrowOut-C,Farming,Pangasius,Monsoon,29.9,Cloudy,6.7,7.5,0.27,8.9,0,9663,165.3,1435.9,18714,553,208,2886021,14035,High,Yes
2023-08-19,GrowOut-C,Farming,Pangasius,Monsoon,29.1,Rainy,9.7,7.3,0.3,8.3,1,9662,183.1,1658.7,20782,574,211,3381912,34740,High,Yes
2023-08-20,GrowOut-C,Farming,Pangasius,Monsoon,31.6,Sunny,4.2,7.5,0.28,7.8,1,9661,163.3,1427.6,17409,539,207,2855249,7507,High,Yes
2023-08-21,GrowOut-C,Farming,Pangasius,Monsoon,32.6,Hot,3.6,7.1,0.29,8.1,0,9661,190.3,1603.4,20080,660,207,3206523,16060,High,Yes
2023-08-22,GrowOut-C,Farming,Pangasius,Monsoon,30.9,Rainy,20.5,7.3,0.26,8.1,0,9661,158.9,1295.6,16016,712,204,2553425,10680,High,Yes
2023-08-23,GrowOut-C,Farming,Pangasius,Monsoon,31.2,Hot,3.1,7.9,0.26,7.6,1,9660,191.9,1583.6,20203,473,197,3013934,31787,High,Yes
2023-08-24,GrowOut-C,Farming,Pangasius,Monsoon,31.1,Rainy,21.5,7.6,0.2,7.9,0,9660,152.2,1251.5,16090,884,206,2490435,11987,High,Yes
2023-08-25,GrowOut-C,Farming,Pangasius,Monsoon,32.1,Rainy,15.5,7.2,0.25,7.8,1,9659,174.4,1400.0,17441,645,197,2664228,15670,High,Yes
2023-08-26,GrowOut-C,Farming,Pangasius,Monsoon,31.1,Rainy,8.4,7.4,0.42,5.3,33,9626,197.4,1769.5,20554,470,198,3384137,21625,High,Yes
2023-08-27,GrowOut-C,Farming,Pangasius,Monsoon,31.0,Cloudy,5.8,7.5,0.29,8.0,0,9626,163.9,1451.9,18065,828,196,2739294,23519,High,Yes
2023-08-28,GrowOut-C,Farming,Pangasius,Monsoon,30.8,Sunny,4.5,7.2,0.24,8.0,1,9625,146.8,1314.3,15644,539,203,2568245,28138,High,Yes
2023-08-29,GrowOut-C,Farming,Pangasius,Monsoon,30.6,Cloudy,12.7,7.3,0.01,8.4,0,9295,9.2,59.5,876,465,197,108951,-1472,Low,No
2023-08-30,GrowOut-C,Farming,Pangasius,Monsoon,27.6,Rainy,15.9,7.7,0.03,9.0,1,9294,8.3,52.5,844,741,210,102477,-2406,Low,No
2023-08-31,GrowOut-C,Farming,Pangasius,Monsoon,30.3,Rainy,11.1,7.8,0.01,8.8,1,9293,9.1,56.0,890,580,199,103572,-1594,Low,No
2023-09-01,GrowOut-C,Farming,Pangasius,Monsoon,27.7,Rainy,6.9,7.3,0.01,9.2,0,9293,6.9,41.3,661,592,208,79831,-1456,Low,No
2023-09-02,GrowOut-C,Farming,Pangasius,Monsoon,28.3,Rainy,11.6,7.7,0.01,9.0,2,9291,4.5,28.8,464,852,201,53795,-1353,Low,No
2023-09-03,GrowOut-C,Farming,Pangasius,Monsoon,30.1,Rainy,13.5,7.2,0.02,8.8,0,9291,6.7,40.4,674,464,198,74321,-1470,Low,No
2023-09-04,GrowOut-C,Farming,Pangasius,Monsoon,32.2,Rainy,19.7,7.7,0.02,7.9,1,9290,8.4,54.2,861,513,196,98700,-1437,Low,No
2023-09-05,GrowOut-C,Farming,Pangasius,Monsoon,30.0,Cloudy,2.8,7.2,0.0,8.8,1,9289,10.1,56.3,1131,501,189,98852,-1768,Low,No
2023-09-06,GrowOut-C,Farming,Pangasius,Monsoon,29.5,Cloudy,13.7,7.1,0.04,8.9,0,9289,7.3,43.1,722,739,199,79671,-1852,Low,No
2023-09-07,GrowOut-C,Farming,Pangasius,Monsoon,30.4,Cloudy,23.4,7.3,0.0,8.4,2,9287,10.9,63.1,1082,559,195,114297,-2135,Low,No
2023-09-08,GrowOut-C,Farming,Pangasius,Monsoon,28.7,Cloudy,5.8,7.7,0.03,8.6,0,9287,7.7,43.6,765,534,194,78553,-1665,Low,No
2023-09-09,GrowOut-C,Farming,Pangasius,Monsoon,29.7,Stormy,32.2,7.4,0.03,8.6,0,9287,9.2,57.6,875,569,193,103242,-1754,Low,No
2023-09-10,GrowOut-C,Farming,Pangasius,Monsoon,30.2,Sunny,4.3,7.2,0.02,8.8,2,9285,7.5,47.8,822,713,198,87896,-1860,Low,No
2023-09-11,GrowOut-C,Farming,Pangasius,Monsoon,29.4,Partly Cloudy,1.8,7.2,0.01,8.8,0,9285,10.9,60.4,1233,819,195,109359,-1919,Low,No
2023-09-12,GrowOut-C,Farming,Pangasius,Monsoon,27.7,Cloudy,9.2,7.3,0.01,9.0,2,9283,8.1,45.7,807,632,198,84016,-2293,Low,No
2023-09-13,GrowOut-C,Farming,Pangasius,Monsoon,29.1,Rainy,13.5,7.2,0.02,7.9,1,9282,12.9,78.4,1330,816,200,145557,-1913,Low,No
2023-09-14,GrowOut-C,Farming,Pangasius,Monsoon,28.4,Cloudy,7.3,7.2,0.03,8.9,1,9281,9.1,51.2,1039,616,199,94572,-1435,Low,No
2023-09-15,GrowOut-C,Farming,Pangasius,Monsoon,29.4,Cloudy,30.3,7.5,0.04,8.4,1,9280,6.7,42.7,692,497,200,79260,-1359,Low,No
2023-09-16,GrowOut-C,Farming,Pangasius,Monsoon,30.2,Hot,2.2,7.4,0.03,8.7,0,9280,10.6,59.0,1130,617,206,112789,-1436,Low,No
2023-09-17,GrowOut-C,Farming,Pangasius,Monsoon,28.8,Cloudy,10.3,7.6,0.04,8.4,0,9280,10.4,65.8,1138,750,202,123346,-2131,Low,No
2023-09-18,GrowOut-C,Farming,Pangasius,Monsoon,29.5,Cloudy,14.4,7.3,0.04,8.7,1,9279,9.7,60.3,1070,698,203,113596,-1607,Low,No
2023-09-19,GrowOut-C,Farming,Pangasius,Monsoon,28.7,Rainy,8.7,7.4,0.02,8.5,0,9279,9.4,60.7,1026,895,191,107578,-1823,Low,No
2023-09-20,GrowOut-C,Farming,Pangasius,Monsoon,28.0,Rainy,8.2,7.3,0.02,8.1,1,9278,10.1,58.9,976,738,200,109307,-2195,Low,No
2023-09-21,GrowOut-C,Farming,Pangasius,Monsoon,28.0,Cloudy,13.7,7.4,0.02,8.8,2,9276,12.1,73.8,1282,551,195,133520,-1978,Low,No
2023-09-22,GrowOut-C,Farming,Pangasius,Monsoon,27.0,Cloudy,14.4,7.5,0.03,8.7,0,9276,14.1,84.3,1551,561,194,151702,-2724,Low,No
2023-09-23,GrowOut-C,Farming,Pangasius,Monsoon,27.4,Rainy,10.2,7.3,0.01,9.3,1,9275,11.2,68.5,1130,662,196,124540,-2315,Low,No
2023-09-24,GrowOut-C,Farming,Pangasius,Monsoon,27.8,Rainy,15.6,7.3,0.04,8.5,1,9274,13.6,84.6,1353,876,203,159287,-2242,Low,No
2023-09-25,GrowOut-C,Farming,Pangasius,Monsoon,28.1,Rainy,6.2,7.5,0.0,8.7,0,9274,12.7,81.9,1269,674,198,150389,-1707,Low,No
2023-09-26,GrowOut-C,Farming,Pangasius,Monsoon,27.8,Cloudy,10.5,7.6,0.0,9.2,0,9274,10.9,68.3,1204,798,198,125416,-2958,Low,No
2023-09-27,GrowOut-C,Farming,Pangasius,Monsoon,25.5,Cloudy,11.3,7.5,0.02,9.0,1,9273,15.8,90.5,1787,459,191,160306,-3046,Low,No
2023-09-28,GrowOut-C,Farming,Pangasius,Monsoon,26.9,Cloudy,28.6,7.6,0.03,9.1,0,9273,13.3,78.7,1299,505,210,153255,-1716,Low,No
2023-09-29,GrowOut-C,Farming,Pangasius,Monsoon,27.3,Rainy,8.2,7.3,0.03,9.3,2,9271,15.4,89.9,1701,629,199,165895,-1949,Low,No
2023-09-30,GrowOut-C,Farming,Pangasius,Monsoon,29.2,Rainy,24.3,7.3,0.04,8.2,3,9268,17.0,101.3,1830,625,189,177500,-2828,Low,No
2023-10-01,GrowOut-C,Farming,Pangasius,Autumn,26.4,Partly Cloudy,3.2,7.0,0.01,8.5,0,9268,15.2,85.5,1626,657,196,155313,-2082,Low,No
2023-10-02,GrowOut-C,Farming,Pangasius,Autumn,28.1,Cloudy,4.0,7.5,0.04,8.5,0,9268,15.1,93.2,1499,819,207,178802,-1974,Low,No
2023-10-03,GrowOut-C,Farming,Pangasius,Autumn,26.9,Rainy,13.9,7.4,0.03,8.9,1,9267,16.6,105.5,1790,766,194,189688,-2004,Low,No
2023-10-04,GrowOut-C,Farming,Pangasius,Autumn,25.1,Cloudy,31.0,7.5,0.03,9.5,0,9267,12.4,77.2,1290,753,196,140221,-1854,Low,No
2023-10-05,GrowOut-C,Farming,Pangasius,Autumn,26.6,Cloudy,3.9,7.3,0.02,9.0,1,9266,9.9,58.4,1059,465,192,103909,-2315,Low,No
2023-10-06,GrowOut-C,Farming,Pangasius,Autumn,25.9,Sunny,2.9,7.5,0.05,9.2,1,9265,12.5,70.4,1194,631,206,134379,-2393,Low,No
2023-10-07,GrowOut-C,Farming,Pangasius,Autumn,25.5,Cloudy,17.6,7.2,0.02,9.1,1,9264,13.6,88.2,1497,538,194,158532,-2011,Low,No
2023-10-08,GrowOut-C,Farming,Pangasius,Autumn,24.1,Cloudy,18.5,7.2,0.03,9.6,1,9263,12.3,75.1,1272,667,197,137058,-2624,Low,No
2023-10-09,GrowOut-C,Farming,Pangasius,Autumn,27.2,Cloudy,1.9,7.5,0.04,8.3,0,9263,15.6,94.9,1570,821,197,173175,-2010,Low,No
2023-10-10,GrowOut-C,Farming,Pangasius,Autumn,26.1,Partly Cloudy,4.0,7.3,0.02,8.7,0,9263,13.8,81.1,1331,645,187,140480,-2437,Low,No
2023-10-11,GrowOut-C,Farming,Pangasius,Autumn,24.8,Rainy,6.1,7.7,0.06,9.6,0,9263,20.4,121.1,1975,630,197,220985,-3144,Low,No
2023-10-12,GrowOut-C,Farming,Pangasius,Autumn,24.1,Rainy,8.9,7.6,0.02,9.8,0,9263,17.2,100.5,1741,855,201,187117,-1603,Low,No
2023-10-13,GrowOut-C,Farming,Pangasius,Autumn,24.3,Rainy,7.9,7.1,0.03,9.7,1,9262,15.2,86.7,1712,834,191,153393,-3413,Low,No
2023-10-14,GrowOut-C,Farming,Pangasius,Autumn,24.3,Rainy,8.1,7.1,0.04,9.7,1,9261,17.4,101.0,1869,468,201,188028,-2457,Low,No
2023-10-15,GrowOut-C,Farming,Pangasius,Autumn,24.7,Sunny,2.3,7.6,0.02,10.0,1,9260,13.4,86.2,1523,586,197,157265,-1441,Low,No
2023-10-16,GrowOut-C,Farming,Pangasius,Autumn,25.8,Rainy,9.2,7.4,0.03,9.9,0,9260,14.5,88.6,1501,763,193,158344,-1794,Low,No
2023-10-17,GrowOut-C,Farming,Pangasius,Autumn,26.6,Rainy,9.5,7.3,0.02,8.6,0,9260,19.2,112.9,2051,542,193,201773,-2607,Low,No
2023-10-18,GrowOut-C,Farming,Pangasius,Autumn,27.6,Sunny,5.0,7.2,0.09,9.2,0,9260,18.7,121.3,2096,848,195,219031,-2974,Low,No
2023-10-19,GrowOut-C,Farming,Pangasius,Autumn,23.5,Sunny,2.9,7.8,0.03,9.6,1,9259,20.6,121.7,1997,757,190,214119,-2417,Low,No
2023-10-20,GrowOut-C,Farming,Pangasius,Autumn,25.3,Sunny,1.7,7.9,0.03,10.0,2,9257,24.1,137.0,2513,840,189,239743,-1849,Low,No
2023-10-21,GrowOut-C,Farming,Pangasius,Autumn,22.0,Cloudy,4.2,7.7,0.06,9.7,1,9256,20.0,114.5,2016,504,193,204566,-2611,Low,No
2023-10-22,GrowOut-C,Farming,Pangasius,Autumn,24.4,Cloudy,3.7,7.4,0.06,9.6,1,9255,16.0,103.2,1675,764,193,184357,-2046,Low,No
2023-10-23,GrowOut-C,Farming,Pangasius,Autumn,23.3,Rainy,10.1,7.5,0.03,10.0,1,9254,21.3,128.3,2241,671,196,232734,-1779,Low,No
2023-10-24,GrowOut-C,Farming,Pangasius,Autumn,24.7,Sunny,4.2,7.1,0.04,10.3,1,9253,22.9,128.7,2537,486,198,235816,-2875,Low,No
2023-10-25,GrowOut-C,Farming,Pangasius,Autumn,22.1,Partly Cloudy,4.2,6.9,0.06,9.4,0,9253,21.0,119.9,2409,505,185,205245,-2065,Low,No
2023-10-26,GrowOut-C,Farming,Pangasius,Autumn,23.7,Rainy,7.3,7.1,0.04,9.9,2,9251,20.4,116.4,2080,845,208,224026,-1865,Low,No
2023-10-27,GrowOut-C,Farming,Pangasius,Autumn,23.3,Sunny,3.6,7.2,0.03,9.6,0,9251,25.2,153.2,2420,719,195,276364,-1637,Low,No
2023-10-28,GrowOut-C,Farming,Pangasius,Autumn,22.2,Rainy,13.1,7.2,0.03,10.0,1,9250,18.8,111.8,1881,605,189,195475,-1295,Low,No
2023-10-29,GrowOut-C,Farming,Pangasius,Autumn,24.0,Rainy,13.8,7.4,0.04,8.9,0,9250,24.3,146.2,2460,484,190,256946,-1891,Low,No
2023-10-30,GrowOut-C,Farming,Pangasius,Autumn,21.8,Partly Cloudy,1.4,7.7,0.02,9.2,1,9249,21.3,122.9,2421,660,200,227365,-2658,Low,No
2023-10-31,GrowOut-C,Farming,Pangasius,Autumn,23.2,Cloudy,1.7,7.0,0.03,9.8,0,9249,19.3,119.3,2185,642,193,212957,-3012,Low,No
2023-11-01,GrowOut-C,Farming,Pangasius,Autumn,22.1,Rainy,7.1,7.2,0.04,10.0,2,9247,28.8,167.0,2797,896,193,298105,-2788,Low,No
2023-11-02,GrowOut-C,Farming,Pangasius,Autumn,20.5,Partly Cloudy,0.2,7.4,0.05,10.2,1,9246,21.0,126.2,2380,544,184,214723,-2111,Low,No
2023-11-03,GrowOut-C,Farming,Pangasius,Autumn,21.4,Partly Cloudy,4.1,7.5,0.03,10.0,0,9246,22.4,132.7,2211,737,190,233119,-2259,Low,No
2023-11-04,GrowOut-C,Farming,Pangasius,Autumn,21.3,Cloudy,7.0,7.5,0.05,9.8,0,9246,21.3,128.1,2178,615,184,217932,-2456,Low,No
2023-11-05,GrowOut-C,Farming,Pangasius,Autumn,22.2,Sunny,2.1,7.7,0.05,10.4,0,9246,21.8,133.2,2107,837,189,232766,-2080,Low,No
2023-11-06,GrowOut-C,Farming,Pangasius,Autumn,22.1,Sunny,1.9,7.3,0.2,7.3,11,9235,25.0,147.4,2853,639,187,254855,-3156,Low,No
2023-11-07,GrowOut-C,Farming,Pangasius,Autumn,20.8,Cloudy,5.6,7.0,0.04,10.0,1,9234,23.7,153.0,2254,886,197,278352,-3091,Low,No
2023-11-08,GrowOut-C,Farming,Pangasius,Autumn,23.0,Cloudy,4.4,7.5,0.04,8.8,0,9234,23.6,143.0,2708,812,196,258811,-2683,Low,No
2023-11-09,GrowOut-C,Farming,Pangasius,Autumn,21.8,Cloudy,3.5,7.5,0.03,10.1,2,9232,23.4,144.5,2302,676,196,261525,-2807,Low,No
2023-11-10,GrowOut-C,Farming,Pangasius,Autumn,21.0,Rainy,5.1,7.5,0.02,10.3,0,9232,19.9,130.1,1949,529,186,223401,-2169,Low,No
2023-11-11,GrowOut-C,Farming,Pangasius,Autumn,20.0,Cloudy,3.0,7.8,0.04,10.1,0,9232,19.7,127.5,1933,537,195,229531,-2111,Low,No
2023-11-12,GrowOut-C,Farming,Pangasius,Autumn,20.4,Cloudy,5.7,7.4,0.04,10.8,1,9231,22.9,128.6,2193,788,185,219639,-2540,Low,No
2023-11-13,GrowOut-C,Farming,Pangasius,Autumn,21.2,Sunny,1.5,7.3,0.04,10.2,1,9230,25.6,158.9,2484,502,200,293361,-2432,Low,No
2023-11-14,GrowOut-C,Farming,Pangasius,Autumn,21.2,Rainy,5.4,7.3,0.04,9.6,2,9228,26.2,168.1,2654,593,199,308761,-1897,Low,No
2023-11-15,GrowOut-C,Farming,Pangasius,Autumn,18.5,Rainy,7.3,7.7,0.03,11.1,0,9228,17.4,129.8,1859,866,186,222790,-1475,Low,No
2023-11-16,GrowOut-C,Farming,Pangasius,Autumn,21.8,Partly Cloudy,1.4,7.5,0.05,10.2,0,9228,27.7,163.5,3150,612,189,285159,-3067,Low,No
2023-11-17,GrowOut-C,Farming,Pangasius,Autumn,20.0,Sunny,1.6,7.3,0.07,10.9,1,9227,30.3,180.2,3024,507,193,320937,-3924,Low,No
2023-11-18,GrowOut-C,Farming,Pangasius,Autumn,19.9,Sunny,0.7,7.3,0.04,10.0,0,9227,17.0,135.3,1827,860,188,234702,-1832,Low,No
2023-11-19,GrowOut-C,Farming,Pangasius,Autumn,19.0,Rainy,6.0,7.2,0.05,10.1,1,9226,16.0,139.7,1799,507,193,248779,-2148,Low,No
2023-11-20,GrowOut-C,Farming,Pangasius,Autumn,19.7,Sunny,3.5,7.3,0.04,9.9,1,9225,23.9,188.1,2495,634,197,341876,-2763,Low,No
2023-11-21,GrowOut-C,Farming,Pangasius,Autumn,19.6,Cloudy,1.2,7.1,0.02,10.3,3,9222,16.4,133.5,1586,679,194,238918,-1245,Low,No
2023-11-22,GrowOut-C,Farming,Pangasius,Autumn,19.6,Sunny,0.5,7.5,0.05,10.7,2,9220,17.6,150.2,1793,892,196,271488,-1965,Low,No
2023-11-23,GrowOut-C,Farming,Pangasius,Autumn,19.7,Sunny,0.3,7.6,0.06,10.7,0,9220,23.2,186.6,2463,798,200,344090,-3448,Low,No
2023-11-24,GrowOut-C,Farming,Pangasius,Autumn,18.6,Sunny,2.1,7.4,0.07,10.1,0,9220,26.0,194.2,2941,650,194,347362,-2165,Low,No
2023-11-25,GrowOut-C,Farming,Pangasius,Autumn,20.5,Sunny,0.4,6.9,0.04,10.5,0,9220,29.6,205.0,3153,594,199,376130,-2455,Low,No
2023-11-26,GrowOut-C,Farming,Pangasius,Autumn,20.2,Partly Cloudy,0.8,7.8,0.04,10.3,0,9220,28.6,217.8,3056,588,194,389575,-4184,Low,No
2023-11-27,GrowOut-C,Farming,Pangasius,Autumn,17.3,Cloudy,0.2,7.1,0.06,10.7,0,9220,19.3,165.8,1834,639,205,313379,-2404,Low,No
2023-11-28,GrowOut-C,Farming,Pangasius,Autumn,19.1,Cloudy,0.3,7.5,0.03,10.4,0,9220,17.5,135.4,1975,684,200,249678,-2480,Low,No
2023-11-29,GrowOut-C,Farming,Pangasius,Autumn,19.5,Sunny,0.0,7.5,0.06,10.6,0,9220,22.9,172.4,2353,639,201,319495,-2596,Low,No
2023-11-30,GrowOut-C,Farming,Pangasius,Autumn,20.1,Partly Cloudy,0.0,7.7,0.03,10.2,0,9220,30.5,192.7,2948,593,190,337572,-2878,Low,No
2023-12-01,GrowOut-C,Farming,Pangasius,Winter,20.1,Sunny,0.0,7.4,0.07,9.7,2,9218,28.1,208.3,2837,855,196,376423,-3206,Low,No
2023-12-02,GrowOut-C,Farming,Pangasius,Winter,18.8,Sunny,0.0,7.4,0.03,10.3,1,9217,21.8,211.7,2156,775,190,370776,-1797,Low,No
2023-12-03,GrowOut-C,Farming,Pangasius,Winter,19.7,Cloudy,0.0,7.0,0.06,10.6,1,9216,21.2,210.6,2128,657,197,382397,-2124,Low,No
2023-12-04,GrowOut-C,Farming,Pangasius,Winter,17.7,Cold,0.0,7.2,0.05,10.7,2,9214,23.1,187.9,2199,577,194,335947,-2263,Low,No
2023-12-05,GrowOut-C,Farming,Pangasius,Winter,16.1,Cold,0.0,7.1,0.04,11.4,2,9212,25.5,244.6,2576,452,194,437226,-1984,Low,No
2023-12-06,GrowOut-C,Farming,Pangasius,Winter,18.5,Partly Cloudy,0.0,7.3,0.04,10.9,2,9210,21.9,227.2,2396,604,187,391385,-1381,Low,No
2023-12-07,GrowOut-C,Farming,Pangasius,Winter,16.8,Sunny,0.0,7.4,0.07,10.4,2,9208,24.7,188.0,2502,577,195,337639,-2538,Low,No
2023-12-08,GrowOut-C,Farming,Pangasius,Winter,17.0,Cold,0.0,7.3,0.06,10.5,0,9208,26.5,199.2,2816,620,190,348504,-2776,Low,No
2023-12-09,GrowOut-C,Farming,Pangasius,Winter,18.6,Partly Cloudy,0.0,7.1,0.05,10.7,0,9208,23.0,224.6,2536,550,187,386738,-1366,Low,No
2023-12-10,GrowOut-C,Farming,Pangasius,Winter,17.4,Cloudy,0.0,7.3,0.06,10.9,1,9207,26.8,247.8,2643,550,194,442658,-2036,Low,No
2023-12-11,GrowOut-C,Farming,Pangasius,Winter,16.0,Sunny,0.0,7.3,0.07,11.4,0,9207,30.6,279.0,3144,471,191,490632,-213,Low,No
2023-12-12,GrowOut-C,Farming,Pangasius,Winter,18.8,Sunny,0.0,7.3,0.07,10.9,0,9207,28.6,263.9,3235,761,199,483516,-4020,Low,No
2023-12-13,GrowOut-C,Farming,Pangasius,Winter,19.4,Sunny,0.0,7.2,0.05,10.5,2,9205,22.8,209.3,2238,512,187,360354,-2657,Low,No
2023-12-14,GrowOut-C,Farming,Pangasius,Winter,17.1,Cold,0.0,7.6,0.05,10.0,1,9204,24.8,233.5,2737,857,188,404081,-1821,Low,No
2023-12-15,GrowOut-C,Farming,Pangasius,Winter,18.2,Cloudy,0.0,7.4,0.03,11.0,2,9202,24.3,226.6,2602,664,200,417125,-3888,Low,No
2023-12-16,GrowOut-C,Farming,Pangasius,Winter,18.9,Sunny,0.0,7.3,0.09,10.7,0,9202,30.8,286.9,3389,887,193,509530,-1098,Low,No
2023-12-17,GrowOut-C,Farming,Pangasius,Winter,16.8,Sunny,0.0,7.2,0.05,10.5,1,9201,23.6,221.0,2493,872,196,398594,-3511,Low,No
2023-12-18,GrowOut-C,Farming,Pangasius,Winter,16.8,Cold,0.0,7.2,0.06,11.7,2,9199,25.0,229.5,2668,498,193,407544,-1369,Low,No
2023-12-19,GrowOut-C,Farming,Pangasius,Winter,17.7,Cold,0.0,7.1,0.05,10.9,2,9197,28.4,260.5,3041,488,196,469683,-3316,Low,No
2023-12-20,GrowOut-C,Farming,Pangasius,Winter,17.3,Sunny,0.0,6.9,0.05,11.2,2,9195,23.2,228.1,2505,644,189,396491,-2932,Low,No
2023-12-21,GrowOut-C,Farming,Pangasius,Winter,16.9,Cloudy,0.0,7.3,0.04,10.6,2,9193,25.4,260.9,2556,672,202,484593,-959,Low,No
2023-12-22,GrowOut-C,Farming,Pangasius,Winter,16.7,Cloudy,0.0,7.0,0.08,11.3,2,9191,36.7,331.5,4020,711,202,615591,-1453,Low,No
2023-12-23,GrowOut-C,Farming,Pangasius,Winter,17.2,Cold,0.0,7.3,0.06,11.2,0,9191,25.0,256.4,2765,777,203,478384,-3536,Low,No
2023-12-24,GrowOut-C,Farming,Pangasius,Winter,15.9,Sunny,0.0,7.1,0.06,11.3,0,9191,24.0,250.8,2592,661,196,451800,-1467,Low,No
2023-12-25,GrowOut-C,Farming,Pangasius,Winter,17.0,Cold,0.0,7.7,0.07,10.8,1,9190,27.1,271.2,2814,580,193,481072,-1868,Low,No
2023-12-26,GrowOut-C,Farming,Pangasius,Winter,17.5,Sunny,0.0,7.7,0.06,10.7,0,9190,26.5,258.9,2919,538,207,492513,-1383,Low,No
2023-12-27,GrowOut-C,Farming,Pangasius,Winter,14.5,Cold,0.0,7.4,0.05,11.8,0,9190,36.8,368.9,4213,643,211,715330,-1208,Low,No
2023-12-28,GrowOut-C,Farming,Pangasius,Winter,17.0,Cloudy,0.0,7.2,0.08,11.4,1,9189,28.2,261.4,2945,853,193,463637,-3745,Low,No
2023-12-29,GrowOut-C,Farming,Pangasius,Winter,16.2,Cold,0.0,7.5,0.05,10.7,1,9188,34.0,353.3,3289,765,190,616830,-1906,Low,No
2023-12-30,GrowOut-C,Farming,Pangasius,Winter,16.7,Cold,0.0,7.6,0.08,11.2,0,9188,32.3,305.2,3534,477,200,560836,-2820,Low,No
2023-12-31,GrowOut-C,Farming,Pangasius,Winter,19.4,Cloudy,0.0,7.4,0.05,10.7,0,9188,31.8,288.7,3369,867,200,530515,-2495,Low,No
2024-01-01,GrowOut-C,Farming,Pangasius,Winter,15.8,Cloudy,0.0,7.4,0.06,11.6,1,9187,36.8,341.7,3677,518,200,627908,-2330,Low,No
2024-01-02,GrowOut-C,Farming,Pangasius,Winter,16.2,Sunny,0.0,7.1,0.09,10.2,0,9187,35.0,320.7,3933,620,202,595147,-2656,Low,No
2024-01-03,GrowOut-C,Farming,Pangasius,Winter,18.5,Partly Cloudy,0.0,7.7,0.07,10.8,1,9186,34.5,354.9,3430,674,204,665135,-2392,Low,No
2024-01-04,GrowOut-C,Farming,Pangasius,Winter,16.1,Cold,0.0,7.6,0.06,11.3,1,9185,37.1,359.8,3554,873,195,644499,-2186,Low,No
2024-01-05,GrowOut-C,Farming,Pangasius,Winter,16.5,Cloudy,0.0,7.4,0.09,11.1,0,9185,39.8,393.0,4380,704,199,718331,-4532,Low,No
2024-01-06,GrowOut-C,Farming,Pangasius,Winter,14.5,Cold,0.0,7.2,0.09,10.9,0,9185,37.8,379.0,3699,647,196,682299,-1331,Low,No
2024-01-07,GrowOut-C,Farming,Pangasius,Winter,15.2,Sunny,0.0,7.1,0.07,11.7,1,9184,41.4,400.3,4106,887,197,724321,-352,Low,No
2024-01-08,GrowOut-C,Farming,Pangasius,Winter,15.0,Sunny,0.0,7.3,0.06,11.7,0,9184,33.8,328.5,3585,811,196,591321,-2804,Low,No
2024-01-09,GrowOut-C,Farming,Pangasius,Winter,15.8,Sunny,0.0,7.4,0.09,11.1,1,9183,30.1,300.3,3399,864,197,543317,-3905,Low,No
2024-01-10,GrowOut-C,Farming,Pangasius,Winter,16.1,Cold,0.0,6.9,0.08,10.5,2,9181,43.9,397.7,4197,625,205,748676,-3777,Low,No
2024-01-11,GrowOut-C,Farming,Pangasius,Winter,17.0,Cloudy,0.0,7.5,0.06,11.3,1,9180,34.9,347.4,3626,807,192,612380,-510,Low,No
2024-01-12,GrowOut-C,Farming,Pangasius,Winter,17.3,Cloudy,0.0,7.5,0.05,11.5,0,9180,32.4,313.2,3197,576,198,569285,-2992,Low,No
2024-01-13,GrowOut-C,Farming,Pangasius,Winter,16.0,Cold,0.0,7.6,0.08,10.2,0,9180,40.6,376.2,4403,591,203,701064,-3368,Low,No
2024-01-14,GrowOut-C,Farming,Pangasius,Winter,14.5,Cloudy,0.0,7.0,0.11,11.4,0,9180,50.8,472.7,5274,582,201,872217,-4644,Low,No
2024-01-15,GrowOut-C,Farming,Pangasius,Winter,16.3,Cloudy,0.0,7.6,0.09,11.0,0,9180,44.6,448.4,4869,824,204,839728,-3272,Low,No
2024-01-16,GrowOut-C,Farming,Pangasius,Winter,14.5,Sunny,0.0,6.9,0.14,9.0,6,9174,35.5,334.6,3775,597,208,638899,-325,Low,No
2024-01-17,GrowOut-C,Farming,Pangasius,Winter,16.1,Cold,0.0,7.3,0.07,11.3,0,9174,36.8,362.0,4134,795,203,674161,-3112,Low,No
2024-01-18,GrowOut-C,Farming,Pangasius,Winter,15.1,Cloudy,0.0,7.3,0.08,11.1,1,9173,45.4,465.3,5171,783,199,849464,-5894,Low,No
2024-01-19,GrowOut-C,Farming,Pangasius,Winter,14.9,Cloudy,0.0,7.3,0.07,11.5,0,9173,46.3,434.1,5033,571,191,760562,-4796,Low,No
2024-01-20,GrowOut-C,Farming,Pangasius,Winter,15.5,Sunny,0.0,7.5,0.05,11.1,1,9172,38.1,358.0,4216,617,198,650219,-3540,Low,No
2024-01-21,GrowOut-C,Farming,Pangasius,Winter,15.1,Cold,0.0,7.7,0.08,11.6,1,9171,41.6,382.3,4410,836,199,697785,-1531,Low,No
2024-01-22,GrowOut-C,Farming,Pangasius,Winter,16.3,Sunny,0.0,7.7,0.31,8.3,8,9163,47.5,472.3,5199,659,195,844635,-5302,Low,No
2024-01-23,GrowOut-C,Farming,Pangasius,Winter,16.5,Cold,0.0,7.3,0.08,11.6,0,9163,51.3,505.8,5546,657,206,954737,-4118,Medium,No
2024-01-24,GrowOut-C,Farming,Pangasius,Winter,17.6,Sunny,0.0,7.2,0.1,11.1,0,9163,49.3,454.8,5130,756,206,858470,-525,Low,No
2024-01-25,GrowOut-C,Farming,Pangasius,Winter,16.3,Cold,0.0,6.9,0.11,11.3,0,9163,51.5,497.7,5557,846,205,934887,-6011,Medium,No
2024-01-26,GrowOut-C,Farming,Pangasius,Winter,17.4,Sunny,0.0,7.4,0.08,10.3,2,9161,46.0,483.8,4429,865,199,882179,-2639,Low,No
2024-01-27,GrowOut-C,Farming,Pangasius,Winter,17.7,Sunny,0.0,7.2,0.14,10.9,1,9160,48.0,452.1,4951,549,189,782779,-410,Low,No
2024-01-28,GrowOut-C,Farming,Pangasius,Winter,15.2,Sunny,0.0,7.3,0.17,8.5,7,9153,42.3,445.8,4690,518,201,820789,25,Low,No
2024-01-29,GrowOut-C,Farming,Pangasius,Winter,16.4,Cold,0.0,7.3,0.1,11.5,0,9153,60.7,546.6,6395,677,209,1045633,-5574,Medium,No
2024-01-30,GrowOut-C,Farming,Pangasius,Winter,17.2,Cloudy,0.0,7.1,0.09,10.6,0,9153,56.3,513.7,5578,897,210,987398,-2982,Medium,No
2024-01-31,GrowOut-C,Farming,Pangasius,Winter,16.1,Cloudy,0.0,7.8,0.11,11.1,2,9151,54.1,511.1,6164,679,207,968366,-411,Medium,No
2024-02-01,GrowOut-C,Farming,Pangasius,Winter,18.1,Cloudy,0.0,7.6,0.09,11.1,0,9151,48.6,494.5,5336,489,203,918609,-2866,Medium,No
2024-02-02,GrowOut-C,Farming,Pangasius,Winter,17.1,Cloudy,0.0,7.2,0.1,11.1,2,9149,57.3,515.8,6495,851,205,967618,-1271,Medium,No
2024-02-03,GrowOut-C,Farming,Pangasius,Winter,16.3,Cold,0.0,7.4,0.08,11.1,1,9148,42.1,400.1,4772,576,206,754066,-1124,Low,No
2024-02-04,GrowOut-C,Farming,Pangasius,Winter,18.2,Sunny,0.0,7.5,0.11,10.7,1,9147,64.0,577.5,6876,794,203,1072443,-75,Medium,No
2024-02-05,GrowOut-C,Farming,Pangasius,Winter,17.0,Cold,0.0,7.8,0.1,10.5,0,9147,52.0,480.7,5948,844,204,896980,-5494,Low,No
2024-02-06,GrowOut-C,Farming,Pangasius,Winter,16.9,Cloudy,0.0,7.5,0.08,10.5,4,9143,44.9,461.9,4575,855,215,908375,-1060,Low,No
2024-02-07,GrowOut-C,Farming,Pangasius,Winter,14.5,Sunny,0.0,7.6,0.09,11.1,0,9143,54.4,535.7,5221,878,203,994275,-2509,Medium,No
2024-02-08,GrowOut-C,Farming,Pangasius,Winter,15.0,Sunny,0.0,7.5,0.1,11.4,1,9142,61.0,577.8,6144,737,209,1104111,-3861,Medium,No
2024-02-09,GrowOut-C,Farming,Pangasius,Winter,18.1,Partly Cloudy,0.0,7.2,0.07,11.0,1,9141,48.4,466.1,4971,679,205,873523,-852,Low,No
2024-02-10,GrowOut-C,Farming,Pangasius,Winter,16.1,Cloudy,0.0,6.9,0.07,10.6,2,9139,48.6,470.9,4717,682,200,860899,-2084,Low,No
2024-02-11,GrowOut-C,Farming,Pangasius,Winter,18.6,Partly Cloudy,0.0,7.4,0.09,11.5,1,9138,49.1,505.3,4858,731,209,965149,-4139,Medium,No
2024-02-12,GrowOut-C,Farming,Pangasius,Winter,16.3,Cloudy,0.0,7.8,0.11,10.6,0,9138,55.7,536.8,5605,499,206,1010487,-384,Medium,No
2024-02-13,GrowOut-C,Farming,Pangasius,Winter,17.5,Sunny,0.0,7.1,0.11,10.3,2,9136,48.0,499.9,5450,467,206,941026,-3038,Medium,No
2024-02-14,GrowOut-C,Farming,Pangasius,Winter,15.0,Sunny,0.0,7.2,0.06,11.6,0,9136,48.5,464.3,5119,701,203,861094,-4648,Low,No
2024-02-15,GrowOut-C,Farming,Pangasius,Winter,17.1,Sunny,0.0,7.5,0.1,10.7,1,9135,48.3,467.3,4942,868,205,875197,441,Low,No
2024-02-16,GrowOut-C,Farming,Pangasius,Winter,16.7,Sunny,0.0,7.3,0.12,11.0,0,9135,63.6,661.5,6765,662,215,1299203,-3674,Medium,No
2024-02-17,GrowOut-C,Farming,Pangasius,Winter,18.1,Partly Cloudy,0.0,8.0,0.13,10.0,2,9133,64.7,583.7,6408,540,203,1082416,-5991,Medium,No
2024-02-18,GrowOut-C,Farming,Pangasius,Winter,18.2,Sunny,0.0,7.0,0.12,10.8,1,9132,65.2,619.6,6628,891,206,1165714,-3706,Medium,No
2024-02-19,GrowOut-C,Farming,Pangasius,Winter,14.5,Cloudy,0.0,7.6,0.1,11.5,1,9131,54.3,562.8,5797,640,218,1120409,-433,Medium,No
2024-02-20,GrowOut-C,Farming,Pangasius,Winter,16.2,Sunny,0.0,7.3,0.11,10.8,0,9131,62.3,563.1,6217,561,203,1043758,-2271,Medium,No
2024-02-21,GrowOut-C,Farming,Pangasius,Winter,16.2,Sunny,0.0,7.5,0.11,10.9,0,9131,51.6,528.4,5315,514,209,1008387,891,Medium,No
2024-02-22,GrowOut-C,Farming,Pangasius,Winter,15.9,Sunny,0.0,7.5,0.1,11.1,0,9131,58.8,587.2,5664,599,217,1163494,-3952,Medium,No
2024-02-23,GrowOut-C,Farming,Pangasius,Winter,16.7,Cloudy,0.0,7.2,0.09,11.3,0,9131,55.6,579.0,6248,452,209,1104951,-685,Medium,No
2024-02-24,GrowOut-C,Farming,Pangasius,Winter,18.1,Sunny,0.0,7.5,0.09,11.1,0,9131,55.7,530.8,5519,855,209,1012968,-4766,Medium,No
2024-02-25,GrowOut-C,Farming,Pangasius,Winter,18.1,Partly Cloudy,0.0,7.2,0.15,10.6,2,9129,59.8,605.8,6455,565,213,1178222,-851,Medium,No
2024-02-26,GrowOut-C,Farming,Pangasius,Winter,16.0,Sunny,0.0,7.1,0.13,11.3,0,9129,64.8,665.7,6319,683,204,1239744,-4326,Medium,No
2024-02-27,GrowOut-C,Farming,Pangasius,Winter,16.0,Cold,0.0,7.2,0.34,8.1,10,9119,56.8,723.0,6465,453,209,1379456,-1228,Medium,No
2024-02-28,GrowOut-C,Farming,Pangasius,Winter,16.4,Cloudy,0.0,7.6,0.07,11.2,0,9119,53.9,544.5,5129,656,204,1012920,-4234,Medium,No
2024-02-29,GrowOut-C,Farming,Pangasius,Winter,18.2,Cloudy,0.0,7.6,0.11,10.1,2,9117,57.1,714.9,6331,661,209,1362507,353,Medium,No
2024-03-01,GrowOut-C,Farming,Pangasius,Spring,17.7,Cold,0.0,7.2,0.09,10.9,1,9116,60.7,552.0,6122,594,207,1041745,-1242,Medium,No
2024-03-02,GrowOut-C,Farming,Pangasius,Spring,19.4,Cloudy,0.0,7.5,0.12,10.0,0,9116,65.1,664.9,6186,721,209,1266797,-1924,Medium,No
2024-03-03,GrowOut-C,Farming,Pangasius,Spring,16.7,Cold,0.0,7.5,0.1,11.2,1,9115,61.6,562.2,6026,836,214,1096753,-4624,Medium,No
2024-03-04,GrowOut-C,Farming,Pangasius,Spring,18.9,Cloudy,0.0,7.1,0.13,10.5,0,9115,62.8,600.9,6817,473,216,1183076,-1608,Medium,No
2024-03-05,GrowOut-C,Farming,Pangasius,Spring,18.7,Cloudy,0.0,7.6,0.13,11.1,2,9113,69.1,680.5,6694,729,224,1389418,439,Medium,No
2024-03-06,GrowOut-C,Farming,Pangasius,Spring,19.7,Partly Cloudy,0.0,7.0,0.13,9.7,0,9113,68.5,793.6,7306,664,213,1540432,-3081,Medium,No
2024-03-07,GrowOut-C,Farming,Pangasius,Spring,21.6,Cloudy,0.0,7.8,0.13,10.2,0,9113,84.3,731.6,8687,655,215,1433420,-8003,Medium,No
2024-03-08,GrowOut-C,Farming,Pangasius,Spring,19.0,Cloudy,0.0,7.7,0.12,9.9,0,9113,63.4,736.1,7107,538,210,1408697,-4610,Medium,No
2024-03-09,GrowOut-C,Farming,Pangasius,Spring,19.1,Sunny,0.0,7.4,0.13,9.9,0,9113,57.4,703.0,5638,821,213,1364572,3444,Medium,No
2024-03-10,GrowOut-C,Farming,Pangasius,Spring,19.7,Cloudy,0.0,7.1,0.12,9.9,1,9112,63.4,669.7,6272,657,212,1293831,2629,Medium,No
2024-03-11,GrowOut-C,Farming,Pangasius,Spring,18.3,Sunny,0.0,7.1,0.11,10.7,3,9109,56.9,573.9,5492,566,213,1113857,-298,Medium,No
2024-03-12,GrowOut-C,Farming,Pangasius,Spring,20.1,Partly Cloudy,0.0,7.1,0.13,10.4,2,9107,75.9,599.4,7936,559,210,1146586,-1481,Medium,No
2024-03-13,GrowOut-C,Farming,Pangasius,Spring,19.2,Partly Cloudy,0.0,7.6,0.13,10.1,1,9106,55.8,701.1,5429,859,209,1334448,-5143,Medium,No
2024-03-14,GrowOut-C,Farming,Pangasius,Spring,18.1,Cloudy,0.0,7.2,0.09,10.8,0,9106,58.1,587.7,6343,859,212,1134538,-6626,Medium,No
2024-03-15,GrowOut-C,Farming,Pangasius,Spring,19.3,Cloudy,0.0,7.5,0.11,10.2,0,9106,57.3,598.2,6086,773,203,1105783,-4613,Medium,No
2024-03-16,GrowOut-C,Farming,Pangasius,Spring,21.7,Partly Cloudy,0.0,7.2,0.19,10.4,2,9104,95.9,917.9,10767,863,212,1771980,-7529,Medium,No
2024-03-17,GrowOut-C,Farming,Pangasius,Spring,19.1,Partly Cloudy,0.0,7.6,0.14,9.9,1,9103,57.5,721.3,5874,852,216,1418410,-4266,Medium,No
2024-03-18,GrowOut-C,Farming,Pangasius,Spring,19.5,Partly Cloudy,0.0,7.8,0.14,9.7,0,9103,56.8,744.7,5500,563,217,1471044,4952,Medium,No
2024-03-19,GrowOut-C,Farming,Pangasius,Spring,22.1,Cloudy,0.0,7.4,0.15,9.8,1,9102,84.2,830.3,9066,834,210,1587226,34,Medium,No
2024-03-20,GrowOut-C,Farming,Pangasius,Spring,19.3,Sunny,0.0,7.1,0.12,10.1,0,9102,64.3,598.8,7320,877,203,1106406,-6925,Medium,No
2024-03-21,GrowOut-C,Farming,Pangasius,Spring,19.7,Cloudy,0.0,7.3,0.13,9.7,2,9100,60.5,726.6,6690,514,216,1428519,-990,Medium,No
2024-03-22,GrowOut-C,Farming,Pangasius,Spring,20.2,Partly Cloudy,0.0,7.6,0.18,10.5,1,9099,98.0,885.0,9636,774,221,1779824,-7914,Medium,No
2024-03-23,GrowOut-C,Farming,Pangasius,Spring,20.7,Sunny,0.0,7.3,0.15,9.7,1,9098,85.3,657.8,9606,754,214,1280859,-9237,Medium,No
2024-03-24,GrowOut-C,Farming,Pangasius,Spring,20.5,Partly Cloudy,0.0,7.5,0.15,10.6,0,9098,91.0,838.8,9858,620,209,1594963,-5531,Medium,No
2024-03-25,GrowOut-C,Farming,Pangasius,Spring,19.6,Cloudy,0.0,7.8,0.1,10.0,1,9097,62.0,638.7,6237,821,209,1214477,909,Medium,No
2024-03-26,GrowOut-C,Farming,Pangasius,Spring,20.8,Partly Cloudy,0.0,7.1,0.16,9.7,2,9095,108.7,958.6,10450,740,208,1813840,-7802,Medium,No
2024-03-27,GrowOut-C,Farming,Pangasius,Spring,21.8,Sunny,0.0,7.7,0.12,9.6,0,9095,79.9,791.5,8638,548,217,1562116,-642,Medium,No
2024-03-28,GrowOut-C,Farming,Pangasius,Spring,20.1,Sunny,0.0,7.5,0.19,10.5,0,9095,100.6,889.8,9674,775,215,1739937,-8874,Medium,No
2024-03-29,GrowOut-C,Farming,Pangasius,Spring,20.6,Cloudy,0.0,7.3,0.17,10.0,0,9095,96.1,849.5,9982,501,215,1661134,388,Medium,No
2024-03-30,GrowOut-C,Farming,Pangasius,Spring,21.1,Partly Cloudy,0.0,7.5,0.19,10.6,0,9095,106.9,956.0,10251,687,216,1878081,-7199,Medium,No
2024-03-31,GrowOut-C,Farming,Pangasius,Spring,21.6,Cloudy,0.0,7.3,0.17,9.7,1,9094,113.4,1007.4,12006,874,210,1924084,-9509,Medium,No
2024-04-01,GrowOut-C,Farming,Pangasius,Spring,19.3,Cloudy,0.0,7.1,0.13,10.0,2,9092,65.3,637.7,6268,568,210,1217841,-644,Medium,No
2024-04-02,GrowOut-C,Farming,Pangasius,Spring,21.8,Partly Cloudy,0.0,7.8,0.17,9.2,1,9091,87.1,850.4,9002,527,213,1646881,-1611,Medium,No
2024-04-03,GrowOut-C,Farming,Pangasius,Spring,22.6,Cloudy,0.0,7.1,0.18,10.0,0,9091,118.3,1013.7,13569,753,215,1981343,-5769,Medium,No
2024-04-04,GrowOut-C,Farming,Pangasius,Spring,23.0,Partly Cloudy,0.0,7.6,0.2,9.2,0,9091,114.7,1065.6,12209,801,212,2053722,-2045,High,No
2024-04-05,GrowOut-C,Farming,Pangasius,Spring,21.8,Partly Cloudy,0.0,7.6,0.14,10.1,0,9091,99.1,977.6,11142,860,217,1928557,-9504,Medium,No
2024-04-06,GrowOut-C,Farming,Pangasius,Spring,22.4,Sunny,0.0,7.5,0.11,9.8,0,9091,82.3,757.0,8721,545,209,1438314,-1358,Medium,No
2024-04-07,GrowOut-C,Farming,Pangasius,Spring,21.6,Sunny,0.0,7.3,0.16,8.9,1,9090,115.4,1016.8,13109,722,214,1978158,-5709,Medium,No
2024-04-08,GrowOut-C,Farming,Pangasius,Spring,21.8,Sunny,0.0,6.9,0.14,9.8,1,9089,88.8,764.4,8658,589,207,1438318,-4441,Medium,No
2024-04-09,GrowOut-C,Farming,Pangasius,Spring,23.0,Sunny,0.0,7.2,0.19,9.7,2,9087,96.8,953.6,10868,741,217,1880798,-1112,Medium,No
2024-04-10,GrowOut-C,Farming,Pangasius,Spring,21.9,Partly Cloudy,0.0,7.3,0.21,9.8,0,9087,116.4,1023.2,12665,494,206,1915351,-5532,Medium,No
2024-04-11,GrowOut-C,Farming,Pangasius,Spring,23.8,Sunny,0.0,7.6,0.18,10.0,1,9086,108.2,1068.5,12353,634,209,2029277,-5256,High,No
2024-04-12,GrowOut-C,Farming,Pangasius,Spring,24.7,Cloudy,0.0,7.6,0.2,9.6,3,9083,126.7,1201.7,12099,778,213,2325672,3154,High,No
2024-04-13,GrowOut-C,Farming,Pangasius,Spring,22.1,Cloudy,0.0,7.7,0.16,9.2,0,9083,84.9,808.5,8357,522,213,1564188,-3217,Medium,No
2024-04-14,GrowOut-C,Farming,Pangasius,Spring,23.1,Partly Cloudy,0.0,7.5,0.18,9.6,0,9083,100.8,972.8,9599,765,215,1899728,-2912,Medium,No
2024-04-15,GrowOut-C,Farming,Pangasius,Spring,24.9,Partly Cloudy,0.0,7.8,0.16,9.4,1,9082,99.4,888.2,11067,526,212,1710314,330,Medium,No
2024-04-16,GrowOut-C,Farming,Pangasius,Spring,24.3,Cloudy,0.0,7.6,0.21,9.1,0,9082,124.0,1102.8,14179,450,221,2213454,-3915,High,No
2024-04-17,GrowOut-C,Farming,Pangasius,Spring,26.9,Sunny,0.0,7.6,0.22,9.2,0,9082,137.3,1273.4,13335,596,210,2428654,-4237,High,No
2024-04-18,GrowOut-C,Farming,Pangasius,Spring,23.1,Partly Cloudy,0.0,7.4,0.16,9.9,0,9082,93.8,859.6,10043,673,205,1600412,-9339,Medium,No
2024-04-19,GrowOut-C,Farming,Pangasius,Spring,23.0,Sunny,0.0,7.3,0.22,10.2,0,9082,121.2,1130.9,13313,461,218,2239042,2722,High,No
2024-04-20,GrowOut-C,Farming,Pangasius,Spring,22.6,Cloudy,0.0,7.3,0.2,9.6,1,9081,124.6,1144.3,13764,499,216,2244787,-920,High,No
2024-04-21,GrowOut-C,Farming,Pangasius,Spring,25.4,Partly Cloudy,0.0,8.0,0.2,9.3,0,9081,128.6,1113.7,13687,879,208,2103610,-4113,High,No
2024-04-22,GrowOut-C,Farming,Pangasius,Spring,25.2,Partly Cloudy,0.0,7.4,0.23,8.8,0,9081,140.5,1231.5,13608,690,220,2460315,-955,High,No
2024-04-23,GrowOut-C,Farming,Pangasius,Spring,23.8,Partly Cloudy,0.0,7.1,0.19,10.0,0,9081,111.0,1045.2,12483,612,215,2040664,-11236,Medium,No
2024-04-24,GrowOut-C,Farming,Pangasius,Spring,24.3,Cloudy,0.0,7.3,0.18,9.4,1,9080,97.7,933.9,10657,531,209,1772476,-5037,Medium,No
2024-04-25,GrowOut-C,Farming,Pangasius,Spring,25.6,Partly Cloudy,0.0,7.5,0.17,8.8,1,9079,110.8,1062.7,10636,555,227,2190395,2649,High,No
2024-04-26,GrowOut-C,Farming,Pangasius,Spring,22.6,Cloudy,0.0,6.9,0.16,10.0,0,9079,98.4,873.5,10787,517,213,1689198,-10307,Medium,No
2024-04-27,GrowOut-C,Farming,Pangasius,Spring,25.0,Cloudy,0.0,7.5,0.19,9.6,1,9078,125.3,1106.7,11994,574,214,2150214,150,High,No
2024-04-28,GrowOut-C,Farming,Pangasius,Spring,23.5,Sunny,0.0,7.2,0.18,9.3,2,9076,109.3,997.0,11137,898,215,1945915,-7361,Medium,No
2024-04-29,GrowOut-C,Farming,Pangasius,Spring,26.0,Sunny,0.0,7.3,0.2,9.6,0,9076,131.4,1121.4,12796,702,212,2157699,-9394,High,No
2024-04-30,GrowOut-C,Farming,Pangasius,Spring,27.2,Sunny,0.0,7.5,0.18,9.1,0,9076,113.5,985.3,12233,459,214,1913713,-235,Medium,No
2024-05-01,GrowOut-C,Farming,Pangasius,Spring,24.7,Sunny,0.0,7.7,0.22,8.9,1,9075,146.9,1253.0,15200,567,213,2422285,-4632,High,No
2024-05-02,GrowOut-C,Farming,Pangasius,Spring,27.7,Partly Cloudy,0.0,7.5,0.21,8.5,0,9075,128.4,1124.8,14085,580,209,2133380,-2344,High,No
2024-05-03,GrowOut-C,Farming,Pangasius,Spring,24.0,Partly Cloudy,0.0,7.6,0.17,9.5,1,9074,124.9,1066.9,12095,739,216,2091337,-6760,High,No
2024-05-04,GrowOut-C,Farming,Pangasius,Spring,25.2,Cloudy,0.0,7.3,0.28,9.4,0,9074,137.3,1321.3,14164,800,216,2589727,-8446,High,No
2024-05-05,GrowOut-C,Farming,Pangasius,Spring,25.4,Cloudy,0.0,7.1,0.23,9.5,2,9072,125.7,1108.5,13925,613,224,2253110,-8803,High,No
2024-05-06,GrowOut-C,Farming,Pangasius,Spring,27.3,Partly Cloudy,0.0,7.4,0.21,8.6,0,9072,124.3,1099.6,11972,621,212,2114821,2152,High,No
2024-05-07,GrowOut-C,Farming,Pangasius,Spring,26.2,Cloudy,0.0,7.5,0.24,9.0,0,9072,144.8,1248.4,16442,681,208,2355701,-3322,High,No
2024-05-08,GrowOut-C,Farming,Pangasius,Spring,24.9,Partly Cloudy,0.0,7.1,0.23,9.0,1,9071,116.2,1135.5,12344,835,216,2225071,2807,High,No
2024-05-09,GrowOut-C,Farming,Pangasius,Spring,28.7,Partly Cloudy,0.0,7.7,0.26,8.7,0,9071,143.0,1383.2,15387,835,214,2685060,-5294,High,No
2024-05-10,GrowOut-C,Farming,Pangasius,Spring,25.9,Partly Cloudy,0.0,7.5,0.23,9.4,0,9071,147.3,1387.3,15518,558,217,2730771,2877,High,No
2024-05-11,GrowOut-C,Farming,Pangasius,Spring,25.7,Partly Cloudy,0.0,7.3,0.21,9.0,2,9069,130.7,1154.6,12428,679,218,2283196,-7000,High,No
2024-05-12,GrowOut-C,Farming,Pangasius,Spring,26.0,Sunny,0.0,7.8,0.26,9.5,0,9069,155.4,1325.0,17161,725,219,2631597,-3577,High,No
2024-05-13,GrowOut-C,Farming,Pangasius,Spring,27.9,Cloudy,0.0,7.6,0.2,8.6,0,9069,129.0,1159.1,14772,644,223,2344149,-2552,High,No
2024-05-14,GrowOut-C,Farming,Pangasius,Spring,28.2,Cloudy,0.0,7.4,0.21,8.9,3,9066,124.3,1068.9,13609,588,215,2084179,-12262,High,No
2024-05-15,GrowOut-C,Farming,Pangasius,Spring,27.8,Cloudy,0.0,7.4,0.2,9.6,0,9066,119.7,1052.3,12016,659,211,2012972,-19,High,No
2024-05-16,GrowOut-C,Farming,Pangasius,Spring,27.3,Sunny,0.0,7.4,0.2,8.9,1,9065,135.3,1243.7,15337,791,203,2288903,6595,High,Yes
2024-05-17,GrowOut-C,Farming,Pangasius,Spring,26.9,Sunny,0.0,7.5,0.23,9.2,1,9064,153.1,1333.4,17345,671,219,2647112,29643,High,Yes
2024-05-18,GrowOut-C,Farming,Pangasius,Spring,26.7,Cloudy,0.0,7.5,0.21,9.2,0,9064,134.9,1150.1,15303,750,219,2282967,19802,High,Yes
2024-05-19,GrowOut-C,Farming,Pangasius,Spring,28.3,Sunny,0.0,7.8,0.25,8.5,1,9063,154.4,1333.0,15970,601,223,2694356,7979,High,Yes
2024-05-20,GrowOut-C,Farming,Pangasius,Spring,28.1,Sunny,0.0,7.5,0.24,8.4,2,9061,142.2,1373.5,15318,585,208,2589190,4979,High,Yes
2024-05-21,GrowOut-C,Farming,Pangasius,Spring,25.6,Sunny,0.0,7.1,0.24,9.5,3,9058,162.2,1397.9,16089,552,218,2761269,9798,High,Yes
2024-05-22,GrowOut-C,Farming,Pangasius,Spring,28.7,Partly Cloudy,0.0,8.0,0.23,8.5,2,9056,159.0,1382.0,17289,758,224,2804067,10872,High,Yes
2024-05-23,GrowOut-C,Farming,Pangasius,Spring,27.6,Partly Cloudy,0.0,7.4,0.23,9.1,1,9055,152.8,1342.6,15526,485,212,2577620,26094,High,Yes
2024-05-24,GrowOut-C,Farming,Pangasius,Spring,30.9,Sunny,0.0,7.4,0.2,7.4,3,9052,134.4,1232.0,13716,463,209,2331554,8053,High,Yes
2024-05-25,GrowOut-C,Farming,Pangasius,Spring,27.4,Partly Cloudy,0.0,7.7,0.2,8.8,0,9052,132.5,1131.9,13288,698,217,2223373,20767,High,Yes
2024-05-26,GrowOut-C,Farming,Pangasius,Spring,28.4,Sunny,0.0,7.0,0.29,8.5,1,9051,174.2,1492.0,18960,686,221,2984734,11528,High,Yes
2024-05-27,GrowOut-C,Farming,Pangasius,Spring,26.8,Sunny,0.0,7.2,0.24,8.7,0,9051,137.4,1289.3,14011,604,221,2578949,13767,High,Yes
2024-05-28,GrowOut-C,Farming,Pangasius,Spring,28.7,Partly Cloudy,0.0,7.6,0.27,8.7,0,9051,161.0,1584.7,17948,732,215,3083771,13783,High,Yes
2024-05-29,GrowOut-C,Farming,Pangasius,Spring,28.7,Sunny,0.0,7.3,0.19,8.1,0,9051,118.8,1126.3,13479,605,217,2212129,11347,High,Yes
2024-05-30,GrowOut-C,Farming,Pangasius,Spring,29.9,Cloudy,0.2,6.6,0.24,7.7,1,9050,134.0,1271.4,12814,794,216,2485607,20074,High,Yes
2024-05-31,GrowOut-C,Farming,Pangasius,Spring,28.3,Cloudy,0.6,7.1,0.26,7.8,1,9049,152.0,1503.0,15047,649,232,3155699,12571,High,Yes
2024-06-01,GrowOut-C,Farming,Pangasius,Monsoon,29.4,Sunny,0.2,7.4,0.26,7.8,0,9049,177.1,1566.0,19766,619,218,3089220,30355,High,Yes
2024-06-02,GrowOut-C,Farming,Pangasius,Monsoon,29.4,Cloudy,0.5,7.6,0.23,8.9,2,9047,129.1,1211.3,14544,528,217,2378549,4143,High,Yes
2024-06-03,GrowOut-C,Farming,Pangasius,Monsoon,29.2,Partly Cloudy,0.5,7.3,0.23,8.4,0,9047,160.7,1386.9,17785,649,214,2685119,3139,High,Yes
2024-06-04,GrowOut-C,Farming,Pangasius,Monsoon,28.2,Cloudy,0.5,7.7,0.26,8.5,1,9046,157.0,1554.8,15650,722,208,2925785,14837,High,Yes
2024-06-05,GrowOut-C,Farming,Pangasius,Monsoon,28.0,Sunny,1.7,7.2,0.24,8.7,0,9046,154.3,1544.9,17590,646,217,3032611,39565,High,Yes
2024-06-06,GrowOut-C,Farming,Pangasius,Monsoon,27.9,Partly Cloudy,4.0,7.6,0.22,9.0,2,9044,139.5,1256.2,15264,820,215,2443171,6897,High,Yes
2024-06-07,GrowOut-C,Farming,Pangasius,Monsoon,30.4,Sunny,3.0,7.6,0.27,7.4,1,9043,172.8,1663.2,17863,552,216,3249068,10452,High,Yes
2024-06-08,GrowOut-C,Farming,Pangasius,Monsoon,31.7,Sunny,2.5,7.6,0.3,7.5,3,9040,186.8,1718.7,20666,823,210,3263863,39902,High,Yes
2024-06-09,GrowOut-C,Farming,Pangasius,Monsoon,28.5,Cloudy,2.9,7.3,0.24,9.2,1,9039,168.7,1578.4,17188,871,215,3067778,16351,High,Yes
2024-06-10,GrowOut-C,Farming,Pangasius,Monsoon,31.7,Sunny,4.7,7.4,0.21,7.6,2,9037,134.8,1237.0,15006,630,212,2370424,4066,High,Yes
2024-06-11,GrowOut-C,Farming,Pangasius,Monsoon,30.3,Sunny,0.9,7.6,0.25,7.8,1,9036,167.8,1469.6,16738,561,216,2868647,21542,High,Yes
2024-06-12,GrowOut-C,Farming,Pangasius,Monsoon,31.1,Hot,4.7,7.4,0.26,8.1,1,9035,145.4,1457.1,15576,479,217,2857099,17223,High,Yes
2024-06-13,GrowOut-C,Farming,Pangasius,Monsoon,30.9,Sunny,3.3,7.2,0.29,8.5,0,9035,184.0,1621.9,18194,488,217,3179889,32674,High,Yes
2024-06-14,GrowOut-C,Farming,Pangasius,Monsoon,29.9,Cloudy,1.6,7.4,0.25,8.9,2,9033,155.1,1332.5,16642,551,212,2552297,4801,High,Yes
2024-06-15,GrowOut-C,Farming,Pangasius,Monsoon,29.8,Sunny,4.5,7.3,0.27,8.1,0,9033,167.7,1536.2,18160,713,215,2983446,8549,High,Yes
2024-06-16,GrowOut-C,Farming,Pangasius,Monsoon,29.9,Cloudy,3.5,7.2,0.41,6.5,26,9007,139.3,1243.0,15877,871,214,2402796,5303,High,Yes
2024-06-17,GrowOut-C,Farming,Pangasius,Monsoon,29.8,Cloudy,5.2,6.8,0.3,8.3,0,9007,176.9,1584.2,17561,523,209,2982198,35586,High,Yes
2024-06-18,GrowOut-C,Farming,Pangasius,Monsoon,31.1,Sunny,2.7,7.7,0.27,7.6,0,9007,168.6,1585.7,16198,677,211,3013586,36457,High,Yes
2024-06-19,GrowOut-C,Farming,Pangasius,Monsoon,32.0,Rainy,6.3,6.6,0.21,7.7,2,9005,137.2,1299.9,13710,705,214,2505555,29010,High,Yes
2024-06-20,GrowOut-C,Farming,Pangasius,Monsoon,33.2,Cloudy,6.1,7.2,0.27,7.7,1,9004,149.0,1336.0,16473,501,216,2598627,14782,High,Yes
2024-06-21,GrowOut-C,Farming,Pangasius,Monsoon,33.4,Hot,0.3,7.6,0.23,7.8,3,9001,171.8,1493.0,17324,833,211,2836467,24638,High,Yes
2024-06-22,GrowOut-C,Farming,Pangasius,Monsoon,31.5,Rainy,6.6,7.7,0.24,7.9,0,9001,144.4,1418.1,14452,593,208,2654978,31755,High,Yes
2024-06-23,GrowOut-C,Farming,Pangasius,Monsoon,30.8,Sunny,2.6,7.6,0.21,8.5,0,9001,132.0,1202.5,13536,813,209,2262154,18513,High,Yes
2024-06-24,GrowOut-C,Farming,Pangasius,Monsoon,30.8,Rainy,11.4,7.4,0.34,7.7,1,9000,194.6,1700.1,19692,606,216,3305362,12636,High,Yes
2024-06-25,GrowOut-C,Farming,Pangasius,Monsoon,32.4,Cloudy,5.2,7.6,0.25,8.5,1,8999,155.0,1499.7,15954,557,210,2834433,6784,High,Yes
2024-06-26,GrowOut-C,Farming,Pangasius,Monsoon,30.4,Sunny,0.7,7.5,0.26,7.6,1,8998,178.0,1537.6,17642,634,216,2988762,21199,High,Yes
2024-06-27,GrowOut-C,Farming,Pangasius,Monsoon,30.6,Hot,1.2,7.7,0.23,7.4,0,8998,147.5,1386.7,16110,516,210,2620281,16660,High,Yes
2024-06-28,GrowOut-C,Farming,Pangasius,Monsoon,30.0,Rainy,14.4,7.7,0.21,9.2,0,8998,133.5,1204.4,14899,749,206,2232461,6177,High,Yes
2024-06-29,GrowOut-C,Farming,Pangasius,Monsoon,33.3,Sunny,3.7,7.2,0.3,7.2,1,8997,169.2,1702.0,16899,576,215,3292638,12578,High,Yes
2024-06-30,GrowOut-C,Farming,Pangasius,Monsoon,33.4,Cloudy,9.0,7.4,0.4,5.3,11,8986,133.2,1324.9,13104,808,214,2550907,7083,High,Yes
2024-07-01,GrowOut-C,Farming,Pangasius,Monsoon,32.5,Sunny,3.9,7.3,0.0,8.0,3,11250,5.9,30.4,622,776,215,73550,-1965,Low,No
2024-07-02,GrowOut-C,Farming,Pangasius,Monsoon,31.3,Cloudy,5.1,7.2,0.03,8.3,0,11250,7.9,37.6,840,750,214,90522,-1377,Low,No
2024-07-03,GrowOut-C,Farming,Pangasius,Monsoon,32.8,Cloudy,6.8,7.8,0.05,7.8,1,11249,11.6,56.1,1241,660,209,131905,-1944,Low,No
2024-07-04,GrowOut-C,Farming,Pangasius,Monsoon,30.5,Cloudy,12.2,7.3,0.04,7.6,2,11247,9.1,46.8,898,469,208,109502,-1720,Low,No
2024-07-05,GrowOut-C,Farming,Pangasius,Monsoon,30.9,Hot,2.0,7.1,0.04,8.6,0,11247,12.2,64.2,1171,663,212,153076,-1400,Low,No
2024-07-06,GrowOut-C,Farming,Pangasius,Monsoon,30.4,Hot,3.9,7.1,0.02,8.5,1,11246,10.5,50.5,1180,462,204,115867,-1851,Low,No
2024-07-07,GrowOut-C,Farming,Pangasius,Monsoon,31.9,Hot,2.1,7.2,0.04,8.7,1,11245,9.6,44.3,913,617,209,104123,-2329,Low,No
2024-07-08,GrowOut-C,Farming,Pangasius,Monsoon,33.7,Rainy,8.3,7.6,0.03,7.8,0,11245,12.1,60.6,1223,567,210,143104,-1798,Low,No
2024-07-09,GrowOut-C,Farming,Pangasius,Monsoon,29.3,Cloudy,12.7,7.4,0.0,9.0,1,11244,9.6,51.1,977,820,213,122394,-2329,Low,No
2024-07-10,GrowOut-C,Farming,Pangasius,Monsoon,32.2,Cloudy,8.9,7.2,0.01,8.0,1,11243,11.4,60.9,1185,758,208,142430,-1434,Low,No
2024-07-11,GrowOut-C,Farming,Pangasius,Monsoon,34.5,Cloudy,5.2,7.4,0.06,7.6,0,11243,11.9,57.8,1188,609,206,133868,-1846,Low,No
2024-07-12,GrowOut-C,Farming,Pangasius,Monsoon,32.5,Hot,3.9,7.4,0.03,7.4,1,11242,14.9,68.7,1647,695,219,169154,-3305,Low,No
2024-07-13,GrowOut-C,Farming,Pangasius,Monsoon,32.0,Cloudy,6.3,6.9,0.04,8.0,2,11240,13.7,63.4,1355,831,215,153240,-2257,Low,No
2024-07-14,GrowOut-C,Farming,Pangasius,Monsoon,33.6,Cloudy,10.2,7.2,0.06,7.6,1,11239,14.2,73.0,1556,548,217,178053,-1641,Low,No
2024-07-15,GrowOut-C,Farming,Pangasius,Monsoon,30.6,Cloudy,5.5,7.8,0.04,8.3,0,11239,9.2,44.9,930,804,215,108496,-2443,Low,No
2024-07-16,GrowOut-C,Farming,Pangasius,Monsoon,32.4,Cloudy,7.3,7.3,0.02,7.3,2,11237,12.3,58.3,1169,878,213,139565,-2150,Low,No
2024-07-17,GrowOut-C,Farming,Pangasius,Monsoon,34.5,Cloudy,6.7,7.1,0.04,7.5,2,11235,13.7,70.0,1383,732,211,165970,-1818,Low,No
2024-07-18,GrowOut-C,Farming,Pangasius,Monsoon,31.4,Cloudy,15.4,7.0,0.02,8.5,2,11233,14.2,69.3,1462,689,204,158831,-2393,Low,No
2024-07-19,GrowOut-C,Farming,Pangasius,Monsoon,33.3,Cloudy,16.7,7.4,0.05,7.9,1,11232,12.3,62.8,1230,591,210,148141,-1411,Low,No
2024-07-20,GrowOut-C,Farming,Pangasius,Monsoon,31.7,Hot,4.0,7.8,0.02,7.8,1,11231,16.6,82.2,1885,547,213,196657,-2230,Low,No
2024-07-21,GrowOut-C,Farming,Pangasius,Monsoon,33.1,Sunny,1.4,7.2,0.05,8.2,2,11229,13.7,65.2,1362,757,212,155239,-2410,Low,No
2024-07-22,GrowOut-C,Farming,Pangasius,Monsoon,33.2,Cloudy,15.5,7.1,0.05,7.6,0,11229,20.2,95.6,1951,605,208,223286,-3248,Low,No
2024-07-23,GrowOut-C,Farming,Pangasius,Monsoon,34.2,Rainy,10.1,7.9,0.03,7.8,1,11228,18.7,88.7,2131,501,208,207171,-3041,Low,No
2024-07-24,GrowOut-C,Farming,Pangasius,Monsoon,30.3,Heavy Rain,27.4,7.3,0.03,8.5,0,11228,15.5,77.3,1559,470,216,187472,-2246,Low,No
2024-07-25,GrowOut-C,Farming,Pangasius,Monsoon,30.2,Rainy,11.6,7.3,0.05,8.2,0,11228,18.7,97.0,1945,508,207,225447,-2144,Low,No
2024-07-26,GrowOut-C,Farming,Pangasius,Monsoon,32.1,Sunny,1.7,7.6,0.03,7.6,0,11228,15.4,76.5,1628,651,209,179519,-1926,Low,No
2024-07-27,GrowOut-C,Farming,Pangasius,Monsoon,31.8,Cloudy,10.9,7.6,0.01,8.5,2,11226,17.2,87.1,1799,755,215,210261,-2180,Low,No
2024-07-28,GrowOut-C,Farming,Pangasius,Monsoon,31.6,Hot,4.0,7.7,0.04,8.9,1,11225,19.0,96.1,1913,726,205,221158,-2328,Low,No
2024-07-29,GrowOut-C,Farming,Pangasius,Monsoon,33.0,Cloudy,24.1,7.3,0.0,7.9,0,11225,14.1,69.9,1370,506,211,165556,-1562,Low,No
2024-07-30,GrowOut-C,Farming,Pangasius,Monsoon,30.9,Cloudy,17.6,7.5,0.03,8.2,2,11223,21.5,105.8,2196,782,204,242271,-2451,Low,No
2024-07-31,GrowOut-C,Farming,Pangasius,Monsoon,30.8,Cloudy,33.3,7.6,0.03,8.0,1,11222,17.2,89.5,1967,645,203,203905,-2811,Low,No
2024-08-01,GrowOut-C,Farming,Pangasius,Monsoon,33.9,Cloudy,10.7,7.5,0.05,8.1,0,11222,17.6,85.0,2022,540,209,199359,-2424,Low,No
2024-08-02,GrowOut-C,Farming,Pangasius,Monsoon,32.0,Cloudy,9.6,7.1,0.03,7.9,1,11221,25.6,119.7,2612,818,210,282087,-2398,Low,No
2024-08-03,GrowOut-C,Farming,Pangasius,Monsoon,30.8,Cloudy,5.9,7.7,0.03,8.4,0,11221,15.6,81.9,1672,548,212,194828,-2396,Low,No
2024-08-04,GrowOut-C,Farming,Pangasius,Monsoon,31.6,Rainy,8.3,7.7,0.04,7.8,0,11221,15.4,78.9,1528,834,199,176182,-2385,Low,No
2024-08-05,GrowOut-C,Farming,Pangasius,Monsoon,30.8,Sunny,2.8,7.1,0.03,8.6,0,11221,20.7,98.0,2036,471,208,228729,-2928,Low,No
2024-08-06,GrowOut-C,Farming,Pangasius,Monsoon,31.9,Rainy,13.9,7.2,0.06,8.4,0,11221,22.8,109.4,2391,535,200,245515,-2384,Low,No
2024-08-07,GrowOut-C,Farming,Pangasius,Monsoon,30.7,Sunny,4.9,7.5,0.03,7.7,0,11221,21.5,114.3,2340,640,210,269338,-1521,Low,No
2024-08-08,GrowOut-C,Farming,Pangasius,Monsoon,32.8,Rainy,16.5,6.9,0.03,7.8,1,11220,21.1,102.0,2227,570,215,246077,-1489,Low,No
2024-08-09,GrowOut-C,Farming,Pangasius,Monsoon,34.1,Rainy,17.9,7.4,0.04,7.5,0,11220,21.7,100.4,2086,664,203,228677,-1926,Low,No
2024-08-10,GrowOut-C,Farming,Pangasius,Monsoon,31.7,Hot,4.0,7.3,0.04,8.8,0,11220,18.1,94.2,1902,604,201,212442,-1581,Low,No
2024-08-11,GrowOut-C,Farming,Pangasius,Monsoon,29.3,Rainy,8.4,7.6,0.05,8.6,2,11218,22.6,108.7,2395,824,199,242703,-2514,Low,No
2024-08-12,GrowOut-C,Farming,Pangasius,Monsoon,33.1,Cloudy,11.1,7.9,0.02,7.8,2,11216,31.2,154.4,3358,515,219,379321,-1959,Low,No
2024-08-13,GrowOut-C,Farming,Pangasius,Monsoon,31.1,Cloudy,5.2,7.4,0.04,8.4,2,11214,19.9,106.6,1918,720,193,230756,-3067,Low,No
2024-08-14,GrowOut-C,Farming,Pangasius,Monsoon,32.4,Cloudy,28.8,7.4,0.02,8.3,2,11212,28.4,150.8,3118,892,207,350052,-2794,Low,No
2024-08-15,GrowOut-C,Farming,Pangasius,Monsoon,30.4,Cloudy,10.8,7.5,0.02,8.4,0,11212,26.0,135.3,2940,498,199,301880,-1961,Low,No
2024-08-16,GrowOut-C,Farming,Pangasius,Monsoon,32.4,Rainy,19.7,7.7,0.02,8.1,3,11209,28.7,133.2,3126,628,191,285247,-3059,Low,No
2024-08-17,GrowOut-C,Farming,Pangasius,Monsoon,31.8,Cloudy,5.4,7.9,0.03,8.4,1,11208,23.7,114.2,2594,700,205,262414,-3127,Low,No
2024-08-18,GrowOut-C,Farming,Pangasius,Monsoon,30.2,Cloudy,10.8,7.6,0.04,8.7,0,11208,25.9,124.8,2773,454,202,282549,-2350,Low,No
2024-08-19,GrowOut-C,Farming,Pangasius,Monsoon,31.0,Hot,1.3,7.0,0.05,8.8,1,11207,25.9,135.8,2862,730,212,322674,-2809,Low,No
2024-08-20,GrowOut-C,Farming,Pangasius,Monsoon,31.6,Hot,2.6,7.6,0.03,8.3,0,11207,28.3,141.8,2993,511,202,321009,-1612,Low,No
2024-08-21,GrowOut-C,Farming,Pangasius,Monsoon,30.8,Rainy,10.9,7.2,0.07,7.7,0,11207,29.6,148.0,3170,529,203,336703,-2586,Low,No
2024-08-22,GrowOut-C,Farming,Pangasius,Monsoon,31.7,Rainy,7.0,7.4,0.05,8.6,1,11206,31.5,147.3,3576,638,206,340063,-4441,Low,No
2024-08-23,GrowOut-C,Farming,Pangasius,Monsoon,29.6,Rainy,14.9,6.9,0.05,8.5,0,11206,27.9,134.0,2758,643,206,309330,-2285,Low,No
2024-08-24,GrowOut-C,Farming,Pangasius,Monsoon,31.1,Rainy,18.0,7.2,0.05,7.4,1,11205,24.4,130.3,2663,889,202,294949,-2281,Low,No
2024-08-25,GrowOut-C,Farming,Pangasius,Monsoon,30.1,Hot,4.0,7.5,0.06,7.9,3,11202,31.2,145.5,3071,833,207,337478,-3820,Low,No
2024-08-26,GrowOut-C,Farming,Pangasius,Monsoon,29.9,Cloudy,2.1,7.3,0.07,8.6,0,11202,29.9,153.0,3272,815,194,332498,-3058,Low,No
2024-08-27,GrowOut-C,Farming,Pangasius,Monsoon,31.4,Rainy,22.0,7.7,0.06,8.1,0,11202,30.8,150.6,3119,856,206,347526,-1755,Low,No
2024-08-28,GrowOut-C,Farming,Pangasius,Monsoon,27.8,Rainy,5.8,7.4,0.09,9.5,0,11202,39.8,183.1,3995,583,206,422524,-3716,Low,No
2024-08-29,GrowOut-C,Farming,Pangasius,Monsoon,30.4,Hot,4.6,7.1,0.04,8.4,1,11201,34.3,167.9,3280,762,207,389329,-1899,Low,No
2024-08-30,GrowOut-C,Farming,Pangasius,Monsoon,27.5,Cloudy,7.1,7.0,0.04,8.4,1,11200,27.7,136.8,2875,608,201,307992,-2268,Low,No
2024-08-31,GrowOut-C,Farming,Pangasius,Monsoon,28.9,Rainy,11.8,7.0,0.09,8.3,1,11199,37.7,173.6,4077,891,197,383031,-2557,Low,No
2024-09-01,GrowOut-C,Farming,Pangasius,Monsoon,31.2,Rainy,13.9,7.7,0.05,7.9,1,11198,35.1,207.3,3407,673,203,471275,-1957,Low,No
2024-09-02,GrowOut-C,Farming,Pangasius,Monsoon,28.7,Rainy,12.2,7.1,0.07,8.8,0,11198,37.7,211.5,3823,824,201,476044,-3508,Low,No
2024-09-03,GrowOut-C,Farming,Pangasius,Monsoon,29.1,Cloudy,5.8,6.9,0.09,8.3,2,11196,36.9,218.0,3966,679,192,468703,-4633,Low,No
2024-09-04,GrowOut-C,Farming,Pangasius,Monsoon,28.2,Rainy,18.1,7.7,0.05,8.2,0,11196,39.9,198.5,3847,739,194,431147,-3523,Low,No
2024-09-05,GrowOut-C,Farming,Pangasius,Monsoon,28.7,Cloudy,8.0,7.4,0.06,8.8,0,11196,36.4,167.6,4179,466,193,362155,-5019,Low,No
2024-09-06,GrowOut-C,Farming,Pangasius,Monsoon,30.5,Cloudy,10.2,7.4,0.06,8.4,3,11193,35.8,201.4,3818,871,196,441955,-3024,Low,No
2024-09-07,GrowOut-C,Farming,Pangasius,Monsoon,29.8,Sunny,4.2,7.5,0.06,8.5,1,11192,36.3,202.0,3839,492,196,443153,-4056,Low,No
2024-09-08,GrowOut-C,Farming,Pangasius,Monsoon,31.4,Rainy,12.0,6.7,0.07,7.5,1,11191,38.3,231.7,4216,724,202,523824,-1568,Low,No
2024-09-09,GrowOut-C,Farming,Pangasius,Monsoon,27.7,Rainy,11.1,7.3,0.03,9.8,0,11191,34.6,211.5,3481,734,206,487581,-3076,Low,No
2024-09-10,GrowOut-C,Farming,Pangasius,Monsoon,29.7,Stormy,28.2,7.3,0.06,8.6,1,11190,33.1,208.0,3637,572,190,442268,-3538,Low,No
2024-09-11,GrowOut-C,Farming,Pangasius,Monsoon,27.1,Partly Cloudy,1.8,7.7,0.08,8.1,0,11190,31.6,204.2,3147,557,200,457000,-2148,Low,No
2024-09-12,GrowOut-C,Farming,Pangasius,Monsoon,28.4,Rainy,8.5,7.1,0.07,8.8,1,11189,44.0,259.2,4515,856,198,574289,-2315,Low,No
2024-09-13,GrowOut-C,Farming,Pangasius,Monsoon,29.2,Cloudy,6.7,7.3,0.08,8.9,1,11188,41.3,240.0,4161,578,197,529016,-3073,Low,No
2024-09-14,GrowOut-C,Farming,Pangasius,Monsoon,29.7,Cloudy,10.7,7.4,0.05,8.2,0,11188,47.9,273.6,5082,605,199,609146,-4591,Low,No
2024-09-15,GrowOut-C,Farming,Pangasius,Monsoon,28.2,Cloudy,18.6,7.1,0.05,8.8,0,11188,43.2,267.7,4849,523,197,590020,-2238,Low,No
2024-09-16,GrowOut-C,Farming,Pangasius,Monsoon,28.7,Cloudy,5.2,7.7,0.08,8.8,0,11188,46.8,262.4,5308,830,199,584211,-6606,Low,No
2024-09-17,GrowOut-C,Farming,Pangasius,Monsoon,27.9,Cloudy,7.6,7.7,0.07,8.5,0,11188,44.9,258.8,5128,578,197,570405,-4261,Low,No
2024-09-18,GrowOut-C,Farming,Pangasius,Monsoon,27.5,Rainy,16.7,7.4,0.07,8.8,2,11186,46.0,258.6,4672,566,198,572857,-1774,Low,No
2024-09-19,GrowOut-C,Farming,Pangasius,Monsoon,29.4,Rainy,12.5,7.7,0.07,9.2,1,11185,35.3,207.5,3917,603,191,443329,-2707,Low,No
2024-09-20,GrowOut-C,Farming,Pangasius,Monsoon,26.2,Partly Cloudy,0.2,7.7,0.07,8.9,2,11183,34.7,213.6,3494,778,197,470656,-3337,Low,No
2024-09-21,GrowOut-C,Farming,Pangasius,Monsoon,28.8,Cloudy,16.0,7.2,0.06,8.9,3,11180,47.8,281.6,4971,693,193,607783,-4751,Low,No
2024-09-22,GrowOut-C,Farming,Pangasius,Monsoon,30.0,Rainy,7.5,7.5,0.08,9.2,2,11178,49.9,280.5,5439,835,194,608382,-2173,Low,No
2024-09-23,GrowOut-C,Farming,Pangasius,Monsoon,26.7,Cloudy,8.3,7.2,0.09,8.8,1,11177,44.7,257.4,4480,648,193,555303,-4543,Low,No
2024-09-24,GrowOut-C,Farming,Pangasius,Monsoon,26.9,Rainy,7.0,7.3,0.08,9.4,0,11177,46.4,295.1,5291,772,194,639877,-4584,Low,No
2024-09-25,GrowOut-C,Farming,Pangasius,Monsoon,27.3,Partly Cloudy,2.0,7.3,0.07,8.3,1,11176,43.9,264.7,4538,778,197,582835,-2271,Low,No
2024-09-26,GrowOut-C,Farming,Pangasius,Monsoon,28.0,Rainy,10.4,7.1,0.07,8.7,1,11175,44.9,289.1,5113,759,195,630041,-3668,Low,No
2024-09-27,GrowOut-C,Farming,Pangasius,Monsoon,28.8,Cloudy,9.4,7.3,0.09,9.8,0,11175,45.1,272.8,4901,542,196,597514,-4888,Low,No
2024-09-28,GrowOut-C,Farming,Pangasius,Monsoon,28.5,Partly Cloudy,3.1,7.5,0.05,9.0,0,11175,51.0,311.9,5289,683,192,669213,-1386,Low,No
2024-09-29,GrowOut-C,Farming,Pangasius,Monsoon,28.1,Cloudy,11.5,7.6,0.08,8.6,1,11174,48.8,285.0,5266,802,190,605126,-2451,Low,No
2024-09-30,GrowOut-C,Farming,Pangasius,Monsoon,25.5,Cloudy,1.7,7.4,0.11,9.3,1,11173,52.4,301.7,5338,471,194,654012,-2940,Low,No
2024-10-01,GrowOut-C,Farming,Pangasius,Autumn,26.6,Partly Cloudy,5.0,6.9,0.06,8.5,1,11172,52.7,341.5,5465,662,190,724960,-3596,Low,No
2024-10-02,GrowOut-C,Farming,Pangasius,Autumn,25.1,Heavy Rain,38.6,7.4,0.08,8.6,0,11172,51.6,331.9,5030,882,203,752721,-5538,Low,No
2024-10-03,GrowOut-C,Farming,Pangasius,Autumn,26.0,Rainy,12.4,7.4,0.09,9.2,1,11171,55.0,354.1,5490,596,190,751641,-1000,Low,No
2024-10-04,GrowOut-C,Farming,Pangasius,Autumn,26.3,Partly Cloudy,1.8,7.1,0.11,9.1,0,11171,57.7,353.3,6491,585,195,769609,-6930,Low,No
2024-10-05,GrowOut-C,Farming,Pangasius,Autumn,27.5,Cloudy,17.7,7.3,0.11,8.8,1,11170,64.1,364.3,6919,708,200,813919,-3524,Low,No
2024-10-06,GrowOut-C,Farming,Pangasius,Autumn,27.2,Cloudy,36.4,7.5,0.12,8.8,3,11167,63.4,368.8,6271,680,190,782704,-6490,Low,No
2024-10-07,GrowOut-C,Farming,Pangasius,Autumn,24.4,Rainy,16.7,7.3,0.08,9.2,1,11166,40.7,254.8,4488,648,194,551998,-3917,Low,No
2024-10-08,GrowOut-C,Farming,Pangasius,Autumn,26.9,Cloudy,13.7,7.0,0.09,8.9,2,11164,52.6,304.6,5679,451,192,653023,-3040,Low,No
2024-10-09,GrowOut-C,Farming,Pangasius,Autumn,24.8,Cloudy,11.8,7.6,0.09,9.4,4,11160,48.2,277.6,5262,657,187,579537,-4550,Low,No
2024-10-10,GrowOut-C,Farming,Pangasius,Autumn,24.5,Cloudy,6.2,7.2,0.07,9.6,0,11160,45.0,255.3,4570,516,195,555584,-4943,Low,No
2024-10-11,GrowOut-C,Farming,Pangasius,Autumn,23.0,Cloudy,8.2,7.5,0.06,9.8,2,11158,47.1,268.3,4739,733,197,589863,-3682,Low,No
2024-10-12,GrowOut-C,Farming,Pangasius,Autumn,25.3,Cloudy,7.0,7.5,0.09,9.8,0,11158,70.1,394.0,6986,692,200,879250,-1762,Low,No
2024-10-13,GrowOut-C,Farming,Pangasius,Autumn,25.6,Rainy,5.8,7.2,0.1,9.3,0,11158,51.5,320.7,5327,665,196,701361,-2706,Low,No
2024-10-14,GrowOut-C,Farming,Pangasius,Autumn,23.5,Sunny,3.3,7.3,0.09,10.4,0,11158,62.3,349.5,6073,651,196,764345,-1810,Low,No
2024-10-15,GrowOut-C,Farming,Pangasius,Autumn,25.6,Cloudy,16.5,7.1,0.11,9.7,4,11154,63.0,370.8,6836,851,192,794378,-6127,Low,No
2024-10-16,GrowOut-C,Farming,Pangasius,Autumn,24.2,Partly Cloudy,4.2,7.1,0.1,10.0,0,11154,60.1,367.0,5759,726,196,802330,-3701,Low,No
2024-10-17,GrowOut-C,Farming,Pangasius,Autumn,24.6,Cloudy,6.7,7.9,0.1,9.8,1,11153,67.3,416.4,7061,798,197,914972,-3599,Medium,No
2024-10-18,GrowOut-C,Farming,Pangasius,Autumn,23.2,Cloudy,4.3,7.4,0.09,10.3,4,11149,52.5,326.3,5287,676,188,684174,-5158,Low,No
2024-10-19,GrowOut-C,Farming,Pangasius,Autumn,26.2,Partly Cloudy,4.0,7.4,0.11,9.4,1,11148,71.3,447.0,7429,564,190,946885,-2330,Medium,No
2024-10-20,GrowOut-C,Farming,Pangasius,Autumn,24.6,Sunny,3.5,7.5,0.09,9.9,1,11147,67.8,385.4,7197,577,194,833509,-2323,Low,No
2024-10-21,GrowOut-C,Farming,Pangasius,Autumn,24.4,Sunny,0.8,7.7,0.14,9.5,0,11147,74.8,469.6,7805,486,198,1036457,-4836,Medium,No
2024-10-22,GrowOut-C,Farming,Pangasius,Autumn,22.3,Rainy,20.3,7.1,0.08,10.7,1,11146,57.5,343.9,6330,795,195,747523,-3179,Low,No
2024-10-23,GrowOut-C,Farming,Pangasius,Autumn,25.8,Rainy,10.2,7.4,0.14,8.0,3,11143,82.1,461.5,7853,773,196,1008200,-2395,Medium,No
2024-10-24,GrowOut-C,Farming,Pangasius,Autumn,21.2,Rainy,7.3,7.7,0.08,10.1,1,11142,69.2,400.8,7068,678,198,884291,-2698,Low,No
2024-10-25,GrowOut-C,Farming,Pangasius,Autumn,23.1,Cloudy,12.2,7.4,0.12,9.8,3,11139,62.1,375.2,7090,600,204,852818,-5186,Low,No
2024-10-26,GrowOut-C,Farming,Pangasius,Autumn,22.6,Sunny,4.2,7.7,0.08,9.5,0,11139,61.7,370.2,6109,755,195,804113,-4907,Low,No
2024-10-27,GrowOut-C,Farming,Pangasius,Autumn,22.5,Rainy,8.0,7.3,0.14,9.6,2,11137,75.5,428.8,8186,456,195,931399,-8651,Medium,No
2024-10-28,GrowOut-C,Farming,Pangasius,Autumn,22.6,Cloudy,9.1,7.6,0.09,9.9,0,11137,51.4,319.9,5640,482,193,687606,-5206,Low,No
2024-10-29,GrowOut-C,Farming,Pangasius,Autumn,21.6,Partly Cloudy,2.4,6.8,0.1,9.4,0,11137,72.0,408.6,7361,640,195,887363,-3667,Medium,No
2024-10-30,GrowOut-C,Farming,Pangasius,Autumn,19.9,Cloudy,3.0,7.2,0.1,10.8,2,11135,50.2,380.9,5170,591,198,839932,-4693,Low,No
2024-10-31,GrowOut-C,Farming,Pangasius,Autumn,21.6,Sunny,2.2,7.4,0.1,9.2,1,11134,79.0,444.2,7845,883,190,939772,-2682,Medium,No
2024-11-01,GrowOut-C,Farming,Pangasius,Autumn,23.6,Partly Cloudy,1.4,7.5,0.12,9.4,1,11133,79.4,446.9,8030,652,193,960326,-8241,Medium,No
2024-11-02,GrowOut-C,Farming,Pangasius,Autumn,21.5,Cloudy,4.2,7.1,0.15,10.5,0,11133,83.8,469.8,8777,450,194,1014675,-5871,Medium,No
2024-11-03,GrowOut-C,Farming,Pangasius,Autumn,24.1,Cloudy,8.6,6.8,0.14,9.4,1,11132,82.7,465.0,9150,623,193,999131,-8850,Medium,No
2024-11-04,GrowOut-C,Farming,Pangasius,Autumn,21.6,Cloudy,2.1,7.6,0.1,9.6,1,11131,62.9,357.1,6143,632,190,755295,-3735,Low,No
2024-11-05,GrowOut-C,Farming,Pangasius,Autumn,21.0,Rainy,5.3,7.3,0.1,9.5,0,11131,73.2,423.7,7358,524,188,886646,-3141,Medium,No
2024-11-06,GrowOut-C,Farming,Pangasius,Autumn,23.5,Sunny,2.9,7.9,0.14,9.3,1,11130,91.9,537.9,9072,640,194,1161549,-2088,Medium,No
2024-11-07,GrowOut-C,Farming,Pangasius,Autumn,22.1,Cloudy,6.1,7.5,0.09,10.2,0,11130,67.3,434.2,6719,691,193,932701,-884,Medium,No
2024-11-08,GrowOut-C,Farming,Pangasius,Autumn,21.4,Sunny,2.0,7.7,0.11,8.9,3,11127,67.6,397.4,6714,490,197,871343,-4636,Low,No
2024-11-09,GrowOut-C,Farming,Pangasius,Autumn,20.7,Partly Cloudy,4.7,7.4,0.11,9.7,2,11125,80.6,456.5,8050,698,195,990498,-8189,Medium,No
2024-11-10,GrowOut-C,Farming,Pangasius,Autumn,23.2,Partly Cloudy,2.3,7.3,0.15,9.0,0,11125,94.3,557.6,9275,655,189,1172424,-7360,Medium,No
2024-11-11,GrowOut-C,Farming,Pangasius,Autumn,19.7,Sunny,1.1,7.3,0.09,10.4,1,11124,43.7,354.5,4381,496,184,725662,-746,Low,No
2024-11-12,GrowOut-C,Farming,Pangasius,Autumn,22.6,Cloudy,1.3,7.3,0.14,10.0,1,11123,76.8,461.2,8499,666,197,1010687,-2654,Medium,No
2024-11-13,GrowOut-C,Farming,Pangasius,Autumn,21.2,Sunny,2.1,7.3,0.13,9.7,1,11122,84.0,503.5,9155,837,186,1041680,-7312,Medium,No
2024-11-14,GrowOut-C,Farming,Pangasius,Autumn,22.1,Partly Cloudy,1.5,7.4,0.15,9.8,2,11120,82.1,516.4,7948,542,184,1056786,-7443,Medium,No
2024-11-15,GrowOut-C,Farming,Pangasius,Autumn,20.2,Cloudy,3.2,8.1,0.12,9.8,2,11118,69.4,412.7,7307,538,196,899488,-2119,Medium,No
2024-11-16,GrowOut-C,Farming,Pangasius,Autumn,19.8,Partly Cloudy,2.1,7.1,0.12,10.1,1,11117,68.2,520.9,6586,545,199,1152482,734,Medium,No
2024-11-17,GrowOut-C,Farming,Pangasius,Autumn,20.2,Cloudy,1.3,7.5,0.1,10.6,1,11116,77.8,460.4,7576,698,196,1003180,-5392,Medium,No
2024-11-18,GrowOut-C,Farming,Pangasius,Autumn,17.7,Sunny,2.7,7.6,0.12,11.0,1,11115,65.1,511.7,6936,587,195,1109171,-2261,Medium,No
2024-11-19,GrowOut-C,Farming,Pangasius,Autumn,21.1,Sunny,1.3,7.6,0.15,10.0,1,11114,101.2,587.9,10735,619,187,1221953,-3793,Medium,No
2024-11-20,GrowOut-C,Farming,Pangasius,Autumn,19.9,Sunny,2.9,7.2,0.11,10.3,2,11112,59.9,466.0,6434,547,198,1025467,400,Medium,No
2024-11-21,GrowOut-C,Farming,Pangasius,Autumn,20.3,Sunny,2.4,7.6,0.13,10.2,2,11110,85.6,517.3,9437,707,189,1086417,-3038,Medium,No
2024-11-22,GrowOut-C,Farming,Pangasius,Autumn,20.2,Sunny,1.1,6.9,0.13,9.5,0,11110,86.3,558.4,9856,479,185,1147707,-2693,Medium,No
2024-11-23,GrowOut-C,Farming,Pangasius,Autumn,22.2,Sunny,0.6,7.3,0.13,10.3,0,11110,82.8,530.7,9492,528,197,1161527,-8718,Medium,No
2024-11-24,GrowOut-C,Farming,Pangasius,Autumn,20.8,Cloudy,1.3,7.3,0.13,10.1,0,11110,91.3,571.2,9520,829,194,1231130,-2800,Medium,No
2024-11-25,GrowOut-C,Farming,Pangasius,Autumn,20.4,Cloudy,0.1,7.3,0.15,9.8,3,11107,106.0,590.3,10204,591,194,1272297,-2149,Medium,No
2024-11-26,GrowOut-C,Farming,Pangasius,Autumn,21.9,Partly Cloudy,0.3,7.7,0.16,10.1,1,11106,86.9,503.5,9513,490,195,1090513,-8727,Medium,No
2024-11-27,GrowOut-C,Farming,Pangasius,Autumn,19.9,Cloudy,0.0,7.7,0.12,10.4,0,11106,70.3,524.8,6754,478,197,1148200,-6198,Medium,No
2024-11-28,GrowOut-C,Farming,Pangasius,Autumn,18.7,Sunny,0.0,7.5,0.12,10.9,1,11105,66.4,575.2,6905,690,194,1239305,-1064,Medium,No
2024-11-29,GrowOut-C,Farming,Pangasius,Autumn,19.6,Sunny,0.0,7.3,0.14,10.7,1,11104,72.8,565.0,7509,726,194,1217219,-1873,Medium,No
2024-11-30,GrowOut-C,Farming,Pangasius,Autumn,17.3,Cloudy,0.0,7.4,0.11,10.1,1,11103,62.2,486.3,6953,644,195,1052976,-1613,Medium,No
2024-12-01,GrowOut-C,Farming,Pangasius,Winter,16.9,Cloudy,0.0,7.2,0.14,11.4,0,11103,76.3,631.0,8443,784,202,1415211,-2279,Medium,No
2024-12-02,GrowOut-C,Farming,Pangasius,Winter,17.5,Cold,0.0,7.6,0.09,10.6,0,11103,57.6,469.8,6460,719,198,1032806,-5591,Medium,No
2024-12-03,GrowOut-C,Farming,Pangasius,Winter,16.9,Cloudy,0.0,7.5,0.1,10.6,0,11103,60.4,509.5,6485,780,195,1103111,-6290,Medium,No
2024-12-04,GrowOut-C,Farming,Pangasius,Winter,17.1,Cold,0.0,7.7,0.16,10.8,0,11103,76.5,629.6,8770,621,196,1370128,-7956,Medium,No
2024-12-05,GrowOut-C,Farming,Pangasius,Winter,18.7,Sunny,0.0,7.5,0.14,11.0,0,11103,73.4,634.6,8221,777,190,1338733,-7269,Medium,No
2024-12-06,GrowOut-C,Farming,Pangasius,Winter,16.4,Sunny,0.0,7.1,0.1,10.8,2,11101,60.9,508.5,5936,691,186,1050133,-145,Medium,No
2024-12-07,GrowOut-C,Farming,Pangasius,Winter,18.3,Sunny,0.0,7.5,0.13,10.7,1,11100,66.8,503.4,7429,610,202,1128825,-4586,Medium,No
2024-12-08,GrowOut-C,Farming,Pangasius,Winter,17.1,Sunny,0.0,7.3,0.14,10.7,0,11100,75.8,632.9,8063,622,201,1412063,-7321,Medium,No
2024-12-09,GrowOut-C,Farming,Pangasius,Winter,18.0,Sunny,0.0,7.3,0.14,10.8,0,11100,78.7,599.2,8735,769,197,1310271,-9121,Medium,No
2024-12-10,GrowOut-C,Farming,Pangasius,Winter,19.9,Partly Cloudy,0.0,7.0,0.13,10.9,0,11100,73.7,640.6,8180,735,193,1372357,397,Medium,No
2024-12-11,GrowOut-C,Farming,Pangasius,Winter,19.8,Partly Cloudy,0.0,7.3,0.12,10.1,1,11099,73.7,622.6,7814,655,194,1340707,-6160,Medium,No
2024-12-12,GrowOut-C,Farming,Pangasius,Winter,18.5,Sunny,0.0,7.3,0.12,10.9,0,11099,65.6,489.0,7099,861,186,1009498,-3474,Medium,No
2024-12-13,GrowOut-C,Farming,Pangasius,Winter,17.6,Sunny,0.0,7.8,0.14,11.0,0,11099,71.0,597.7,7888,700,193,1280337,-7374,Medium,No
2024-12-14,GrowOut-C,Farming,Pangasius,Winter,18.1,Cloudy,0.0,7.1,0.14,10.5,0,11099,74.1,577.9,7316,773,194,1244338,-4205,Medium,No
2024-12-15,GrowOut-C,Farming,Pangasius,Winter,17.1,Sunny,0.0,7.3,0.16,10.9,0,11099,81.8,699.3,7809,868,195,1513498,-1605,Medium,No
2024-12-16,GrowOut-C,Farming,Pangasius,Winter,14.8,Sunny,0.0,7.7,0.12,11.7,3,11096,72.6,593.3,6961,699,196,1290667,403,Medium,No
2024-12-17,GrowOut-C,Farming,Pangasius,Winter,17.5,Cold,0.0,7.6,0.14,10.4,2,11094,71.4,558.3,7295,585,198,1226590,-5079,Medium,No
2024-12-18,GrowOut-C,Farming,Pangasius,Winter,16.7,Cloudy,0.0,7.5,0.15,10.8,2,11092,87.8,677.5,8940,773,195,1465656,-5832,Medium,No
2024-12-19,GrowOut-C,Farming,Pangasius,Winter,16.5,Cold,0.0,7.8,0.16,11.6,1,11091,81.6,671.5,8706,599,190,1415173,1048,Medium,No
2024-12-20,GrowOut-C,Farming,Pangasius,Winter,17.4,Cloudy,0.0,7.5,0.12,10.9,0,11091,75.7,570.9,7780,732,200,1266370,-3983,Medium,No
2024-12-21,GrowOut-C,Farming,Pangasius,Winter,17.1,Cold,0.0,7.4,0.14,11.1,3,11088,70.3,584.4,7425,867,195,1263908,-1240,Medium,No
2024-12-22,GrowOut-C,Farming,Pangasius,Winter,17.9,Cloudy,0.0,7.4,0.12,10.9,1,11087,77.7,619.1,8798,726,199,1366052,-6934,Medium,No
2024-12-23,GrowOut-C,Farming,Pangasius,Winter,16.4,Cold,0.0,7.3,0.15,11.2,1,11086,78.0,612.8,8060,508,199,1352029,-7058,Medium,No
2024-12-24,GrowOut-C,Farming,Pangasius,Winter,17.7,Sunny,0.0,7.8,0.14,10.7,1,11085,67.9,539.0,6583,777,197,1177145,-1999,Medium,No
2024-12-25,GrowOut-C,Farming,Pangasius,Winter,17.2,Cold,0.0,7.4,0.15,10.5,3,11082,79.8,757.7,8521,749,205,1721816,2673,Medium,No
2024-12-26,GrowOut-C,Farming,Pangasius,Winter,16.7,Cold,0.0,7.1,0.12,10.5,0,11082,75.4,732.9,7486,458,201,1632522,-5463,Medium,No
2024-12-27,GrowOut-C,Farming,Pangasius,Winter,17.2,Sunny,0.0,7.5,0.14,10.8,2,11080,71.9,728.9,7580,809,196,1583223,-4213,Medium,No
2024-12-28,GrowOut-C,Farming,Pangasius,Winter,16.0,Cold,0.0,7.4,0.16,11.2,2,11078,89.7,679.9,9543,589,203,1529258,-1791,Medium,No
2024-12-29,GrowOut-C,Farming,Pangasius,Winter,17.6,Cold,0.0,7.1,0.15,11.2,1,11077,80.4,610.5,8814,881,196,1325571,-5953,Medium,No
2024-12-30,GrowOut-C,Farming,Pangasius,Winter,17.0,Cold,0.0,7.6,0.11,10.3,1,11076,73.6,700.2,8291,881,198,1535711,-3156,Medium,No
2024-12-31,GrowOut-C,Farming,Pangasius,Winter,15.3,Sunny,0.0,7.4,0.13,11.7,0,11076,70.0,585.9,7670,507,195,1265439,-4370,Medium,No
2025-01-01,GrowOut-C,Farming,Pangasius,Winter,16.2,Cold,0.0,7.7,0.14,10.6,0,11076,72.7,783.8,7649,683,196,1701548,-199,Medium,No
2025-01-02,GrowOut-C,Farming,Pangasius,Winter,17.9,Sunny,0.0,7.0,0.14,10.6,0,11076,79.7,770.3,8100,760,197,1680773,-554,Medium,No
2025-01-03,GrowOut-C,Farming,Pangasius,Winter,15.0,Cold,0.0,7.5,0.14,10.7,1,11075,77.9,671.6,8433,749,204,1517483,653,Medium,No
2025-01-04,GrowOut-C,Farming,Pangasius,Winter,15.7,Sunny,0.0,7.6,0.16,11.0,1,11074,82.2,805.3,9290,792,199,1774821,-2074,Medium,No
2025-01-05,GrowOut-C,Farming,Pangasius,Winter,17.2,Cold,0.0,7.5,0.16,10.5,0,11074,84.7,651.8,8786,679,199,1436389,-4285,Medium,No
2025-01-06,GrowOut-C,Farming,Pangasius,Winter,14.5,Sunny,0.0,7.3,0.14,11.7,1,11073,81.2,655.9,8400,858,200,1452687,-3624,Medium,No
2025-01-07,GrowOut-C,Farming,Pangasius,Winter,17.2,Cold,0.0,7.2,0.15,10.8,0,11073,71.8,753.8,7286,698,195,1627631,4045,Medium,No
2025-01-08,GrowOut-C,Farming,Pangasius,Winter,16.9,Sunny,0.0,7.6,0.17,10.9,1,11072,92.0,684.5,9798,601,199,1508314,-6732,Medium,No
2025-01-09,GrowOut-C,Farming,Pangasius,Winter,15.8,Sunny,0.0,7.4,0.15,10.8,1,11071,82.5,647.3,8369,605,213,1526551,-876,Medium,No
2025-01-10,GrowOut-C,Farming,Pangasius,Winter,15.8,Sunny,0.0,7.5,0.14,10.3,1,11070,71.6,750.4,7804,670,205,1703074,926,Medium,No
2025-01-11,GrowOut-C,Farming,Pangasius,Winter,14.5,Cloudy,0.0,7.6,0.12,10.6,0,11070,73.1,614.2,7976,581,195,1325843,-4390,Medium,No
2025-01-12,GrowOut-C,Farming,Pangasius,Winter,16.2,Cold,0.0,7.7,0.17,11.1,1,11069,68.5,711.4,6672,787,205,1614416,2762,Medium,No
2025-01-13,GrowOut-C,Farming,Pangasius,Winter,15.3,Sunny,0.0,7.7,0.17,11.5,2,11067,76.8,736.4,7640,726,201,1638394,1736,Medium,No
2025-01-14,GrowOut-C,Farming,Pangasius,Winter,16.0,Cold,0.0,7.8,0.17,11.2,0,11067,80.6,819.5,8360,849,202,1832020,-3031,Medium,No
2025-01-15,GrowOut-C,Farming,Pangasius,Winter,15.1,Sunny,0.0,7.8,0.14,11.4,1,11066,77.2,772.0,8450,861,195,1666026,-1298,Medium,No
2025-01-16,GrowOut-C,Farming,Pangasius,Winter,15.5,Cold,0.0,7.5,0.15,11.4,0,11066,90.8,699.9,8960,826,197,1525783,-489,Medium,No
2025-01-17,GrowOut-C,Farming,Pangasius,Winter,14.9,Cold,0.0,7.7,0.15,10.9,0,11066,85.2,644.7,9075,743,198,1412582,-7057,Medium,No
2025-01-18,GrowOut-C,Farming,Pangasius,Winter,14.5,Cloudy,0.0,7.6,0.13,10.9,3,11063,84.9,651.8,9355,806,203,1464202,-5988,Medium,No
2025-01-19,GrowOut-C,Farming,Pangasius,Winter,17.1,Sunny,0.0,7.3,0.14,11.2,2,11061,78.2,782.9,8071,472,204,1766889,-1189,Medium,No
2025-01-20,GrowOut-C,Farming,Pangasius,Winter,15.5,Cloudy,0.0,7.5,0.13,11.5,0,11061,73.3,746.3,8363,812,199,1642710,-2807,Medium,No
2025-01-21,GrowOut-C,Farming,Pangasius,Winter,15.6,Cold,0.0,7.3,0.12,10.6,1,11060,65.0,703.1,6430,585,194,1508736,-4951,Medium,No
2025-01-22,GrowOut-C,Farming,Pangasius,Winter,17.8,Cloudy,0.0,7.3,0.13,10.4,0,11060,94.3,880.0,9415,808,201,1956293,-3540,High,No
2025-01-23,GrowOut-C,Farming,Pangasius,Winter,16.1,Sunny,0.0,7.2,0.15,11.6,0,11060,78.6,765.3,7980,573,196,1658987,-7812,Medium,No
2025-01-24,GrowOut-C,Farming,Pangasius,Winter,14.6,Cold,0.0,6.8,0.17,11.2,0,11060,85.1,814.9,8154,851,200,1802559,2900,Medium,No
2025-01-25,GrowOut-C,Farming,Pangasius,Winter,15.0,Sunny,0.0,7.1,0.19,11.0,2,11058,87.9,883.7,9582,673,204,1993839,270,High,No
2025-01-26,GrowOut-C,Farming,Pangasius,Winter,15.9,Sunny,0.0,7.4,0.15,10.8,0,11058,73.7,711.9,8258,585,207,1629543,-7282,Medium,No
2025-01-27,GrowOut-C,Farming,Pangasius,Winter,16.0,Sunny,0.0,7.3,0.17,11.1,1,11057,88.6,857.9,9872,607,207,1963738,987,Medium,No
2025-01-28,GrowOut-C,Farming,Pangasius,Winter,16.1,Sunny,0.0,7.2,0.15,11.4,0,11057,73.0,704.7,8012,527,208,1620709,2772,Medium,No
2025-01-29,GrowOut-C,Farming,Pangasius,Winter,16.5,Cloudy,0.0,7.1,0.2,10.3,0,11057,91.4,934.6,10236,742,207,2139112,-6454,High,No
2025-01-30,GrowOut-C,Farming,Pangasius,Winter,18.8,Sunny,0.0,7.1,0.18,10.1,0,11057,92.7,924.6,9648,844,208,2126447,-7062,High,No
2025-01-31,GrowOut-C,Farming,Pangasius,Winter,17.3,Cold,0.0,7.6,0.12,11.2,1,11056,73.6,767.9,7312,723,205,1740587,-1081,Medium,No
2025-02-01,GrowOut-C,Farming,Pangasius,Winter,16.0,Sunny,0.0,7.3,0.14,11.2,0,11056,69.2,749.0,6577,703,214,1772122,3820,Medium,No
2025-02-02,GrowOut-C,Farming,Pangasius,Winter,16.9,Cloudy,0.0,7.4,0.17,10.9,1,11055,86.8,908.8,9602,703,207,2079872,4651,High,No
2025-02-03,GrowOut-C,Farming,Pangasius,Winter,14.5,Sunny,0.0,7.2,0.19,11.4,0,11055,87.9,825.7,9009,481,197,1798238,51,Medium,No
2025-02-04,GrowOut-C,Farming,Pangasius,Winter,15.8,Cloudy,0.0,7.8,0.15,10.6,0,11055,75.9,746.9,8127,524,208,1717452,738,Medium,No
2025-02-05,GrowOut-C,Farming,Pangasius,Winter,18.1,Partly Cloudy,0.0,7.2,0.17,10.8,2,11053,98.1,956.6,9668,792,202,2136193,-5645,High,No
2025-02-06,GrowOut-C,Farming,Pangasius,Winter,17.3,Sunny,0.0,7.6,0.16,11.0,4,11049,75.9,751.1,7624,650,211,1751703,-2430,Medium,No
2025-02-07,GrowOut-C,Farming,Pangasius,Winter,18.3,Partly Cloudy,0.0,7.7,0.17,9.9,1,11048,90.4,857.6,8622,597,199,1885649,-187,Medium,No
2025-02-08,GrowOut-C,Farming,Pangasius,Winter,14.8,Sunny,0.0,7.6,0.16,11.3,1,11047,96.9,914.5,10824,550,202,2040886,-4147,High,No
2025-02-09,GrowOut-C,Farming,Pangasius,Winter,16.6,Cloudy,0.0,7.4,0.17,11.0,1,11046,91.2,879.3,10232,810,201,1952439,3526,High,No
2025-02-10,GrowOut-C,Farming,Pangasius,Winter,15.1,Sunny,0.0,7.5,0.14,11.3,1,11045,92.0,687.2,10153,836,211,1601661,-4184,Medium,No
2025-02-11,GrowOut-C,Farming,Pangasius,Winter,16.7,Sunny,0.0,7.4,0.15,10.5,0,11045,70.0,759.8,7134,612,198,1661614,-1331,Medium,No
2025-02-12,GrowOut-C,Farming,Pangasius,Winter,15.8,Cold,0.0,7.3,0.18,10.8,1,11044,82.4,891.5,9393,740,201,1979170,-2525,High,No
2025-02-13,GrowOut-C,Farming,Pangasius,Winter,15.3,Cold,0.0,7.5,0.17,11.2,0,11044,96.9,913.7,9715,748,200,2018181,3153,High,No
2025-02-14,GrowOut-C,Farming,Pangasius,Winter,14.5,Cloudy,0.0,7.5,0.15,11.8,2,11042,87.0,907.2,8566,874,204,2043900,5687,High,No
2025-02-15,GrowOut-C,Farming,Pangasius,Winter,17.3,Cloudy,0.0,7.2,0.15,10.5,0,11042,84.9,810.5,8647,742,201,1798858,-556,Medium,No
2025-02-16,GrowOut-C,Farming,Pangasius,Winter,18.5,Partly Cloudy,0.0,7.6,0.17,10.3,3,11039,70.9,729.7,7977,618,207,1667871,-113,Medium,No
2025-02-17,GrowOut-C,Farming,Pangasius,Winter,17.1,Cloudy,0.0,7.3,0.11,10.5,0,11039,70.9,738.0,7496,885,198,1613063,-1084,Medium,No
2025-02-18,GrowOut-C,Farming,Pangasius,Winter,17.7,Sunny,0.0,7.3,0.19,10.3,0,11039,96.8,940.9,10816,669,213,2212345,-5417,High,No
2025-02-19,GrowOut-C,Farming,Pangasius,Winter,18.0,Partly Cloudy,0.0,7.6,0.19,9.9,0,11039,78.7,801.2,8505,631,203,1795423,2197,Medium,No
2025-02-20,GrowOut-C,Farming,Pangasius,Winter,17.8,Sunny,0.0,7.4,0.18,10.4,1,11038,98.2,936.5,10587,800,209,2160647,-7311,High,No
2025-02-21,GrowOut-C,Farming,Pangasius,Winter,17.0,Cold,0.0,7.2,0.18,11.0,0,11038,89.2,947.2,10191,586,217,2268777,-3936,High,No
2025-02-22,GrowOut-C,Farming,Pangasius,Winter,16.1,Cloudy,0.0,6.9,0.16,11.5,3,11035,73.2,749.5,7822,889,214,1770418,1089,Medium,No
2025-02-23,GrowOut-C,Farming,Pangasius,Winter,16.7,Cloudy,0.0,7.1,0.2,11.2,2,11033,93.3,932.7,9964,774,205,2109931,2466,High,No
2025-02-24,GrowOut-C,Farming,Pangasius,Winter,18.5,Sunny,0.0,7.2,0.21,11.0,0,11033,107.9,1012.0,11004,594,204,2277741,5991,High,No
2025-02-25,GrowOut-C,Farming,Pangasius,Winter,17.1,Sunny,0.0,7.4,0.18,10.9,1,11032,95.6,930.5,9624,771,210,2155903,-8292,High,No
2025-02-26,GrowOut-C,Farming,Pangasius,Winter,17.2,Cloudy,0.0,7.1,0.13,11.0,2,11030,67.9,702.7,6978,459,209,1620207,-2542,Medium,No
2025-02-27,GrowOut-C,Farming,Pangasius,Winter,16.7,Sunny,0.0,7.6,0.15,11.1,1,11029,70.2,713.3,7733,647,210,1652217,3909,Medium,No
2025-02-28,GrowOut-C,Farming,Pangasius,Winter,18.2,Partly Cloudy,0.0,7.6,0.17,10.9,2,11027,92.6,888.9,9861,670,212,2078380,1100,High,No
2025-03-01,GrowOut-C,Farming,Pangasius,Spring,18.7,Sunny,0.0,7.2,0.21,10.8,2,11025,105.6,1028.3,11468,629,209,2369864,10381,High,Yes
2025-03-02,GrowOut-C,Farming,Pangasius,Spring,18.5,Cloudy,0.0,7.3,0.18,10.3,2,11023,95.6,972.6,10574,749,213,2283981,27652,High,Yes
2025-03-03,GrowOut-C,Farming,Pangasius,Spring,16.3,Sunny,0.0,6.9,0.15,11.0,0,11023,83.7,852.1,8370,899,204,1916110,14902,Medium,Yes
2025-03-04,GrowOut-C,Farming,Pangasius,Spring,17.4,Cold,0.0,7.2,0.15,11.3,1,11022,89.0,841.0,9089,687,214,1983853,6560,Medium,Yes
2025-03-05,GrowOut-C,Farming,Pangasius,Spring,16.6,Cold,0.0,7.5,0.18,10.5,1,11021,79.8,854.6,8440,572,216,2034591,30588,Medium,Yes
2025-03-06,GrowOut-C,Farming,Pangasius,Spring,19.6,Sunny,0.0,7.3,0.18,10.3,1,11020,98.0,1014.7,10786,725,205,2292517,14039,High,Yes
2025-03-07,GrowOut-C,Farming,Pangasius,Spring,17.0,Cold,0.0,7.3,0.18,10.7,3,11017,88.2,915.1,8926,672,211,2127809,31818,High,Yes
2025-03-08,GrowOut-C,Farming,Pangasius,Spring,21.2,Sunny,0.0,7.9,0.2,9.9,3,11014,124.7,969.9,14148,591,205,2190505,22146,High,Yes
2025-03-09,GrowOut-C,Farming,Pangasius,Spring,19.2,Cloudy,0.0,7.8,0.16,10.9,1,11013,85.5,862.5,9635,878,211,2004410,17560,Medium,Yes
2025-03-10,GrowOut-C,Farming,Pangasius,Spring,17.9,Cold,0.0,7.2,0.19,10.2,4,11009,81.8,783.9,9363,750,212,1830215,4781,Medium,Yes
2025-03-11,GrowOut-C,Farming,Pangasius,Spring,17.6,Cloudy,0.0,7.3,0.17,10.6,0,11009,96.9,958.8,9911,733,219,2311639,16904,High,Yes
2025-03-12,GrowOut-C,Farming,Pangasius,Spring,19.5,Sunny,0.0,6.9,0.19,9.9,1,11008,81.8,881.1,8056,832,204,1978806,29082,High,Yes
2025-03-13,GrowOut-C,Farming,Pangasius,Spring,19.7,Cloudy,0.0,7.1,0.16,10.8,2,11006,87.3,896.3,9116,716,214,2111425,24516,High,Yes
2025-03-14,GrowOut-C,Farming,Pangasius,Spring,19.0,Sunny,0.0,7.7,0.15,10.6,1,11005,73.5,789.2,8105,626,214,1858790,17989,Medium,Yes
2025-03-15,GrowOut-C,Farming,Pangasius,Spring,21.5,Sunny,0.0,7.5,0.23,9.5,1,11004,151.2,1133.4,17258,809,210,2619344,4893,High,Yes
2025-03-16,GrowOut-C,Farming,Pangasius,Spring,20.1,Cloudy,0.0,7.5,0.21,10.2,1,11003,122.7,998.3,12047,620,213,2339867,7945,High,Yes
2025-03-17,GrowOut-C,Farming,Pangasius,Spring,18.8,Partly Cloudy,0.0,7.1,0.2,9.6,1,11002,94.0,983.5,10445,516,223,2413183,31260,High,Yes
2025-03-18,GrowOut-C,Farming,Pangasius,Spring,19.8,Partly Cloudy,0.0,7.1,0.19,10.0,4,10998,94.4,898.2,9569,884,206,2035691,20357,High,Yes
2025-03-19,GrowOut-C,Farming,Pangasius,Spring,19.7,Partly Cloudy,0.0,7.7,0.21,10.4,0,10998,102.1,1073.5,10069,759,220,2597398,18160,High,Yes
2025-03-20,GrowOut-C,Farming,Pangasius,Spring,19.5,Sunny,0.0,7.1,0.15,10.6,0,10998,75.3,793.0,8317,690,211,1840218,21527,Medium,Yes
2025-03-21,GrowOut-C,Farming,Pangasius,Spring,20.7,Cloudy,0.0,7.7,0.19,10.2,1,10997,123.0,915.9,13952,534,221,2226148,2623,High,Yes
2025-03-22,GrowOut-C,Farming,Pangasius,Spring,20.6,Partly Cloudy,0.0,7.4,0.19,10.2,0,10997,116.0,855.3,12935,740,215,2022233,18945,Medium,Yes
2025-03-23,GrowOut-C,Farming,Pangasius,Spring,18.5,Sunny,0.0,7.9,0.15,9.7,0,10997,80.8,875.1,8369,585,216,2078671,20770,High,Yes
2025-03-24,GrowOut-C,Farming,Pangasius,Spring,21.8,Partly Cloudy,0.0,7.0,0.24,9.1,2,10995,148.6,1180.2,14890,752,205,2660625,6165,High,Yes
2025-03-25,GrowOut-C,Farming,Pangasius,Spring,21.3,Sunny,0.0,7.5,0.22,9.9,4,10991,127.6,929.7,12628,596,221,2259073,5268,High,Yes
2025-03-26,GrowOut-C,Farming,Pangasius,Spring,20.4,Sunny,0.0,7.0,0.17,10.5,2,10989,111.5,833.1,11800,860,217,1986983,7689,Medium,Yes
2025-03-27,GrowOut-C,Farming,Pangasius,Spring,20.3,Cloudy,0.0,7.1,0.23,9.5,0,10989,131.8,965.1,14946,661,212,2248363,2933,High,Yes
2025-03-28,GrowOut-C,Farming,Pangasius,Spring,19.6,Cloudy,0.0,7.4,0.17,9.7,1,10988,75.7,771.8,8198,646,220,1865888,17058,Medium,Yes
2025-03-29,GrowOut-C,Farming,Pangasius,Spring,19.4,Partly Cloudy,0.0,7.5,0.19,10.9,1,10987,90.9,882.4,9314,667,212,2055512,17502,High,Yes
2025-03-30,GrowOut-C,Farming,Pangasius,Spring,20.7,Sunny,0.0,7.7,0.26,9.6,0,10987,135.1,1050.5,13088,516,215,2481496,22007,High,Yes
2025-03-31,GrowOut-C,Farming,Pangasius,Spring,23.5,Cloudy,0.0,7.6,0.23,9.1,0,10987,145.7,1086.2,14715,675,219,2613563,22497,High,Yes
2025-04-01,GrowOut-C,Farming,Pangasius,Spring,21.0,Sunny,0.0,7.9,0.19,9.9,2,10985,112.7,918.1,11071,830,211,2128392,12646,High,Yes
2025-04-02,GrowOut-C,Farming,Pangasius,Spring,22.7,Partly Cloudy,0.0,7.7,0.24,9.7,0,10985,127.8,995.3,12904,715,208,2274141,15240,High,Yes
2025-04-03,GrowOut-C,Farming,Pangasius,Spring,21.2,Partly Cloudy,0.0,7.6,0.26,9.5,0,10985,147.7,1098.1,14713,757,210,2533152,28050,High,Yes
2025-04-04,GrowOut-C,Farming,Pangasius,Spring,21.6,Partly Cloudy,0.0,7.4,0.24,9.6,3,10982,157.3,1162.2,17980,774,209,2668254,17203,High,Yes
2025-04-05,GrowOut-C,Farming,Pangasius,Spring,22.1,Sunny,0.0,7.7,0.22,9.7,2,10980,119.1,971.2,13254,899,209,2229135,28473,High,Yes
2025-04-06,GrowOut-C,Farming,Pangasius,Spring,21.5,Partly Cloudy,0.0,7.6,0.25,10.7,0,10980,144.3,1107.8,13908,839,221,2688165,24498,High,Yes
2025-04-07,GrowOut-C,Farming,Pangasius,Spring,24.3,Sunny,0.0,7.9,0.25,8.7,0,10980,149.7,1145.4,15957,659,208,2615910,18615,High,Yes
2025-04-08,GrowOut-C,Farming,Pangasius,Spring,21.7,Sunny,0.0,7.5,0.18,10.1,0,10980,111.1,895.9,11102,719,223,2193647,28603,High,Yes
2025-04-09,GrowOut-C,Farming,Pangasius,Spring,22.5,Cloudy,0.0,7.4,0.22,10.3,0,10980,129.3,954.2,14747,631,217,2273534,6443,High,Yes
2025-04-10,GrowOut-C,Farming,Pangasius,Spring,21.6,Sunny,0.0,7.5,0.21,9.7,0,10980,127.2,1006.7,14009,698,208,2299142,15531,High,Yes
2025-04-11,GrowOut-C,Farming,Pangasius,Spring,21.7,Partly Cloudy,0.0,7.9,0.23,9.6,0,10980,145.5,1058.2,16276,722,210,2439998,24744,High,Yes
2025-04-12,GrowOut-C,Farming,Pangasius,Spring,24.1,Sunny,0.0,7.8,0.03,9.6,2,10505,8.2,45.8,811,828,213,102500,-2331,Low,No
2025-04-13,GrowOut-C,Farming,Pangasius,Spring,22.7,Partly Cloudy,0.0,7.6,0.02,9.7,3,10502,4.7,24.7,522,833,212,55008,-1871,Low,No
2025-04-14,GrowOut-C,Farming,Pangasius,Spring,22.4,Partly Cloudy,0.0,7.1,0.02,10.4,2,10500,6.1,32.9,664,605,227,78432,-936,Low,No
2025-04-15,GrowOut-C,Farming,Pangasius,Spring,22.5,Cloudy,0.0,7.8,0.01,9.8,0,10500,3.7,17.9,411,490,221,41537,-1834,Low,No
2025-04-16,GrowOut-C,Farming,Pangasius,Spring,23.7,Sunny,0.0,7.1,0.05,9.9,1,10499,5.5,31.6,579,736,214,71005,-1927,Low,No
2025-04-17,GrowOut-C,Farming,Pangasius,Spring,25.6,Cloudy,0.0,7.6,0.02,8.8,1,10498,7.0,39.6,778,838,222,92299,-2123,Low,No
2025-04-18,GrowOut-C,Farming,Pangasius,Spring,24.9,Partly Cloudy,0.0,7.5,0.0,9.7,1,10497,6.9,34.9,659,465,220,80604,-1381,Low,No
2025-04-19,GrowOut-C,Farming,Pangasius,Spring,23.6,Sunny,0.0,7.9,0.02,10.1,1,10496,10.7,53.9,1044,860,212,119947,-2378,Low,No
2025-04-20,GrowOut-C,Farming,Pangasius,Spring,24.2,Partly Cloudy,0.0,7.3,0.03,9.3,0,10496,5.5,27.1,582,554,218,62008,-1649,Low,No
2025-04-21,GrowOut-C,Farming,Pangasius,Spring,23.8,Cloudy,0.0,7.0,0.0,10.3,1,10495,4.8,26.3,493,566,220,60730,-1735,Low,No
2025-04-22,GrowOut-C,Farming,Pangasius,Spring,24.3,Partly Cloudy,0.0,8.1,0.05,10.1,1,10494,7.1,36.8,736,477,204,78788,-1577,Low,No
2025-04-23,GrowOut-C,Farming,Pangasius,Spring,24.9,Partly Cloudy,0.0,7.1,0.03,9.3,2,10492,10.5,51.7,1174,869,213,115561,-2366,Low,No
2025-04-24,GrowOut-C,Farming,Pangasius,Spring,24.5,Cloudy,0.0,7.1,0.01,9.8,0,10492,8.2,43.3,917,738,219,99492,-1709,Low,No
2025-04-25,GrowOut-C,Farming,Pangasius,Spring,24.7,Sunny,0.0,7.9,0.02,9.4,0,10492,9.5,50.4,1013,639,212,112105,-2021,Low,No
2025-04-26,GrowOut-C,Farming,Pangasius,Spring,25.8,Partly Cloudy,0.0,7.7,0.03,9.3,0,10492,8.0,44.7,840,891,218,102240,-2474,Low,No
2025-04-27,GrowOut-C,Farming,Pangasius,Spring,25.2,Sunny,0.0,7.5,0.01,9.5,1,10491,8.5,46.4,898,469,211,102721,-1270,Low,No
2025-04-28,GrowOut-C,Farming,Pangasius,Spring,24.0,Partly Cloudy,0.0,7.3,0.04,9.7,1,10490,12.3,62.6,1197,492,223,146452,-1698,Low,No
2025-04-29,GrowOut-C,Farming,Pangasius,Spring,24.1,Partly Cloudy,0.0,7.5,0.04,9.6,0,10490,7.2,39.9,691,717,213,89151,-2024,Low,No
2025-04-30,GrowOut-C,Farming,Pangasius,Spring,24.0,Partly Cloudy,0.0,7.6,0.02,9.9,0,10490,10.9,53.5,1101,665,216,121222,-2596,Low,No
2025-05-01,GrowOut-C,Farming,Pangasius,Spring,25.2,Sunny,0.0,7.1,0.04,8.9,2,10488,11.9,61.5,1268,626,213,137414,-2426,Low,No
2025-05-02,GrowOut-C,Farming,Pangasius,Spring,26.4,Partly Cloudy,0.0,7.3,0.01,9.6,1,10487,14.3,76.9,1456,517,217,175016,-1608,Low,No
2025-05-03,GrowOut-C,Farming,Pangasius,Spring,26.4,Sunny,0.0,7.3,0.0,9.6,3,10484,10.7,56.5,1061,678,221,130946,-1217,Low,No
2025-05-04,GrowOut-C,Farming,Pangasius,Spring,24.9,Cloudy,0.0,7.5,0.03,10.4,0,10484,7.9,39.7,752,678,221,91983,-2076,Low,No
2025-05-05,GrowOut-C,Farming,Pangasius,Spring,25.5,Cloudy,0.0,7.3,0.05,9.5,2,10482,13.5,70.6,1286,645,218,161357,-2043,Low,No
2025-05-06,GrowOut-C,Farming,Pangasius,Spring,25.0,Cloudy,0.0,7.6,0.04,9.3,2,10480,10.4,57.8,1123,838,213,129048,-1904,Low,No
2025-05-07,GrowOut-C,Farming,Pangasius,Spring,26.9,Sunny,0.0,7.5,0.03,8.4,0,10480,13.1,72.2,1369,731,217,164194,-2509,Low,No
2025-05-08,GrowOut-C,Farming,Pangasius,Spring,23.8,Partly Cloudy,0.0,6.8,0.03,10.0,0,10480,13.1,73.6,1343,468,211,162750,-2284,Low,No
2025-05-09,GrowOut-C,Farming,Pangasius,Spring,27.4,Cloudy,0.0,7.7,0.02,9.0,0,10480,13.1,74.5,1343,674,217,169425,-2433,Low,No
2025-05-10,GrowOut-C,Farming,Pangasius,Spring,25.9,Cloudy,0.0,7.1,0.03,8.7,0,10480,17.7,87.9,1706,803,206,189766,-1318,Low,No
2025-05-11,GrowOut-C,Farming,Pangasius,Spring,24.5,Sunny,0.0,7.3,0.03,8.7,3,10477,12.9,67.3,1368,639,219,154462,-1529,Low,No
2025-05-12,GrowOut-C,Farming,Pangasius,Spring,26.2,Sunny,0.0,7.1,0.03,8.8,1,10476,12.8,70.6,1383,526,223,164948,-1961,Low,No
2025-05-13,GrowOut-C,Farming,Pangasius,Spring,25.5,Sunny,0.0,7.2,0.02,9.3,0,10476,15.8,81.3,1517,514,214,182264,-1928,Low,No
2025-05-14,GrowOut-C,Farming,Pangasius,Spring,27.0,Sunny,0.0,7.3,0.01,9.7,0,10476,12.5,62.9,1384,816,214,141013,-3142,Low,No
2025-05-15,GrowOut-C,Farming,Pangasius,Spring,27.0,Partly Cloudy,0.0,7.1,0.04,9.4,0,10476,18.2,97.0,1987,756,218,221525,-2105,Low,No
2025-05-16,GrowOut-C,Farming,Pangasius,Spring,27.2,Partly Cloudy,0.0,7.8,0.03,9.1,1,10475,17.5,99.1,1816,846,221,229436,-1712,Low,No
2025-05-17,GrowOut-C,Farming,Pangasius,Spring,27.1,Cloudy,0.0,7.7,0.02,9.0,0,10475,12.9,71.9,1314,667,219,164940,-2814,Low,No
2025-05-18,GrowOut-C,Farming,Pangasius,Spring,25.7,Partly Cloudy,0.0,7.2,0.02,9.5,0,10475,17.4,90.7,1838,823,209,198567,-2607,Low,No
2025-05-19,GrowOut-C,Farming,Pangasius,Spring,29.0,Partly Cloudy,0.0,7.4,0.03,8.3,0,10475,19.2,94.3,1865,883,220,217314,-2231,Low,No
2025-05-20,GrowOut-C,Farming,Pangasius,Spring,26.0,Cloudy,0.0,7.5,0.03,9.2,0,10475,15.4,88.8,1575,883,224,208360,-3167,Low,No
2025-05-21,GrowOut-C,Farming,Pangasius,Spring,27.0,Sunny,0.0,7.8,0.03,8.7,1,10474,15.3,79.2,1579,897,222,184176,-3315,Low,No
2025-05-22,GrowOut-C,Farming,Pangasius,Spring,27.9,Partly Cloudy,0.0,7.6,0.06,8.5,1,10473,18.9,99.3,2120,878,217,225695,-2698,Low,No
2025-05-23,GrowOut-C,Farming,Pangasius,Spring,26.9,Partly Cloudy,0.0,7.5,0.02,8.1,2,10471,16.1,90.8,1588,553,213,202552,-1394,Low,No
2025-05-24,GrowOut-C,Farming,Pangasius,Spring,25.7,Sunny,0.0,7.7,0.05,9.0,0,10471,15.5,81.2,1757,465,216,183653,-3039,Low,No
2025-05-25,GrowOut-C,Farming,Pangasius,Spring,30.0,Cloudy,0.0,7.9,0.06,8.6,0,10471,24.5,134.2,2800,865,217,304930,-3271,Low,No
2025-05-26,GrowOut-C,Farming,Pangasius,Spring,27.5,Cloudy,0.0,7.6,0.06,8.9,0,10471,20.1,99.0,2099,686,212,219765,-3015,Low,No
2025-05-27,GrowOut-C,Farming,Pangasius,Spring,27.4,Cloudy,0.0,7.4,0.06,9.4,2,10469,19.2,104.7,2093,563,211,231322,-1481,Low,No
2025-05-28,GrowOut-C,Farming,Pangasius,Spring,28.4,Cloudy,0.0,7.0,0.06,8.8,1,10468,19.0,93.9,2024,501,218,214303,-2448,Low,No
2025-05-29,GrowOut-C,Farming,Pangasius,Spring,28.9,Partly Cloudy,0.0,7.2,0.05,8.6,3,10465,21.4,106.9,2037,538,215,240591,-1809,Low,No
2025-05-30,GrowOut-C,Farming,Pangasius,Spring,26.9,Cloudy,0.0,7.3,0.25,7.2,15,10450,17.5,95.6,1725,669,216,216098,-1688,Low,No
2025-05-31,GrowOut-C,Farming,Pangasius,Spring,29.2,Sunny,0.1,7.6,0.06,8.5,2,10448,30.6,151.7,3004,766,218,345588,-4386,Low,No
2025-06-01,GrowOut-C,Farming,Pangasius,Monsoon,26.9,Cloudy,0.1,7.6,0.04,9.4,0,10448,21.4,119.7,2190,572,215,268885,-2582,Low,No
2025-06-02,GrowOut-C,Farming,Pangasius,Monsoon,27.8,Partly Cloudy,0.6,7.6,0.04,9.3,1,10447,24.8,124.7,2701,475,216,281419,-3474,Low,No
2025-06-03,GrowOut-C,Farming,Pangasius,Monsoon,29.1,Partly Cloudy,0.6,7.7,0.03,8.8,0,10447,19.9,104.2,2149,458,216,235133,-2087,Low,No
2025-06-04,GrowOut-C,Farming,Pangasius,Monsoon,27.7,Partly Cloudy,0.5,7.5,0.06,8.7,0,10447,24.6,132.9,2461,527,219,304061,-2447,Low,No
2025-06-05,GrowOut-C,Farming,Pangasius,Monsoon,30.5,Hot,0.2,7.6,0.04,8.3,0,10447,17.7,96.3,1953,582,215,216300,-1663,Low,No
2025-06-06,GrowOut-C,Farming,Pangasius,Monsoon,29.4,Sunny,1.0,7.3,0.02,8.9,0,10447,20.9,112.8,2141,879,216,254539,-1503,Low,No
2025-06-07,GrowOut-C,Farming,Pangasius,Monsoon,30.7,Sunny,2.5,7.7,0.07,8.7,0,10447,27.6,150.1,2628,472,219,343413,-969,Low,No
2025-06-08,GrowOut-C,Farming,Pangasius,Monsoon,28.5,Partly Cloudy,1.0,7.5,0.05,8.7,0,10447,25.3,146.0,2519,631,211,321830,-2502,Low,No
2025-06-09,GrowOut-C,Farming,Pangasius,Monsoon,28.2,Cloudy,3.4,7.3,0.06,8.4,0,10447,26.7,143.5,2590,735,211,316319,-3004,Low,No
2025-06-10,GrowOut-C,Farming,Pangasius,Monsoon,31.5,Sunny,2.5,7.7,0.04,8.3,0,10447,28.6,157.5,3001,892,212,348825,-3562,Low,No
2025-06-11,GrowOut-C,Farming,Pangasius,Monsoon,30.5,Sunny,2.7,7.1,0.05,7.7,1,10446,24.2,126.0,2335,509,222,292223,-1138,Low,No
2025-06-12,GrowOut-C,Farming,Pangasius,Monsoon,29.4,Sunny,2.4,7.9,0.05,7.5,1,10445,28.6,154.7,2789,552,214,345823,-1000,Low,No
2025-06-13,GrowOut-C,Farming,Pangasius,Monsoon,30.4,Hot,2.8,6.9,0.06,8.5,1,10444,34.9,180.2,3717,833,222,417846,-3710,Low,No
2025-06-14,GrowOut-C,Farming,Pangasius,Monsoon,33.1,Hot,0.9,7.3,0.05,8.4,1,10443,28.5,151.8,2766,691,205,325007,-2855,Low,No
2025-06-15,GrowOut-C,Farming,Pangasius,Monsoon,31.6,Hot,3.3,7.3,0.05,8.6,0,10443,34.3,184.4,3312,829,211,406320,-3037,Low,No
2025-06-16,GrowOut-C,Farming,Pangasius,Monsoon,30.2,Hot,2.1,7.9,0.03,8.5,0,10443,28.3,149.7,3240,857,225,351746,-3599,Low,No
2025-06-17,GrowOut-C,Farming,Pangasius,Monsoon,30.6,Cloudy,5.5,7.2,0.03,8.6,3,10440,29.1,158.9,3344,883,212,351791,-4559,Low,No
2025-06-18,GrowOut-C,Farming,Pangasius,Monsoon,29.8,Cloudy,15.7,7.4,0.08,8.5,0,10440,34.1,179.8,3348,509,209,392316,-4061,Low,No
2025-06-19,GrowOut-C,Farming,Pangasius,Monsoon,28.7,Cloudy,2.0,7.5,0.09,9.0,1,10439,32.0,158.1,3232,709,216,356522,-2369,Low,No
2025-06-20,GrowOut-C,Farming,Pangasius,Monsoon,30.9,Hot,3.1,7.5,0.07,8.6,0,10439,37.0,198.7,4199,645,216,448034,-3958,Low,No
2025-06-21,GrowOut-C,Farming,Pangasius,Monsoon,29.7,Rainy,6.1,7.9,0.04,8.5,1,10438,34.9,207.8,3449,588,218,472891,-1484,Low,No
2025-06-22,GrowOut-C,Farming,Pangasius,Monsoon,31.0,Cloudy,8.3,7.0,0.05,7.7,0,10438,36.5,199.2,3829,722,221,459514,-3968,Low,No
2025-06-23,GrowOut-C,Farming,Pangasius,Monsoon,31.3,Hot,3.3,7.2,0.07,8.4,3,10435,31.2,162.9,3434,833,211,358774,-2090,Low,No
2025-06-24,GrowOut-C,Farming,Pangasius,Monsoon,30.1,Rainy,6.4,7.9,0.06,8.2,1,10434,35.0,211.9,3725,793,199,440024,-3677,Low,No
2025-06-25,GrowOut-C,Farming,Pangasius,Monsoon,31.9,Sunny,3.9,7.0,0.05,7.8,1,10433,29.9,206.8,3122,839,214,461759,-4520,Low,No
2025-06-26,GrowOut-C,Farming,Pangasius,Monsoon,30.2,Rainy,6.3,7.2,0.05,7.9,0,10433,34.3,205.9,3265,480,209,448964,-3097,Low,No
2025-06-27,GrowOut-C,Farming,Pangasius,Monsoon,30.1,Rainy,10.0,7.1,0.06,8.4,2,10431,35.6,216.6,4008,632,217,490374,-2386,Low,No
2025-06-28,GrowOut-C,Farming,Pangasius,Monsoon,33.6,Sunny,3.2,7.4,0.02,8.2,1,10430,29.2,166.9,2864,465,208,362114,-1607,Low,No
2025-06-29,GrowOut-C,Farming,Pangasius,Monsoon,30.6,Sunny,1.5,7.5,0.05,8.5,0,10430,31.5,181.5,3445,571,219,414577,-2825,Low,No
2025-06-30,GrowOut-C,Farming,Pangasius,Monsoon,29.9,Rainy,16.9,7.3,0.05,8.1,0,10430,40.0,244.6,3919,559,207,528094,-2489,Low,No
2025-07-01,GrowOut-C,Farming,Pangasius,Monsoon,32.6,Cloudy,12.9,7.4,0.06,7.7,3,10427,36.8,193.4,3725,480,217,437724,-1529,Low,No
2025-07-02,GrowOut-C,Farming,Pangasius,Monsoon,29.8,Partly Cloudy,0.6,7.5,0.09,7.8,0,10427,30.5,209.2,2905,455,214,466804,-1455,Low,No
2025-07-03,GrowOut-C,Farming,Pangasius,Monsoon,30.5,Rainy,8.0,7.5,0.04,8.3,1,10426,38.8,265.8,3855,598,219,606958,-401,Low,No
2025-07-04,GrowOut-C,Farming,Pangasius,Monsoon,31.2,Hot,2.6,7.5,0.05,7.9,1,10425,33.5,229.5,3288,692,217,519230,-877,Low,No
2025-07-05,GrowOut-C,Farming,Pangasius,Monsoon,32.8,Cloudy,19.1,7.8,0.06,7.9,0,10425,36.8,246.6,4167,667,210,539869,-1969,Low,No
2025-07-06,GrowOut-C,Farming,Pangasius,Monsoon,32.0,Sunny,4.4,7.6,0.08,7.8,3,10422,44.7,278.6,4779,805,207,601212,-3538,Low,No
2025-07-07,GrowOut-C,Farming,Pangasius,Monsoon,30.6,Rainy,11.0,7.5,0.07,8.3,1,10421,39.9,268.1,4412,631,208,581181,-4498,Low,No
2025-07-08,GrowOut-C,Farming,Pangasius,Monsoon,28.7,Rainy,19.0,7.7,0.06,8.8,0,10421,33.0,190.7,3514,766,217,431241,-4532,Low,No
2025-07-09,GrowOut-C,Farming,Pangasius,Monsoon,30.1,Hot,2.7,7.0,0.06,8.4,0,10421,48.2,288.8,5413,740,211,635022,-5379,Low,No
2025-07-10,GrowOut-C,Farming,Pangasius,Monsoon,31.8,Cloudy,7.3,6.9,0.07,8.0,1,10420,35.6,241.0,3613,567,200,502292,-4653,Low,No
2025-07-11,GrowOut-C,Farming,Pangasius,Monsoon,33.3,Cloudy,18.5,7.3,0.05,7.9,2,10418,36.0,227.8,3708,672,221,524582,-1543,Low,No
2025-07-12,GrowOut-C,Farming,Pangasius,Monsoon,31.7,Rainy,8.1,6.9,0.09,7.6,1,10417,48.0,286.1,4909,838,211,628904,-3773,Low,No
2025-07-13,GrowOut-C,Farming,Pangasius,Monsoon,32.5,Rainy,8.3,7.6,0.06,7.8,0,10417,38.1,263.4,4057,714,211,578950,-3380,Low,No
2025-07-14,GrowOut-C,Farming,Pangasius,Monsoon,33.7,Rainy,15.0,7.3,0.09,8.5,0,10417,48.7,305.9,5469,806,210,669178,-4887,Low,No
2025-07-15,GrowOut-C,Farming,Pangasius,Monsoon,32.5,Hot,3.3,7.7,0.08,8.1,5,10412,45.3,288.0,4717,562,218,654021,-1860,Low,No
2025-07-16,GrowOut-C,Farming,Pangasius,Monsoon,33.5,Rainy,5.1,7.7,0.11,7.3,1,10411,55.8,340.8,6344,555,216,766456,-5347,Low,No
2025-07-17,GrowOut-C,Farming,Pangasius,Monsoon,31.0,Rainy,13.5,7.3,0.06,8.9,2,10409,40.0,256.1,4138,496,216,575912,-3826,Low,No
2025-07-18,GrowOut-C,Farming,Pangasius,Monsoon,31.8,Hot,4.5,7.6,0.09,8.4,0,10409,49.1,337.2,5224,618,214,751122,-1716,Low,No
2025-07-19,GrowOut-C,Farming,Pangasius,Monsoon,31.3,Rainy,12.0,7.5,0.05,8.1,1,10408,40.6,253.1,3893,862,210,553249,-4624,Low,No
2025-07-20,GrowOut-C,Farming,Pangasius,Monsoon,33.8,Rainy,6.3,7.0,0.11,8.1,1,10407,53.6,342.1,5970,669,223,794009,-4104,Low,No
2025-07-21,GrowOut-C,Farming,Pangasius,Monsoon,30.8,Hot,3.9,7.3,0.07,7.9,0,10407,43.6,285.2,4189,714,208,617360,-4322,Low,No
2025-07-22,GrowOut-C,Farming,Pangasius,Monsoon,31.2,Rainy,14.2,6.6,0.06,8.6,0,10407,43.3,291.5,4674,759,204,618863,-1221,Low,No
2025-07-23,GrowOut-C,Farming,Pangasius,Monsoon,30.9,Hot,2.2,6.9,0.08,8.2,1,10406,48.6,312.1,5220,617,208,675589,-1695,Low,No
2025-07-24,GrowOut-C,Farming,Pangasius,Monsoon,32.4,Rainy,12.8,7.3,0.09,8.4,1,10405,47.2,300.7,5251,874,209,653979,-4094,Low,No
2025-07-25,GrowOut-C,Farming,Pangasius,Monsoon,33.0,Rainy,22.3,7.2,0.09,7.8,0,10405,56.0,387.1,6141,849,211,849861,-7138,Low,No
2025-07-26,GrowOut-C,Farming,Pangasius,Monsoon,32.8,Rainy,12.8,7.9,0.1,7.3,1,10404,56.1,372.4,6408,869,211,817587,-7265,Low,No
2025-07-27,GrowOut-C,Farming,Pangasius,Monsoon,31.8,Cloudy,10.7,7.4,0.05,8.6,1,10403,46.6,291.6,5227,591,206,624964,-1748,Low,No
2025-07-28,GrowOut-C,Farming,Pangasius,Monsoon,31.1,Cloudy,16.9,7.5,0.1,8.7,2,10401,55.7,352.8,6360,734,211,774408,-1338,Low,No
2025-07-29,GrowOut-C,Farming,Pangasius,Monsoon,32.6,Cloudy,7.2,7.1,0.06,7.6,0,10401,46.6,321.9,4828,785,203,679661,-1248,Low,No
2025-07-30,GrowOut-C,Farming,Pangasius,Monsoon,33.4,Rainy,6.2,7.8,0.08,7.6,3,10398,66.3,404.4,7170,851,206,866470,-5464,Low,No
2025-07-31,GrowOut-C,Farming,Pangasius,Monsoon,31.5,Hot,4.2,7.1,0.09,7.9,0,10398,52.9,315.4,5026,646,210,688701,-3750,Low,No
2025-08-01,GrowOut-C,Farming,Pangasius,Monsoon,32.1,Cloudy,6.3,7.4,0.08,7.3,0,10398,52.0,322.5,5525,623,197,660611,-4858,Low,No
2025-08-02,GrowOut-C,Farming,Pangasius,Monsoon,30.7,Hot,2.7,6.8,0.09,7.8,2,10396,57.1,389.9,5513,535,204,827053,-1630,Low,No
2025-08-03,GrowOut-C,Farming,Pangasius,Monsoon,32.5,Cloudy,8.8,7.5,0.08,7.9,0,10396,53.9,322.9,5166,794,212,711656,-4942,Low,No
2025-08-04,GrowOut-C,Farming,Pangasius,Monsoon,34.5,Sunny,3.6,7.2,0.09,7.0,1,10395,74.9,464.7,7741,493,205,990359,-2415,Medium,No
2025-08-05,GrowOut-C,Farming,Pangasius,Monsoon,32.1,Rainy,11.8,7.0,0.11,7.3,0,10395,67.4,409.9,7078,494,203,864965,-6261,Low,No
2025-08-06,GrowOut-C,Farming,Pangasius,Monsoon,33.7,Cloudy,9.0,7.1,0.15,8.0,1,10394,75.4,458.1,8153,624,204,971438,-4480,Medium,No
2025-08-07,GrowOut-C,Farming,Pangasius,Monsoon,32.3,Rainy,12.1,7.7,0.1,8.0,2,10392,66.0,398.5,7204,780,218,902958,-4037,Low,No
2025-08-08,GrowOut-C,Farming,Pangasius,Monsoon,30.1,Hot,3.3,7.3,0.14,8.0,2,10390,76.2,460.8,7309,608,200,957727,-2765,Medium,No
2025-08-09,GrowOut-C,Farming,Pangasius,Monsoon,32.0,Cloudy,14.6,7.7,0.08,7.3,1,10389,60.9,397.7,6464,791,204,842949,-4177,Low,No
2025-08-10,GrowOut-C,Farming,Pangasius,Monsoon,32.2,Sunny,1.6,7.5,0.11,7.9,1,10388,59.3,357.7,6481,520,209,776674,-2489,Low,No
2025-08-11,GrowOut-C,Farming,Pangasius,Monsoon,31.3,Sunny,3.9,7.5,0.13,8.5,0,10388,73.5,461.9,7409,519,201,964442,-4268,Medium,No
2025-08-12,GrowOut-C,Farming,Pangasius,Monsoon,30.8,Cloudy,9.9,7.6,0.28,5.5,9,10379,72.8,446.6,7953,463,208,964970,-6698,Medium,No
2025-08-13,GrowOut-C,Farming,Pangasius,Monsoon,32.0,Cloudy,14.7,7.3,0.11,8.0,1,10378,71.9,458.5,7579,719,200,951754,-1603,Medium,No
2025-08-14,GrowOut-C,Farming,Pangasius,Monsoon,29.7,Cloudy,19.7,7.2,0.08,8.9,1,10377,60.3,401.8,6907,723,201,838146,-4786,Low,No
2025-08-15,GrowOut-C,Farming,Pangasius,Monsoon,33.2,Rainy,22.9,7.6,0.11,7.6,1,10376,62.3,429.4,6622,875,198,882265,-3949,Low,No
2025-08-16,GrowOut-C,Farming,Pangasius,Monsoon,31.6,Cloudy,13.6,7.6,0.14,9.0,1,10375,70.0,467.5,7436,793,199,965305,-7695,Medium,No
2025-08-17,GrowOut-C,Farming,Pangasius,Monsoon,30.5,Cloudy,15.6,7.3,0.11,8.2,2,10373,65.0,440.2,6631,723,208,949952,-1518,Medium,No
2025-08-18,GrowOut-C,Farming,Pangasius,Monsoon,31.9,Rainy,14.0,7.3,0.14,8.0,0,10373,94.1,587.7,10352,677,200,1219242,-5607,Medium,No
2025-08-19,GrowOut-C,Farming,Pangasius,Monsoon,29.2,Cloudy,9.0,7.5,0.11,8.3,1,10372,69.2,424.1,6597,465,197,866640,-3542,Low,No
2025-08-20,GrowOut-C,Farming,Pangasius,Monsoon,30.4,Cloudy,11.9,8.0,0.12,8.1,0,10372,77.5,488.9,7694,797,204,1034458,-4924,Medium,No
2025-08-21,GrowOut-C,Farming,Pangasius,Monsoon,30.4,Rainy,11.0,7.4,0.12,7.5,0,10372,59.8,393.1,6134,759,205,835833,-6116,Low,No
2025-08-22,GrowOut-C,Farming,Pangasius,Monsoon,30.3,Sunny,0.9,7.3,0.13,8.2,0,10372,88.1,564.9,8868,666,192,1124955,-8667,Medium,No
2025-08-23,GrowOut-C,Farming,Pangasius,Monsoon,30.3,Sunny,3.8,7.8,0.1,7.9,0,10372,74.5,447.8,7284,619,196,910338,-6181,Medium,No
2025-08-24,GrowOut-C,Farming,Pangasius,Monsoon,30.9,Cloudy,9.1,7.6,0.09,8.6,0,10372,70.4,441.9,7170,715,201,921261,-3924,Medium,No
2025-08-25,GrowOut-C,Farming,Pangasius,Monsoon,28.8,Rainy,7.9,7.5,0.12,8.7,0,10372,87.6,551.3,9287,544,206,1177925,-5630,Medium,No
2025-08-26,GrowOut-C,Farming,Pangasius,Monsoon,32.0,Cloudy,8.1,7.3,0.13,8.0,2,10370,72.1,497.7,7044,620,202,1042753,-5656,Medium,No
2025-08-27,GrowOut-C,Farming,Pangasius,Monsoon,30.8,Rainy,23.0,7.5,0.16,7.7,1,10369,96.3,607.9,9628,549,199,1254481,-9288,Medium,No
2025-08-28,GrowOut-C,Farming,Pangasius,Monsoon,29.2,Rainy,9.8,7.4,0.12,9.1,1,10368,89.0,532.7,9012,727,197,1088143,-2348,Medium,No
2025-08-29,GrowOut-C,Farming,Pangasius,Monsoon,28.4,Rainy,13.0,7.5,0.09,9.0,1,10367,82.9,521.9,8336,647,204,1103856,-4284,Medium,No
2025-08-30,GrowOut-C,Farming,Pangasius,Monsoon,30.7,Cloudy,23.4,7.6,0.12,7.8,2,10365,83.8,534.9,9226,519,196,1086880,-5714,Medium,No
2025-08-31,GrowOut-C,Farming,Pangasius,Monsoon,31.1,Rainy,7.0,6.9,0.15,7.9,0,10365,82.0,556.4,9099,521,199,1147650,-7770,Medium,No
2025-09-01,GrowOut-C,Farming,Pangasius,Monsoon,29.9,Cloudy,20.7,8.2,0.14,8.2,0,10365,96.0,614.7,9439,562,205,1306130,-6975,Medium,No
2025-09-02,GrowOut-C,Farming,Pangasius,Monsoon,29.7,Cloudy,5.4,7.7,0.13,8.7,0,10365,71.0,470.3,7410,834,197,960308,-2073,Medium,No
2025-09-03,GrowOut-C,Farming,Pangasius,Monsoon,30.5,Rainy,8.0,7.2,0.16,8.8,0,10365,83.3,557.5,8778,781,199,1149919,-7342,Medium,No
2025-09-04,GrowOut-C,Farming,Pangasius,Monsoon,29.2,Rainy,5.4,7.1,0.13,9.0,1,10364,93.1,644.6,10536,602,203,1356300,-6582,Medium,No
2025-09-05,GrowOut-C,Farming,Pangasius,Monsoon,30.8,Rainy,6.1,7.4,0.15,7.4,1,10363,106.1,668.0,11883,548,210,1453862,-6343,Medium,No
2025-09-06,GrowOut-C,Farming,Pangasius,Monsoon,29.4,Cloudy,23.8,7.1,0.15,8.7,1,10362,103.7,651.1,11125,713,197,1329228,-3658,Medium,No
2025-09-07,GrowOut-C,Farming,Pangasius,Monsoon,26.6,Cloudy,15.1,7.6,0.09,9.6,0,10362,69.7,470.6,7166,595,205,999653,-1855,Medium,No
2025-09-08,GrowOut-C,Farming,Pangasius,Monsoon,29.8,Cloudy,9.7,7.7,0.13,9.7,2,10360,87.0,584.0,8517,810,196,1186076,-2843,Medium,No
2025-09-09,GrowOut-C,Farming,Pangasius,Monsoon,29.0,Rainy,21.4,7.3,0.14,9.2,0,10360,85.4,564.2,8784,776,202,1180713,-1653,Medium,No
2025-09-10,GrowOut-C,Farming,Pangasius,Monsoon,30.6,Rainy,10.7,7.7,0.14,8.4,1,10359,93.2,636.0,8931,874,198,1304614,-1927,Medium,No
2025-09-11,GrowOut-C,Farming,Pangasius,Monsoon,31.9,Rainy,11.0,7.4,0.12,7.8,1,10358,101.7,772.9,9972,756,193,1545249,-3678,Medium,No
2025-09-12,GrowOut-C,Farming,Pangasius,Monsoon,28.9,Sunny,2.3,7.4,0.16,8.6,0,10358,90.2,726.6,9659,562,195,1467594,-5341,Medium,No
2025-09-13,GrowOut-C,Farming,Pangasius,Monsoon,29.9,Partly Cloudy,4.5,7.4,0.13,8.2,3,10355,81.0,566.6,9203,805,202,1185506,-5756,Medium,No
2025-09-14,GrowOut-C,Farming,Pangasius,Monsoon,29.2,Rainy,7.5,7.7,0.17,8.9,0,10355,90.5,754.3,10053,727,203,1585588,-6646,Medium,No
2025-09-15,GrowOut-C,Farming,Pangasius,Monsoon,26.0,Partly Cloudy,2.2,7.3,0.14,8.8,0,10355,90.1,707.9,8817,587,199,1458731,-4464,Medium,No
2025-09-16,GrowOut-C,Farming,Pangasius,Monsoon,29.2,Rainy,18.4,7.7,0.13,8.4,1,10354,91.8,625.1,9126,485,200,1294582,-6817,Medium,No
2025-09-17,GrowOut-C,Farming,Pangasius,Monsoon,26.1,Rainy,7.8,7.2,0.15,9.2,0,10354,97.8,618.6,10969,835,203,1300212,-10409,Medium,No
2025-09-18,GrowOut-C,Farming,Pangasius,Monsoon,30.1,Sunny,4.9,7.0,0.18,8.2,2,10352,110.3,837.4,10668,767,207,1794781,-6044,Medium,No
2025-09-19,GrowOut-C,Farming,Pangasius,Monsoon,27.7,Rainy,12.0,7.5,0.14,9.4,1,10351,93.8,648.5,8915,590,202,1356081,-3620,Medium,No
2025-09-20,GrowOut-C,Farming,Pangasius,Monsoon,27.6,Cloudy,8.6,7.6,0.12,9.4,0,10351,83.7,540.1,9278,813,192,1073390,-7238,Medium,No
2025-09-21,GrowOut-C,Farming,Pangasius,Monsoon,26.1,Rainy,11.2,7.4,0.14,8.7,1,10350,96.6,580.1,10063,546,197,1182909,-8009,Medium,No
2025-09-22,GrowOut-C,Farming,Pangasius,Monsoon,27.3,Partly Cloudy,1.8,7.5,0.16,8.9,1,10349,91.6,744.3,10370,572,199,1532997,-8751,Medium,No
2025-09-23,GrowOut-C,Farming,Pangasius,Monsoon,29.6,Rainy,10.2,7.7,0.15,8.3,1,10348,84.6,729.3,8836,571,201,1517053,-3313,Medium,No
2025-09-24,GrowOut-C,Farming,Pangasius,Monsoon,28.4,Cloudy,18.4,7.7,0.13,9.1,1,10347,98.5,597.2,11314,652,207,1279224,-5615,Medium,No
2025-09-25,GrowOut-C,Farming,Pangasius,Monsoon,26.1,Cloudy,10.4,7.6,0.1,9.3,3,10344,83.6,538.0,8355,498,195,1085504,-5214,Medium,No
2025-09-26,GrowOut-C,Farming,Pangasius,Monsoon,27.7,Cloudy,7.8,7.2,0.12,8.7,1,10343,92.7,607.1,9556,585,199,1249689,-1804,Medium,No
2025-09-27,GrowOut-C,Farming,Pangasius,Monsoon,25.7,Rainy,9.1,7.3,0.13,8.2,0,10343,89.8,585.8,9984,608,196,1187550,-10023,Medium,No
2025-09-28,GrowOut-C,Farming,Pangasius,Monsoon,26.3,Cloudy,3.9,7.7,0.15,8.7,1,10342,91.0,704.0,10329,628,191,1390761,-3182,Medium,No
2025-09-29,GrowOut-C,Farming,Pangasius,Monsoon,27.4,Rainy,7.6,7.8,0.16,7.9,0,10342,98.8,613.7,10577,740,208,1320152,-6738,Medium,No
2025-09-30,GrowOut-C,Farming,Pangasius,Monsoon,27.7,Rainy,6.8,7.5,0.17,9.3,1,10341,100.1,656.2,9584,869,191,1296206,-8820,Medium,No
2025-10-01,GrowOut-C,Farming,Pangasius,Autumn,26.7,Cloudy,14.6,7.6,0.16,9.2,0,10341,107.7,658.8,11231,585,186,1267153,-7965,Medium,No
2025-10-02,GrowOut-C,Farming,Pangasius,Autumn,26.6,Cloudy,2.5,7.1,0.18,8.5,0,10341,91.0,769.8,9721,679,201,1600061,-8752,Medium,No
2025-10-03,GrowOut-C,Farming,Pangasius,Autumn,25.4,Rainy,19.9,7.5,0.15,8.8,1,10340,93.7,792.1,10416,461,187,1531737,280,Medium,No
2025-10-04,GrowOut-C,Farming,Pangasius,Autumn,25.4,Cloudy,7.0,7.1,0.31,7.0,15,10325,104.4,789.6,11914,838,193,1575742,-6746,Medium,No
2025-10-05,GrowOut-C,Farming,Pangasius,Autumn,23.5,Cloudy,13.3,7.5,0.16,10.0,0,10325,104.0,655.2,11577,870,206,1393578,-6559,Medium,No
2025-10-06,GrowOut-C,Farming,Pangasius,Autumn,25.5,Rainy,10.8,7.4,0.17,9.5,2,10323,103.0,844.0,10005,767,195,1699288,193,Medium,No
2025-10-07,GrowOut-C,Farming,Pangasius,Autumn,24.6,Rainy,8.9,7.4,0.17,9.3,0,10323,100.7,645.4,11423,571,205,1365805,-10305,Medium,No
2025-10-08,GrowOut-C,Farming,Pangasius,Autumn,24.0,Cloudy,12.0,7.4,0.14,10.2,1,10322,92.4,647.5,9605,552,190,1269987,-3408,Medium,No
2025-10-09,GrowOut-C,Farming,Pangasius,Autumn,24.8,Cloudy,5.2,7.1,0.16,9.5,0,10322,90.2,774.1,10346,867,191,1526140,-227,Medium,No
2025-10-10,GrowOut-C,Farming,Pangasius,Autumn,25.1,Rainy,12.6,7.2,0.16,8.4,0,10322,97.5,759.6,10776,462,191,1497553,-2537,Medium,No
2025-10-11,GrowOut-C,Farming,Pangasius,Autumn,24.6,Cloudy,9.3,7.3,0.2,6.2,9,10313,103.6,655.8,11121,809,195,1319988,-9743,Medium,No
2025-10-12,GrowOut-C,Farming,Pangasius,Autumn,23.9,Cloudy,9.0,7.6,0.19,9.3,0,10313,107.8,814.3,11073,500,203,1704769,-3505,Medium,No
2025-10-13,GrowOut-C,Farming,Pangasius,Autumn,25.0,Cloudy,2.1,7.3,0.16,10.0,0,10313,96.6,846.8,11098,547,203,1772809,131,Medium,No
2025-10-14,GrowOut-C,Farming,Pangasius,Autumn,25.6,Cloudy,16.1,7.7,0.13,8.4,0,10313,101.0,845.6,10618,773,186,1622045,425,Medium,No
2025-10-15,GrowOut-C,Farming,Pangasius,Autumn,24.1,Rainy,17.1,7.4,0.19,8.7,1,10312,104.2,808.2,11613,831,191,1591979,-1878,Medium,No
2025-10-16,GrowOut-C,Farming,Pangasius,Autumn,24.2,Rainy,20.0,7.6,0.15,9.4,0,10312,97.4,832.1,10186,815,191,1638898,-4928,Medium,No
2025-10-17,GrowOut-C,Farming,Pangasius,Autumn,24.4,Rainy,6.8,7.5,0.17,9.4,0,10312,114.2,698.2,12963,559,193,1389569,-10970,Medium,No
2025-10-18,GrowOut-C,Farming,Pangasius,Autumn,24.4,Sunny,4.6,7.4,0.19,10.3,0,10312,115.9,881.5,12422,648,195,1772555,-6191,Medium,No
2025-10-19,GrowOut-C,Farming,Pangasius,Autumn,21.4,Cloudy,16.7,7.1,0.14,10.1,1,10311,97.5,655.9,10194,553,195,1318910,-5685,Medium,No
2025-10-20,GrowOut-C,Farming,Pangasius,Autumn,24.4,Sunny,4.8,7.4,0.14,9.6,0,10311,95.7,653.5,9835,603,188,1266789,-3588,Medium,No
2025-10-21,GrowOut-C,Farming,Pangasius,Autumn,25.5,Rainy,8.7,7.3,0.2,9.4,1,10310,110.4,956.7,11069,586,187,1844668,360,High,No
2025-10-22,GrowOut-C,Farming,Pangasius,Autumn,23.4,Cloudy,1.4,7.4,0.17,9.5,2,10308,106.2,809.0,10305,583,192,1601432,-3442,Medium,No
2025-10-23,GrowOut-C,Farming,Pangasius,Autumn,23.6,Cloudy,13.3,7.8,0.31,6.0,9,10299,95.1,725.9,9486,748,196,1466585,-2312,Medium,No
2025-10-24,GrowOut-C,Farming,Pangasius,Autumn,23.0,Rainy,8.6,7.6,0.14,9.8,1,10298,105.7,817.0,10882,786,198,1666028,-9430,Medium,No
2025-10-25,GrowOut-C,Farming,Pangasius,Autumn,24.0,Cloudy,14.7,7.4,0.17,9.5,0,10298,111.5,689.1,12039,598,191,1355403,-3352,Medium,No
2025-10-26,GrowOut-C,Farming,Pangasius,Autumn,23.2,Partly Cloudy,3.2,7.2,0.42,6.8,17,10281,113.6,910.6,12601,500,194,1819208,-2722,Medium,No
2025-10-27,GrowOut-C,Farming,Pangasius,Autumn,24.5,Sunny,2.4,7.0,0.19,10.3,2,10279,113.4,906.3,11715,831,193,1798310,-8994,Medium,No
2025-10-28,GrowOut-C,Farming,Pangasius,Autumn,24.9,Partly Cloudy,0.5,7.1,0.17,9.7,0,10279,118.2,928.6,12995,732,204,1947196,-10164,High,No
2025-10-29,GrowOut-C,Farming,Pangasius,Autumn,23.6,Rainy,11.7,7.2,0.34,6.5,10,10269,114.6,911.9,11208,794,196,1837190,71,Medium,No
2025-10-30,GrowOut-C,Farming,Pangasius,Autumn,21.3,Cloudy,15.6,7.5,0.16,11.2,1,10268,103.6,824.0,11425,759,199,1683870,-847,Medium,No
2025-10-31,GrowOut-C,Farming,Pangasius,Autumn,23.7,Cloudy,3.5,7.1,0.2,9.6,1,10267,110.1,937.5,10893,869,189,1819361,-9436,High,No
2025-11-01,GrowOut-C,Farming,Pangasius,Autumn,22.9,Cloudy,2.5,7.3,0.15,9.8,1,10266,85.8,720.5,9311,875,195,1442488,159,Medium,No
2025-11-02,GrowOut-C,Farming,Pangasius,Autumn,22.3,Rainy,8.9,7.8,0.16,9.8,0,10266,93.7,818.0,10590,613,201,1687915,-1477,Medium,No
2025-11-03,GrowOut-C,Farming,Pangasius,Autumn,22.3,Sunny,1.1,7.0,0.17,9.4,1,10265,105.7,816.3,10193,896,186,1558705,-8804,Medium,No
2025-11-04,GrowOut-C,Farming,Pangasius,Autumn,21.5,Rainy,6.7,7.8,0.16,9.4,1,10264,101.0,623.6,9760,777,184,1177831,-3189,Medium,No
2025-11-05,GrowOut-C,Farming,Pangasius,Autumn,21.4,Rainy,5.6,6.9,0.16,10.0,0,10264,92.5,757.7,9952,889,190,1477636,-1222,Medium,No
2025-11-06,GrowOut-C,Farming,Pangasius,Autumn,21.0,Sunny,4.4,7.8,0.14,9.9,0,10264,95.4,657.6,9285,733,192,1295924,-7378,Medium,No
2025-11-07,GrowOut-C,Farming,Pangasius,Autumn,21.3,Rainy,8.1,7.1,0.15,9.7,2,10262,85.7,714.7,9155,636,201,1474472,-4504,Medium,No
2025-11-08,GrowOut-C,Farming,Pangasius,Autumn,23.2,Sunny,3.4,7.2,0.18,9.2,2,10260,125.4,945.7,13873,750,199,1931250,-5895,High,No
2025-11-09,GrowOut-C,Farming,Pangasius,Autumn,20.1,Sunny,1.1,7.2,0.17,10.3,1,10259,100.3,787.8,9809,855,194,1568069,272,Medium,No
2025-11-10,GrowOut-C,Farming,Pangasius,Autumn,21.8,Cloudy,4.0,7.4,0.18,9.6,0,10259,113.3,875.3,12829,529,197,1769001,-5237,Medium,No
2025-11-11,GrowOut-C,Farming,Pangasius,Autumn,22.0,Partly Cloudy,0.6,7.2,0.18,9.5,0,10259,101.4,828.0,10900,594,195,1656418,-9000,Medium,No
2025-11-12,GrowOut-C,Farming,Pangasius,Autumn,21.9,Sunny,3.8,8.1,0.15,9.9,0,10259,87.1,754.1,8997,566,199,1539526,-1162,Medium,No
2025-11-13,GrowOut-C,Farming,Pangasius,Autumn,21.4,Partly Cloudy,1.9,7.6,0.16,9.8,0,10259,108.7,880.0,12330,733,193,1742389,-3726,Medium,No
2025-11-14,GrowOut-C,Farming,Pangasius,Autumn,21.5,Cloudy,1.8,7.9,0.14,10.1,1,10258,88.8,777.9,10162,502,188,1500330,-1455,Medium,No
2025-11-15,GrowOut-C,Farming,Pangasius,Autumn,18.7,Sunny,1.9,7.2,0.1,9.7,0,10258,72.4,614.6,6913,768,192,1210477,-3980,Medium,No
2025-11-16,GrowOut-C,Farming,Pangasius,Autumn,22.0,Partly Cloudy,3.5,7.5,0.15,9.2,0,10258,110.0,832.9,11148,606,191,1631883,-3475,Medium,No
2025-11-17,GrowOut-C,Farming,Pangasius,Autumn,19.0,Cloudy,2.0,7.3,0.12,10.5,1,10257,74.4,599.1,7646,850,188,1155367,-4445,Medium,No
2025-11-18,GrowOut-C,Farming,Pangasius,Autumn,20.3,Partly Cloudy,4.0,7.5,0.16,10.2,0,10257,113.8,907.7,12910,710,192,1787574,-10835,Medium,No
2025-11-19,GrowOut-C,Farming,Pangasius,Autumn,19.6,Cloudy,1.4,7.4,0.13,10.8,3,10254,72.3,824.8,8248,661,210,1776594,-2322,Medium,No
2025-11-20,GrowOut-C,Farming,Pangasius,Autumn,19.8,Cloudy,1.2,6.8,0.17,10.1,0,10254,84.5,890.8,8066,516,193,1762913,-1072,Medium,No
2025-11-21,GrowOut-C,Farming,Pangasius,Autumn,19.8,Sunny,1.5,7.8,0.29,7.5,9,10245,74.7,763.8,8022,705,191,1495913,-3027,Medium,No
2025-11-22,GrowOut-C,Farming,Pangasius,Autumn,18.8,Sunny,0.9,7.2,0.16,10.7,1,10244,69.3,788.3,7688,538,204,1647531,-3488,Medium,No
2025-11-23,GrowOut-C,Farming,Pangasius,Autumn,19.9,Partly Cloudy,2.4,7.6,0.18,9.4,1,10243,80.2,880.2,8174,704,190,1713186,1764,Medium,No
2025-11-24,GrowOut-C,Farming,Pangasius,Autumn,18.0,Partly Cloudy,1.1,7.5,0.15,10.9,0,10243,73.6,815.8,7118,479,193,1612754,-4430,Medium,No
2025-11-25,GrowOut-C,Farming,Pangasius,Autumn,19.4,Partly Cloudy,1.3,7.7,0.16,10.3,0,10243,81.9,886.6,8138,687,192,1743637,4301,Medium,No
2025-11-26,GrowOut-C,Farming,Pangasius,Autumn,18.6,Partly Cloudy,0.4,7.7,0.15,9.9,1,10242,85.0,875.3,8808,497,195,1748311,3473,Medium,No
2025-11-27,GrowOut-C,Farming,Pangasius,Autumn,20.4,Partly Cloudy,0.6,7.5,0.18,10.3,1,10241,103.6,876.7,10273,808,186,1670124,-9665,Medium,No
2025-11-28,GrowOut-C,Farming,Pangasius,Autumn,18.3,Partly Cloudy,0.1,7.3,0.14,10.5,1,10240,78.3,880.0,8923,765,198,1784392,3347,Medium,No
2025-11-29,GrowOut-C,Farming,Pangasius,Autumn,19.3,Cloudy,0.0,6.9,0.13,10.2,0,10240,84.5,698.7,8263,660,201,1438092,483,Medium,No
2025-11-30,GrowOut-C,Farming,Pangasius,Autumn,20.2,Sunny,0.0,7.2,0.2,10.0,1,10239,115.3,903.0,12041,772,186,1719890,-9389,Medium,No
2025-12-01,GrowOut-C,Farming,Pangasius,Winter,19.6,Sunny,0.0,7.4,0.13,10.7,1,10238,71.2,831.2,7372,609,188,1600003,-4267,Medium,No
2025-12-02,GrowOut-C,Farming,Pangasius,Winter,17.9,Cloudy,0.0,7.7,0.2,8.9,14,10224,72.2,671.1,7508,460,195,1339791,-5839,Medium,No
2025-12-03,GrowOut-C,Farming,Pangasius,Winter,18.4,Partly Cloudy,0.0,7.0,0.14,10.8,0,10224,81.4,689.2,8444,772,187,1317673,-2945,Medium,No
2025-12-04,GrowOut-C,Farming,Pangasius,Winter,19.4,Partly Cloudy,0.0,7.9,0.17,10.1,0,10224,80.8,869.9,8315,480,196,1743196,1034,Medium,No
2025-12-05,GrowOut-C,Farming,Pangasius,Winter,18.8,Partly Cloudy,0.0,7.4,0.13,9.9,0,10224,64.2,741.5,7010,458,194,1470733,2542,Medium,No
2025-12-06,GrowOut-C,Farming,Pangasius,Winter,17.7,Cold,0.0,7.2,0.16,11.1,0,10224,75.7,777.7,8234,796,191,1518680,-7068,Medium,No
2025-12-07,GrowOut-C,Farming,Pangasius,Winter,19.6,Partly Cloudy,0.0,7.6,0.18,9.8,1,10223,79.7,932.6,7647,544,189,1802097,5966,High,No
2025-12-08,GrowOut-C,Farming,Pangasius,Winter,19.3,Sunny,0.0,7.6,0.12,10.5,1,10222,74.2,683.0,7277,744,192,1340603,-7090,Medium,No
2025-12-09,GrowOut-C,Farming,Pangasius,Winter,16.0,Cold,0.0,7.3,0.15,11.6,0,10222,70.9,837.8,7979,738,195,1669978,4191,Medium,No
2025-12-10,GrowOut-C,Farming,Pangasius,Winter,16.3,Cloudy,0.0,7.3,0.17,11.2,0,10222,81.6,894.9,9352,795,200,1829534,2217,Medium,No
2025-12-11,GrowOut-C,Farming,Pangasius,Winter,17.4,Sunny,0.0,7.3,0.12,11.6,1,10221,78.7,643.4,8848,769,199,1308790,-7598,Medium,No
2025-12-12,GrowOut-C,Farming,Pangasius,Winter,18.5,Partly Cloudy,0.0,7.7,0.14,11.5,3,10218,80.3,838.6,8385,754,196,1679981,-4743,Medium,No
2025-12-13,GrowOut-C,Farming,Pangasius,Winter,18.1,Sunny,0.0,7.5,0.12,10.7,1,10217,68.6,737.7,6864,874,190,1432186,-5905,Medium,No
2025-12-14,GrowOut-C,Farming,Pangasius,Winter,14.5,Cloudy,0.0,7.7,0.14,11.5,1,10216,63.1,724.5,6033,696,201,1487846,2477,Medium,No
2025-12-15,GrowOut-C,Farming,Pangasius,Winter,15.1,Cloudy,0.0,7.7,0.17,11.5,3,10213,77.7,834.6,8514,493,184,1568834,-4767,Medium,No
2025-12-16,GrowOut-C,Farming,Pangasius,Winter,16.7,Sunny,0.0,7.0,0.16,10.3,0,10213,86.3,946.3,8492,452,197,1903919,-3431,High,No
2025-12-17,GrowOut-C,Farming,Pangasius,Winter,17.2,Cold,0.0,7.4,0.13,10.8,0,10213,72.5,770.8,6914,724,196,1542947,-2714,Medium,No
2025-12-18,GrowOut-C,Farming,Pangasius,Winter,16.4,Sunny,0.0,7.4,0.14,11.0,0,10213,90.8,957.2,9953,798,193,1886746,-4832,High,No
2025-12-19,GrowOut-C,Farming,Pangasius,Winter,16.6,Cold,0.0,7.5,0.16,10.6,0,10213,82.8,883.3,9022,763,199,1795207,-24,Medium,No
2025-12-20,GrowOut-C,Farming,Pangasius,Winter,18.7,Cloudy,0.0,7.4,0.16,10.6,1,10212,86.4,953.4,9655,537,194,1888992,-402,High,No
2025-12-21,GrowOut-C,Farming,Pangasius,Winter,16.6,Sunny,0.0,7.4,0.11,11.0,2,10210,64.4,754.5,6467,476,194,1494761,2538,Medium,No
2025-12-22,GrowOut-C,Farming,Pangasius,Winter,16.5,Cloudy,0.0,7.2,0.16,11.1,2,10208,72.8,824.2,8282,786,201,1691431,-5919,Medium,No
2025-12-23,GrowOut-C,Farming,Pangasius,Winter,17.7,Cloudy,0.0,7.2,0.14,11.0,1,10207,79.3,680.7,7717,598,191,1327180,241,Medium,No
2025-12-24,GrowOut-C,Farming,Pangasius,Winter,17.1,Cloudy,0.0,7.4,0.14,10.4,1,10206,71.8,842.1,7082,650,194,1667491,-375,Medium,No
2025-12-25,GrowOut-C,Farming,Pangasius,Winter,16.8,Cold,0.0,7.4,0.13,11.3,0,10206,68.0,791.7,7797,574,193,1559457,-7409,Medium,No
2025-12-26,GrowOut-C,Farming,Pangasius,Winter,15.9,Cold,0.0,7.6,0.13,10.5,0,10206,82.1,686.0,8389,856,198,1386261,-1232,Medium,No
2025-12-27,GrowOut-C,Farming,Pangasius,Winter,17.6,Cold,0.0,7.5,0.14,10.3,1,10205,77.4,889.0,7535,695,196,1778334,3229,Medium,No
2025-12-28,GrowOut-C,Farming,Pangasius,Winter,17.1,Cloudy,0.0,7.3,0.15,11.0,1,10204,78.3,925.7,8392,852,194,1832673,4293,Medium,No
2025-12-29,GrowOut-C,Farming,Pangasius,Winter,17.4,Cloudy,0.0,7.5,0.15,10.5,1,10203,83.6,981.3,9047,614,195,1952571,-6334,High,No
2025-12-30,GrowOut-C,Farming,Pangasius,Winter,19.1,Partly Cloudy,0.0,7.6,0.15,10.1,2,10201,91.3,928.7,9416,595,200,1895105,-869,Medium,No
